season,week,team,season_type,opponent_team,completions,attempts,passing_yards,passing_tds,passing_interceptions,sacks_suffered,sack_yards_lost,sack_fumbles,sack_fumbles_lost,passing_air_yards,passing_yards_after_catch,passing_first_downs,passing_epa,passing_cpoe,passing_2pt_conversions,carries,rushing_yards,rushing_tds,rushing_fumbles,rushing_fumbles_lost,rushing_first_downs,rushing_epa,rushing_2pt_conversions,receptions,targets,receiving_yards,receiving_tds,receiving_fumbles,receiving_fumbles_lost,receiving_air_yards,receiving_yards_after_catch,receiving_first_downs,receiving_epa,receiving_2pt_conversions,special_teams_tds,def_tackles_solo,def_tackles_with_assist,def_tackle_assists,def_tackles_for_loss,def_tackles_for_loss_yards,def_fumbles_forced,def_sacks,def_sack_yards,def_qb_hits,def_interceptions,def_interception_yards,def_pass_defended,def_tds,def_fumbles,def_safeties,misc_yards,fumble_recovery_own,fumble_recovery_yards_own,fumble_recovery_opp,fumble_recovery_yards_opp,fumble_recovery_tds,penalties,penalty_yards,timeouts,punt_returns,punt_return_yards,kickoff_returns,kickoff_return_yards,fg_made,fg_att,fg_missed,fg_blocked,fg_long,fg_pct,fg_made_0_19,fg_made_20_29,fg_made_30_39,fg_made_40_49,fg_made_50_59,fg_made_60_,fg_missed_0_19,fg_missed_20_29,fg_missed_30_39,fg_missed_40_49,fg_missed_50_59,fg_missed_60_,fg_made_list,fg_missed_list,fg_blocked_list,fg_made_distance,fg_missed_distance,fg_blocked_distance,pat_made,pat_att,pat_missed,pat_blocked,pat_pct,gwfg_made,gwfg_att,gwfg_missed,gwfg_blocked,gwfg_distance
2021,1,ARI,REG,TEN,21,32,289,4,1,2,-9,0,0,262,151,13,11.811978108226205,5.081949103623629,0,33,136,1,0,0,9,0.5897454318381019,0,21,32,289,4,0,0,262,151,13,14.806076268409262,0,0,41,4,12,7,37,2,6.0,56.0,10,1,0,8,0,0,0,0,1,1,2,2,0,8,59,6,2,24,1,22,1,2,1,0,34.0,0.5,0,0,1,0,0,0,0,0,0,1,0,0,34,43,,34,43,0,5,5,0,0,1.0,0,0,0,0,0
2021,1,ATL,REG,PHI,21,35,164,0,0,3,-28,0,0,179,67,8,-15.975289404987098,-9.304779587369977,0,26,124,0,1,0,8,-1.905627096653916,0,21,33,164,0,0,0,179,67,8,-3.665726048360784,0,0,42,0,36,5,14,0,1.0,3.0,2,0,0,3,0,0,0,0,1,2,0,0,0,12,99,2,2,11,2,29,2,2,0,0,27.0,1.0,0,2,0,0,0,0,0,0,0,0,0,0,21;27,,,48,0,0,0,0,0,0,,0,0,0,0,0
2021,1,BAL,REG,LV,19,30,235,1,0,3,-18,1,1,237,106,11,2.354600991991746,-4.228473429022165,0,34,189,2,2,1,10,-5.519841350104947,0,19,29,235,1,0,0,237,106,11,10.222725605704753,0,0,49,1,19,5,29,0,3.0,26.0,7,1,0,5,0,1,0,0,2,3,0,0,0,5,71,5,4,67,0,0,2,2,0,0,47.0,1.0,0,0,0,2,0,0,0,0,0,0,0,0,40;47,,,87,0,0,3,3,0,0,1.0,0,0,0,0,0
2021,1,BUF,REG,PIT,30,51,270,1,0,3,-16,1,1,487,87,15,-6.091796199729928,-3.3895724142591157,0,25,117,0,1,0,8,-1.6760541429102886,0,30,48,270,1,2,0,487,88,15,2.0641958144872623,0,0,32,5,7,4,18,1,2.0,11.0,6,0,0,6,0,0,0,0,1,1,0,0,0,8,81,5,1,1,4,143,3,3,0,0,42.0,1.0,0,1,1,1,0,0,0,0,0,0,0,0,37;25;42,,,104,0,0,1,1,0,0,1.0,0,0,0,0,0
2021,1,CAR,REG,NYJ,24,35,279,1,0,1,-9,0,0,273,147,14,2.872278243143305,10.441611752365574,0,27,111,1,1,1,5,-6.010203855956206,0,24,33,279,1,0,0,273,147,14,7.235780201168459,0,0,31,1,21,6,44,1,6.0,51.0,10,1,29,7,0,0,0,0,0,1,0,0,0,6,38,3,4,40,2,42,2,2,0,0,29.0,1.0,0,2,0,0,0,0,0,0,0,0,0,0,22;29,,,51,0,0,1,2,1,0,0.5,0,0,0,0,0
2021,1,CHI,REG,LA,29,40,216,0,1,3,-28,1,1,169,99,13,-10.521667287393939,-3.515295684337616,0,26,134,2,0,0,10,3.915695852250792,0,29,40,216,0,0,0,169,99,13,-2.170091614825651,0,0,24,1,23,0,0,0,1.0,9.0,4,0,0,1,0,0,0,0,0,0,0,0,0,3,35,3,1,3,4,106,0,0,0,0,,,0,0,0,0,0,0,0,0,0,0,0,0,,,,0,0,0,2,2,0,0,1.0,0,0,0,0,0
2021,1,CIN,REG,MIN,20,27,261,2,0,5,-44,0,0,220,124,12,4.165379034298378,11.101111769676208,0,36,149,1,0,0,7,-5.981537235114956,0,20,26,261,2,0,0,220,124,12,13.056446640478672,0,0,45,3,25,7,32,1,3.0,26.0,8,0,0,2,0,0,0,0,0,0,1,1,0,3,15,7,5,53,1,11,2,2,0,0,53.0,1.0,0,0,1,0,1,0,0,0,0,0,0,0,53;33,,,86,0,0,3,3,0,0,1.0,1,1,0,0,33
2021,1,CLE,REG,KC,21,28,321,0,1,2,-17,0,0,284,173,14,10.770012461114675,14.24678486806375,0,26,153,4,2,1,10,4.914688710516319,1,21,27,321,0,0,0,284,173,14,13.36327334784437,0,0,40,0,20,5,23,0,2.0,13.0,7,0,0,3,0,0,0,0,1,2,0,0,0,5,30,4,1,4,1,13,0,0,0,0,,,0,0,0,0,0,0,0,0,0,0,0,0,,,,0,0,0,3,3,0,0,1.0,0,0,0,0,0
2021,1,DAL,REG,TB,42,58,403,3,1,1,-12,0,0,382,198,21,14.206178918211203,6.468299554105391,0,18,60,0,0,0,4,-4.7335089024172134,0,42,57,403,3,0,0,382,198,21,15.906449129709921,0,0,32,0,30,0,0,2,0.0,0.0,2,2,66,6,0,0,0,0,1,1,2,2,0,8,55,2,2,14,0,0,3,5,2,0,48.0,0.6,0,1,1,1,0,0,0,0,1,0,0,1,35;21;48,31;60,,104,91,0,2,3,1,0,0.6666666666666666,0,0,0,0,0
2021,1,DEN,REG,NYG,28,36,264,2,0,2,-9,0,0,312,87,17,23.347826930988465,15.41972313608442,0,28,165,1,0,0,5,0.3164655564999128,0,28,35,264,2,1,1,312,87,17,21.680061324910145,0,0,39,0,10,5,22,1,2.0,13.0,3,0,0,5,0,0,0,0,0,0,1,1,0,5,51,1,2,24,0,0,2,2,0,0,36.0,1.0,0,1,1,0,0,0,0,0,0,0,0,0,23;36,,,59,0,0,3,3,0,0,1.0,0,0,0,0,0
2021,1,DET,REG,SF,38,57,338,3,1,3,-24,0,0,351,190,19,-6.848857373831633,-3.690992615052632,2,24,116,1,0,0,8,0.2686919724801555,0,38,56,338,3,0,0,351,190,19,-2.154393084888652,2,0,34,4,20,1,8,1,1.0,8.0,3,0,0,2,0,0,0,0,0,0,2,2,0,5,45,3,0,0,4,55,1,2,1,0,49.0,0.5,0,0,0,1,0,0,0,0,0,0,1,0,49,51,,49,51,0,2,2,0,0,1.0,0,0,0,0,0
2021,1,GB,REG,NO,20,35,201,0,2,2,-15,1,1,329,91,9,-17.85950272260158,-3.0294795379494177,0,15,43,0,0,0,2,-2.3888074638089165,0,20,33,201,0,0,0,329,91,9,-8.762104916333161,0,0,43,0,14,0,0,0,0.0,0.0,3,0,0,1,0,0,0,0,0,0,0,0,0,5,33,3,1,17,2,29,1,1,0,0,39.0,1.0,0,0,1,0,0,0,0,0,0,0,0,0,39,,,39,0,0,0,0,0,0,,0,0,0,0,0
2021,1,HOU,REG,JAX,21,33,291,2,0,1,-2,0,0,318,102,13,14.053602164235166,1.7178318463265896,0,41,160,2,1,0,7,-2.4597409970037742,0,21,32,291,2,0,0,318,102,13,15.621662533931634,0,0,28,6,24,2,16,1,1.0,13.0,4,3,40,6,0,0,0,0,0,0,0,0,0,5,50,3,3,17,2,47,3,3,0,0,40.0,1.0,0,2,0,1,0,0,0,0,0,0,0,0,40;26;25,,,91,0,0,4,4,0,0,1.0,0,0,0,0,0
2021,1,IND,REG,SEA,25,38,251,2,0,3,-28,0,0,208,148,14,0.3033420569808616,1.0806869609015328,0,30,113,0,1,1,9,-7.232013080778299,0,25,35,251,2,0,0,208,148,14,10.297659815285394,0,0,37,9,11,4,14,1,3.0,13.0,7,0,0,1,0,0,0,0,0,0,1,1,0,2,16,4,1,7,2,41,1,1,0,0,21.0,1.0,0,1,0,0,0,0,0,0,0,0,0,0,21,,,21,0,0,1,1,0,0,1.0,0,0,0,0,0
2021,1,JAX,REG,HOU,28,51,332,3,3,1,-13,0,0,416,141,14,-3.838039752250947,-11.99381411075592,0,16,76,0,0,0,6,0.9942300176480785,0,28,50,332,3,1,0,416,141,14,-1.152507085973807,0,0,42,5,37,2,6,0,1.0,2.0,6,0,0,2,0,0,0,0,0,0,0,0,0,10,82,6,2,1,0,0,0,1,1,0,,0.0,0,0,0,0,0,0,0,0,0,0,1,0,,55,,0,55,0,3,3,0,0,1.0,0,0,0,0,0
2021,1,KC,REG,CLE,27,36,337,3,0,2,-13,0,0,335,136,17,19.399531156391028,15.946578278261072,0,23,73,1,0,0,4,0.9441924845450558,0,27,34,337,3,0,0,335,136,17,22.719523161866825,0,0,37,1,17,4,26,1,2.0,17.0,5,1,0,2,0,0,0,0,0,0,1,1,0,5,36,3,1,7,2,44,2,2,0,0,43.0,1.0,0,1,0,1,0,0,0,0,0,0,0,0,28;43,,,71,0,0,3,3,0,0,1.0,0,0,0,0,0
2021,1,LA,REG,CHI,20,26,321,3,0,1,-9,0,0,228,140,13,18.848576589254023,8.26362818479538,0,23,74,1,0,0,4,-2.7689597136049997,0,20,26,321,3,0,0,228,140,13,20.487228124867485,0,0,40,11,31,4,28,1,3.0,28.0,3,1,0,7,0,0,0,0,0,0,1,1,0,4,36,2,0,0,0,0,2,2,0,0,53.0,1.0,0,1,0,0,1,0,0,0,0,0,0,0,53;22,,,75,0,0,4,4,0,0,1.0,0,0,0,0,0
2021,1,LAC,REG,WAS,31,47,337,1,1,2,-3,1,1,364,127,20,10.384261467303975,3.578228665434796,0,29,90,1,0,0,6,-6.473820379294921,0,31,46,337,1,1,0,364,127,20,18.006590898366074,0,0,34,4,20,2,5,3,1.0,2.0,7,0,0,1,0,0,0,0,0,0,1,1,0,6,94,2,1,3,2,35,2,2,0,0,33.0,1.0,0,1,1,0,0,0,0,0,0,0,0,0,33;27,,,60,0,0,2,2,0,0,1.0,0,0,0,0,0
2021,1,LV,REG,BAL,34,56,435,2,1,3,-26,0,0,550,169,17,9.61616741518598,-3.3904613783726325,0,21,82,2,1,0,8,-8.084730758942897,0,34,52,435,2,0,0,550,169,17,15.428237436106429,0,0,35,3,35,4,16,2,3.0,18.0,8,0,0,2,0,0,0,0,1,2,2,2,0,10,62,8,2,10,2,33,2,2,0,0,55.0,1.0,0,0,1,0,1,0,0,0,0,0,0,0,34;55,,,89,0,0,3,3,0,0,1.0,0,0,0,0,0
2021,1,MIA,REG,NE,16,27,202,1,1,2,-17,0,0,251,109,9,1.3420937838439366,-4.562319428832443,0,23,74,1,0,0,7,0.25676190544618294,0,16,27,202,1,0,0,251,109,9,4.175557846436277,0,0,42,17,27,2,5,3,0.0,0.0,9,0,0,5,0,0,0,0,0,0,2,2,0,5,28,1,1,18,0,0,1,1,0,0,48.0,1.0,0,0,0,1,0,0,0,0,0,0,0,0,48,,,48,0,0,2,2,0,0,1.0,0,0,0,0,0
2021,1,MIN,REG,CIN,37,50,362,2,0,3,-26,0,0,314,175,16,11.595438825098677,7.790857553482056,0,22,67,1,1,1,6,-7.616133847244782,0,37,47,362,2,0,0,314,175,16,17.339992325141793,0,0,49,1,29,7,47,0,5.0,44.0,7,0,0,2,0,0,0,0,0,0,0,0,0,12,116,6,1,12,1,21,1,1,0,0,53.0,1.0,0,0,0,0,1,0,0,0,0,0,0,0,53,,,53,0,0,3,3,0,0,1.0,0,0,0,0,0
2021,1,NE,REG,MIA,29,39,281,1,0,1,-13,1,0,239,119,14,12.53295182892285,7.5724271567244275,0,30,125,0,1,1,8,-4.9863849298562855,0,29,38,281,1,2,1,239,119,14,9.173047854522482,0,0,25,11,13,4,19,0,2.0,17.0,4,1,0,4,0,0,0,0,2,2,0,0,0,8,84,4,3,20,2,40,3,3,0,0,42.0,1.0,0,1,1,1,0,0,0,0,0,0,0,0,27;42;33,,,102,0,0,1,1,0,0,1.0,0,0,0,0,0
2021,1,NO,REG,GB,15,21,151,5,0,0,0,0,0,152,58,10,16.867315786565612,11.732475087046623,0,39,171,0,0,0,11,1.7654704141023103,0,15,20,151,5,0,0,152,58,10,17.43278154535308,0,0,33,1,13,2,12,1,2.0,15.0,7,2,86,4,0,0,0,0,0,0,1,1,0,6,36,2,1,13,0,0,1,1,0,0,44.0,1.0,0,0,0,1,0,0,0,0,0,0,0,0,44,,,44,0,0,5,5,0,0,1.0,0,0,0,0,0
2021,1,NYG,REG,DEN,22,37,267,1,0,2,-13,0,0,306,69,13,-1.682873543293681,-3.498949400252766,0,20,60,1,1,1,3,-0.2567873961525038,0,22,36,267,1,0,0,306,69,13,2.692302161187399,0,0,38,6,28,4,11,1,2.0,9.0,6,0,0,4,0,0,0,0,0,0,1,1,0,4,48,4,1,2,2,66,0,0,0,0,,,0,0,0,0,0,0,0,0,0,0,0,0,,,,0,0,0,1,1,0,0,1.0,0,0,0,0,0
2021,1,NYJ,REG,CAR,20,37,258,2,1,6,-51,1,0,360,102,10,-7.6982807563180105,-9.881454623407787,0,17,45,0,0,0,4,-3.7839654447888025,1,20,36,258,2,0,0,360,102,10,2.3147066492093726,0,0,34,0,36,4,22,0,1.0,9.0,8,0,0,1,0,0,0,0,1,1,1,1,0,5,30,4,1,15,0,0,0,0,0,0,,,0,0,0,0,0,0,0,0,0,0,0,0,,,,0,0,0,0,0,0,0,,0,0,0,0,0
2021,1,PHI,REG,ATL,27,35,264,3,0,1,-3,0,0,128,172,13,11.97530757493223,11.62283318117261,0,31,173,1,0,0,10,2.260048283418806,1,27,32,264,3,0,0,128,172,13,18.431823524209904,0,0,29,1,49,6,34,0,3.0,28.0,9,0,0,2,0,0,0,0,2,2,0,0,0,14,89,4,4,19,2,40,1,1,0,0,43.0,1.0,0,0,0,1,0,0,0,0,0,0,0,0,43,,,43,0,0,3,3,0,0,1.0,0,0,0,0,0
2021,1,PIT,REG,BUF,18,32,188,1,0,2,-11,1,0,196,85,9,-0.827915468918885,-10.494156181812286,0,21,75,0,0,0,4,-3.844441322318744,0,18,32,188,1,0,0,196,85,9,3.0422499522429156,0,1,43,10,28,5,23,4,3.0,16.0,8,0,0,6,0,0,0,9,1,1,1,1,0,5,32,2,1,5,0,0,3,3,0,0,45.0,1.0,0,2,0,1,0,0,0,0,0,0,0,0,24;20;45,,,89,0,0,2,2,0,0,1.0,0,0,0,0,0
2021,1,SEA,REG,IND,18,23,254,4,0,3,-13,0,0,231,112,12,12.114889423595741,19.510269732702348,0,27,140,0,1,1,6,-1.6345664036925882,0,18,21,254,4,0,0,231,112,12,17.4596213385812,0,0,35,15,29,4,31,0,3.0,28.0,10,0,0,3,0,0,0,0,0,0,1,1,0,7,53,2,2,15,1,22,0,0,0,0,,,0,0,0,0,0,0,0,0,0,0,0,0,,,,0,0,0,4,4,0,0,1.0,0,0,0,0,0
2021,1,SF,REG,DET,18,26,319,2,0,1,-8,0,0,165,190,13,21.476422848856917,7.501110304956851,0,28,131,2,1,1,7,-5.737077595375115,0,18,23,319,2,1,1,165,190,13,23.203742499068404,0,0,47,2,26,8,42,0,3.0,24.0,9,1,39,4,1,0,0,0,0,0,0,0,0,7,79,4,2,18,4,70,2,3,1,0,52.0,0.6666666666666666,0,0,0,1,1,0,0,0,0,0,1,0,40;52,52,,92,52,0,5,5,0,0,1.0,0,0,0,0,0
2021,1,TB,REG,DAL,32,50,379,4,2,0,0,0,0,446,176,22,14.006987331264142,3.231738739543491,0,14,52,0,1,1,1,-4.603938021347858,0,32,45,379,4,1,1,446,176,22,10.052692391094752,0,0,46,0,32,2,13,0,1.0,12.0,7,1,25,5,0,0,0,0,0,0,0,0,0,11,106,6,2,21,3,92,1,1,0,0,36.0,1.0,0,0,1,0,0,0,0,0,0,0,0,0,36,,,36,0,0,4,4,0,0,1.0,1,1,0,0,36
2021,1,TEN,REG,ARI,22,36,218,1,1,6,-56,2,2,274,81,12,-16.633516116453,-5.518666985962126,0,22,86,1,0,0,6,-4.2087072872091085,0,22,36,218,1,0,0,274,81,12,4.178084484265523,0,0,53,1,7,2,9,0,2.0,9.0,3,1,12,3,0,0,0,0,0,0,0,0,0,7,57,3,0,0,1,14,0,1,1,0,,0.0,0,0,0,0,0,0,0,0,0,1,0,0,,46,,0,46,0,1,2,1,0,0.5,0,0,0,0,0
2021,1,WAS,REG,LAC,14,21,135,1,0,1,-2,1,0,120,44,6,0.5525065666882272,7.211837917566299,0,27,126,0,2,1,6,-5.391469053386291,0,14,20,135,1,0,0,120,44,6,2.2836147014448773,0,0,44,4,26,4,12,1,2.0,3.0,5,1,0,4,0,0,0,0,1,1,0,0,0,8,57,6,2,22,3,65,3,4,1,0,48.0,0.75,0,0,1,2,0,0,0,0,0,0,1,0,30;43;48,51,,121,51,0,1,1,0,0,1.0,0,0,0,0,0
2021,2,ARI,REG,MIN,29,36,400,3,2,3,-29,0,0,296,191,17,4.577820325585415,14.5863859092488,0,21,103,1,0,0,5,2.4110772576823365,0,29,34,400,3,1,0,296,191,17,11.463179723325517,0,0,43,3,15,2,5,2,1.0,2.0,4,0,0,4,0,0,0,0,0,0,0,0,0,5,40,3,3,19,2,35,2,2,0,0,62.0,1.0,0,1,0,0,0,1,0,0,0,0,0,0,62;27,,,89,0,0,4,4,0,0,1.0,0,0,0,0,0
2021,2,ATL,REG,TB,35,48,300,2,3,1,-7,0,0,186,187,15,-9.130134304093644,4.211119388012176,0,20,55,1,1,0,3,-9.901439488064963,1,35,48,300,2,0,0,186,187,15,-7.413993247824237,0,0,29,1,29,2,15,2,3.0,17.0,6,0,0,4,0,0,0,0,1,2,1,1,0,6,49,2,2,11,5,86,1,1,0,0,36.0,1.0,0,0,1,0,0,0,0,0,0,0,0,0,36,,,36,0,0,2,2,0,0,1.0,0,0,0,0,0
2021,2,BAL,REG,KC,18,26,239,1,2,1,-9,0,0,247,119,11,-1.2187130479228838,4.488721251487732,0,41,251,3,1,0,18,13.172484696027823,0,18,25,239,1,0,0,247,119,11,0.9763046736392968,0,0,37,3,11,2,6,1,0.0,0.0,3,1,0,3,0,0,0,0,1,1,1,1,1,8,55,5,1,16,0,0,1,1,0,0,43.0,1.0,0,0,0,1,0,0,0,0,0,0,0,0,43,,,43,0,0,3,3,0,0,1.0,0,0,0,0,0
2021,2,BUF,REG,MIA,17,33,179,2,1,1,-8,0,0,314,76,9,3.830315318575751,-2.4845292855953347,0,30,143,3,0,0,11,10.73801777564222,0,17,29,179,2,2,1,314,76,9,3.2131917373626493,0,0,41,3,23,8,39,2,6.0,37.0,11,1,14,6,0,0,0,0,0,0,2,2,0,6,53,5,2,33,0,0,0,1,1,0,,0.0,0,0,0,0,0,0,0,0,0,0,1,0,,53,,0,53,0,5,5,0,0,1.0,0,0,0,0,0
2021,2,CAR,REG,NO,26,38,305,2,1,2,-11,0,0,268,157,18,10.916118615744791,2.8339953933443343,0,33,89,1,0,0,4,-6.1457645694144105,0,26,36,305,2,0,0,268,155,18,15.918849089783468,0,0,27,2,20,3,22,0,4.0,31.0,11,2,30,3,0,0,0,0,1,1,0,0,0,5,49,5,4,24,0,0,2,3,0,1,42.0,0.6666666666666666,0,1,0,1,0,0,0,0,0,0,0,0,20;42,,50,62,0,50,2,3,1,0,0.6666666666666666,0,0,0,0,0
2021,2,CHI,REG,CIN,15,24,116,1,1,3,-33,1,0,175,31,7,-7.057508785327429,1.75185721853505,0,34,123,0,0,0,6,-6.653188571042847,0,15,23,116,1,0,0,175,31,7,-1.5472994943764045,0,0,38,1,17,6,32,1,5.0,28.0,9,3,62,8,1,0,0,0,1,1,1,1,0,8,70,2,0,0,1,10,2,2,0,0,28.0,1.0,0,2,0,0,0,0,0,0,0,0,0,0,28;22,,,50,0,0,2,2,0,0,1.0,0,0,0,0,0
2021,2,CIN,REG,CHI,19,30,207,2,3,5,-28,0,0,227,80,10,-8.971513120357098,-0.09083398457231193,0,20,69,0,0,0,2,-3.8588265761500224,0,19,29,207,2,1,1,227,80,10,-10.943043556895258,0,0,35,3,27,3,14,1,3.0,33.0,6,1,18,4,0,0,0,0,0,0,0,0,0,4,57,4,1,15,3,54,1,1,0,0,53.0,1.0,0,0,0,0,1,0,0,0,0,0,0,0,53,,,53,0,0,2,2,0,0,1.0,0,0,0,0,0
2021,2,CLE,REG,HOU,19,21,213,1,1,2,-14,0,0,131,123,10,7.975212186516728,19.58218812942505,0,34,156,3,1,0,11,5.391962993198774,0,19,21,213,1,1,1,131,123,10,5.5418854600866325,0,0,34,3,31,6,17,1,1.0,7.0,3,1,0,3,0,1,0,0,1,1,1,1,0,5,62,4,3,22,2,41,1,1,0,0,30.0,1.0,0,0,1,0,0,0,0,0,0,0,0,0,30,,,30,0,0,4,4,0,0,1.0,0,0,0,0,0
2021,2,DAL,REG,LAC,23,27,237,0,1,2,-16,1,0,137,161,13,-1.6675555825016857,12.981340841010764,0,31,198,2,0,0,11,7.841782716555558,0,23,27,237,0,0,0,137,161,13,2.7309213998378254,0,0,44,2,12,6,31,0,2.0,25.0,9,2,0,4,0,0,0,0,1,1,0,0,0,8,76,5,0,0,3,71,2,2,0,0,56.0,1.0,0,0,1,0,1,0,0,0,0,0,0,0,34;56,,,90,0,0,2,2,0,0,1.0,1,1,0,0,56
2021,2,DEN,REG,JAX,26,34,328,2,0,3,-26,0,0,389,131,11,8.952235956861413,14.666219756883734,0,30,96,0,0,0,9,-5.183417487540282,0,26,34,328,2,0,0,389,131,11,13.231476889584455,0,0,20,2,22,3,14,0,1.0,4.0,3,2,7,5,0,0,0,0,0,0,0,0,0,10,101,4,2,29,0,0,3,3,0,0,46.0,1.0,0,0,1,2,0,0,0,0,0,0,0,0,32;46;40,,,118,0,0,2,2,0,0,1.0,0,0,0,0,0
2021,2,DET,REG,GB,26,36,246,2,1,1,-10,1,0,234,158,11,-0.5681896907650792,8.651309524263654,0,19,108,0,1,1,8,0.1003322956385091,0,26,35,246,2,0,0,234,158,11,3.7597259805164374,0,0,39,7,17,3,21,0,3.0,28.0,7,0,0,1,0,0,0,0,1,2,0,0,0,9,78,5,1,10,2,54,1,1,0,0,43.0,1.0,0,0,0,1,0,0,0,0,0,0,0,0,43,,,43,0,0,2,2,0,0,1.0,0,0,0,0,0
2021,2,GB,REG,DET,22,27,255,4,0,3,-28,0,0,258,129,16,17.5704846290173,15.813947386211819,0,31,96,1,0,0,5,-0.650164468359435,0,22,27,255,4,0,0,258,129,16,23.67924018704798,0,0,32,5,21,0,0,0,0.0,0.0,6,1,2,4,0,0,0,0,0,0,1,1,0,5,50,3,1,2,2,60,0,0,0,0,,,0,0,0,0,0,0,0,0,0,0,0,0,,,,0,0,0,5,5,0,0,1.0,0,0,0,0,0
2021,2,HOU,REG,CLE,18,29,227,2,1,1,-7,1,0,272,134,10,9.352581492130135,-2.784750929900578,0,28,82,1,0,0,5,-3.771652611263562,0,18,28,227,2,0,0,272,134,10,11.08131758993813,0,0,38,2,26,5,22,2,2.0,14.0,2,1,24,1,0,1,0,0,1,1,1,1,0,9,78,4,1,0,4,81,0,1,0,1,,0.0,0,0,0,0,0,0,0,0,0,0,0,0,,,41,0,0,41,3,3,0,0,1.0,0,0,0,0,0
2021,2,IND,REG,LA,22,36,272,1,2,3,-27,0,0,294,132,13,-4.3744268841139355,-3.380904027393886,1,26,109,0,0,0,9,-0.9134607475134544,0,22,35,272,1,0,0,294,122,13,5.167469508128116,1,0,33,13,23,2,13,1,1.0,8.0,3,1,0,5,0,0,0,0,0,0,1,1,1,3,25,5,0,0,1,41,3,3,0,0,48.0,1.0,0,0,1,2,0,0,0,0,0,0,0,0,48;46;35,,,129,0,0,1,1,0,0,1.0,0,0,0,0,0
2021,2,JAX,REG,DEN,14,33,118,1,2,1,-4,0,0,405,39,6,-14.17872855235235,-18.21541226271427,0,16,75,0,0,0,3,1.3044561845599674,0,14,33,118,1,0,0,405,39,6,-12.226779091454755,0,1,44,1,29,4,27,0,3.0,26.0,8,0,0,3,0,0,0,0,0,0,0,0,0,7,70,4,1,2,2,120,0,2,2,0,,0.0,0,0,0,0,0,0,0,0,0,1,1,0,,52;48,,0,100,0,1,1,0,0,1.0,0,0,0,0,0
2021,2,KC,REG,BAL,24,31,343,3,1,0,0,0,0,245,211,18,17.198165178648196,10.413580238819122,0,18,62,1,1,1,2,-2.924398981151171,0,24,30,343,3,0,0,245,211,18,19.006742537370883,0,0,49,2,14,4,19,1,1.0,9.0,1,2,50,3,1,0,0,0,1,1,0,0,0,5,46,3,1,13,5,83,0,0,0,0,,,0,0,0,0,0,0,0,0,0,0,0,0,,,,0,0,0,5,5,0,0,1.0,0,0,0,0,0
2021,2,LA,REG,IND,19,30,278,2,1,1,-8,0,0,218,152,15,11.933595880489168,-4.286829664789397,0,29,101,1,1,1,7,-7.3703122958526315,0,19,29,278,2,0,0,218,152,15,14.109391103121755,0,0,33,17,19,2,19,0,3.0,27.0,11,2,2,4,0,0,0,0,1,2,0,0,0,2,15,2,1,0,3,70,2,2,0,0,38.0,1.0,0,0,2,0,0,0,0,0,0,0,0,0,34;38,,,72,0,0,3,3,0,0,1.0,0,0,0,0,0
2021,2,LAC,REG,DAL,31,41,338,1,2,2,-25,0,0,254,168,13,3.6222372581481093,7.443461641669273,0,19,95,0,0,0,7,2.3207711573196574,1,31,40,338,1,0,0,254,168,13,8.30719141443233,0,0,41,7,25,3,7,1,2.0,16.0,4,1,26,4,0,0,0,0,0,0,0,0,0,12,99,3,1,6,0,0,3,4,1,0,46.0,0.75,0,1,1,1,0,0,0,0,0,1,0,0,46;32;29,44,,107,44,0,0,0,0,0,,0,0,0,0,0
2021,2,LV,REG,PIT,28,37,382,2,0,2,-9,1,0,303,154,17,20.622716487110782,9.811868458180815,0,25,52,0,1,0,5,-6.696760094679302,0,28,37,382,2,0,0,303,154,17,23.57616323251762,0,0,30,10,22,2,6,0,2.0,3.0,9,1,18,7,0,0,0,0,2,3,0,0,0,5,40,5,2,26,1,22,4,4,0,0,46.0,1.0,0,0,1,3,0,0,0,0,0,0,0,0,46;33;41;45,,,165,0,0,2,2,0,0,1.0,0,0,0,0,0
2021,2,MIA,REG,BUF,25,44,182,0,1,6,-37,0,0,212,84,9,-21.80340387969045,-11.114905845551263,0,20,71,0,0,0,2,-6.472921846143436,0,25,42,182,0,1,1,212,84,9,-13.004147284664214,0,0,30,2,26,0,0,2,1.0,8.0,8,1,1,7,0,2,0,0,1,1,1,1,0,9,83,3,2,1,1,31,0,0,0,0,,,0,0,0,0,0,0,0,0,0,0,0,0,,,,0,0,0,0,0,0,0,,0,0,0,0,0
2021,2,MIN,REG,ARI,22,32,244,3,0,1,-2,1,0,203,133,11,6.9798191007773935,-1.5238265506923199,0,27,177,0,0,0,11,4.576663177576847,0,22,32,244,3,1,0,203,133,11,8.705273795668482,0,0,43,5,17,5,33,1,3.0,29.0,3,2,65,3,1,0,0,0,1,1,0,0,0,3,16,6,3,21,1,22,2,3,1,0,52.0,0.6666666666666666,0,0,0,0,2,0,0,0,1,0,0,0,52;52,37,,104,37,0,3,4,1,0,0.75,0,1,1,0,37
2021,2,NE,REG,NYJ,22,30,186,0,0,3,-27,1,0,140,118,9,-4.378398055847251,5.422724676983697,0,24,101,2,0,0,7,1.291484084185873,0,22,28,186,0,0,0,140,118,9,3.6009831539040076,0,0,46,2,18,6,31,0,4.0,26.0,7,4,24,8,0,0,0,0,1,1,0,0,0,6,54,3,0,0,1,18,4,4,0,0,49.0,1.0,0,1,1,2,0,0,0,0,0,0,0,0,46;49;32;26,,,153,0,0,1,2,1,0,0.5,0,0,0,0,0
2021,2,NO,REG,CAR,11,22,111,0,2,4,-31,0,0,159,47,3,-18.644943965482526,-10.570498591377621,0,17,48,1,0,0,3,-3.770524538587779,0,11,21,111,0,0,0,159,47,3,-9.532688679755665,0,0,46,0,34,7,21,0,2.0,11.0,3,1,5,4,0,0,0,33,0,0,0,0,0,11,115,5,0,0,6,173,0,0,0,0,,,0,0,0,0,0,0,0,0,0,0,0,0,,,,0,0,0,1,1,0,0,1.0,0,0,0,0,0
2021,2,NYG,REG,WAS,22,32,249,1,0,4,-21,0,0,359,41,10,2.8205659581865374,4.384123161435127,0,28,163,1,0,0,7,2.228113715309605,0,22,32,249,1,0,0,359,41,10,10.606488054064588,0,0,43,3,27,1,16,0,1.0,16.0,2,1,5,4,0,0,0,0,0,0,0,0,0,11,81,6,2,8,1,20,5,5,0,0,55.0,1.0,0,1,1,1,2,0,0,0,0,0,0,0,23;47;52;55;35,,,212,0,0,2,2,0,0,1.0,0,0,0,0,0
2021,2,NYJ,REG,NE,19,33,210,0,4,4,-26,0,0,301,76,6,-23.702244502812835,-7.356933933315855,0,31,152,0,0,0,10,2.2292017891681466,0,19,33,210,0,0,0,301,76,6,-17.67536878050305,0,0,39,4,20,9,25,1,3.0,27.0,2,0,0,2,0,0,0,0,0,0,0,0,0,8,77,3,1,6,4,95,2,3,1,0,35.0,0.6666666666666666,0,1,1,0,0,0,0,0,0,0,1,0,21;35,53,,56,53,0,0,0,0,0,,0,0,0,0,0
2021,2,PHI,REG,SF,12,24,190,0,0,2,-13,1,0,338,105,7,-2.1224604701182597,-7.179300859570503,0,29,151,1,0,0,8,1.355556353813831,1,12,24,190,0,0,0,338,105,7,2.6556337004968174,0,0,33,3,43,2,5,1,0.0,0.0,2,0,0,1,0,0,0,8,1,1,0,0,0,8,57,4,2,13,1,20,1,2,0,1,45.0,0.5,0,0,0,1,0,0,0,0,0,0,0,0,45,,47,45,0,47,0,0,0,0,,0,0,0,0,0
2021,2,PIT,REG,LV,27,40,295,1,1,2,-3,0,0,388,157,13,2.70703791455795,4.301578179001808,0,14,39,1,0,0,3,-2.615677823720034,0,27,40,295,1,0,0,388,157,13,4.721490217619212,0,0,40,6,24,4,16,1,2.0,9.0,5,0,0,4,0,0,0,0,1,1,0,0,0,5,43,4,2,21,4,92,1,1,0,0,56.0,1.0,0,0,0,0,1,0,0,0,0,0,0,0,56,,,56,0,0,2,2,0,0,1.0,0,0,0,0,0
2021,2,SEA,REG,TEN,22,31,343,2,0,3,-23,0,0,310,159,10,8.279979560883039,6.518148510686813,0,18,77,2,0,0,5,-0.2410844670375809,0,22,31,343,2,0,0,310,159,10,12.728481828477488,0,0,46,17,41,3,17,1,3.0,27.0,8,0,0,1,0,0,0,0,0,0,1,1,0,10,100,4,0,0,3,30,1,1,0,0,31.0,1.0,0,0,1,0,0,0,0,0,0,0,0,0,31,,,31,0,0,3,4,1,0,0.75,0,0,0,0,0
2021,2,SF,REG,PHI,22,30,189,1,0,0,0,0,0,119,127,9,6.493261843919754,0.06508866945902507,0,38,117,1,1,0,11,-0.17651234743837652,0,22,30,189,1,1,0,119,127,9,6.493261843919754,0,0,35,0,22,5,22,1,2.0,13.0,3,0,0,6,0,0,0,0,1,2,0,0,0,5,60,2,1,13,1,11,1,1,0,0,46.0,1.0,0,0,0,1,0,0,0,0,0,0,0,0,46,,,46,0,0,2,2,0,0,1.0,0,0,0,0,0
2021,2,TB,REG,ATL,24,36,276,5,0,3,-17,1,1,347,88,15,1.8543642080330756,4.938580904688154,0,21,82,0,0,0,5,-0.6560207718284801,0,24,35,276,5,1,0,347,88,15,9.730059562221868,0,0,49,0,22,3,11,0,1.0,7.0,7,3,49,8,2,0,0,0,0,0,0,0,0,9,83,3,0,0,3,59,0,0,0,0,,,0,0,0,0,0,0,0,0,0,0,0,0,,,,0,0,0,6,7,1,0,0.8571428571428571,0,0,0,0,0
2021,2,TEN,REG,SEA,27,40,347,0,0,3,-27,1,1,402,111,16,7.436185092462178,5.3749431402255325,0,40,212,3,0,0,11,5.925533575545797,0,27,39,347,0,0,0,402,111,16,17.557658372948204,0,0,26,3,25,3,19,0,3.0,23.0,6,0,0,2,0,0,0,0,0,0,0,0,0,5,45,5,3,32,6,100,4,5,1,0,36.0,0.8,0,1,3,0,0,0,0,0,0,1,0,0,33;30;24;36,44,,123,44,0,3,3,0,0,1.0,1,1,0,0,36
2021,2,WAS,REG,NYG,34,46,336,2,1,1,-16,0,0,349,147,13,0.8998188091411343,7.708903131159869,0,22,87,1,0,0,8,5.956826676956514,0,34,44,336,2,0,0,349,147,13,5.5826829581257975,0,0,48,2,10,7,37,0,4.0,21.0,7,0,0,4,0,0,0,0,0,0,0,0,0,9,80,6,0,0,4,83,3,3,0,0,49.0,1.0,0,0,1,2,0,0,0,0,0,0,0,0,49;37;43,,,129,0,0,3,3,0,0,1.0,1,1,0,0,43
2021,3,ARI,REG,JAX,28,34,316,0,1,0,0,0,0,262,143,14,11.86485913900144,14.001407693414126,0,30,91,3,0,0,8,1.9657176818000153,0,28,34,316,0,0,0,262,143,14,11.86485913900144,0,0,40,2,26,5,12,3,2.0,17.0,7,2,36,5,1,1,0,0,1,1,2,2,0,7,58,3,2,27,0,0,1,2,1,0,34.0,0.5,0,0,1,0,0,0,0,0,0,0,0,1,34,68,,34,68,0,4,4,0,0,1.0,0,0,0,0,0
2021,3,ATL,REG,NYG,27,36,243,2,0,3,-16,1,1,148,173,12,5.152402266510762,4.188301331467098,0,20,69,0,0,0,3,-3.202427662619825,0,27,36,243,2,0,0,148,173,12,9.118823347671423,0,0,42,3,19,3,17,2,2.0,20.0,5,0,0,8,0,0,0,0,0,0,1,1,0,4,28,4,3,24,3,50,1,1,0,0,40.0,1.0,0,0,0,1,0,0,0,0,0,0,0,0,40,,,40,0,0,2,2,0,0,1.0,1,1,0,0,40
2021,3,BAL,REG,DET,16,31,287,1,1,4,-16,0,0,529,61,10,7.336588934182414,5.4869828400788485,0,22,116,0,0,0,7,-4.03143215927665,0,16,27,287,1,0,0,529,61,10,11.683035134880507,0,0,38,7,19,4,29,0,2.0,25.0,6,0,0,2,0,0,0,0,1,1,0,0,0,6,69,3,2,42,0,0,4,5,1,0,66.0,0.8,0,0,2,0,1,1,0,0,0,1,0,0,39;50;32;66,49,,187,49,0,1,1,0,0,1.0,1,1,0,0,66
2021,3,BUF,REG,WAS,33,44,359,4,0,0,0,0,0,407,126,20,17.075947222957634,13.97438250308813,0,33,122,1,0,0,8,-2.468603016139241,0,33,43,359,4,0,0,407,126,20,17.880695532027673,0,0,27,7,13,4,5,1,1.0,0.0,2,2,37,5,0,0,0,0,0,0,1,1,0,5,30,2,3,26,0,0,3,3,0,0,48.0,1.0,0,2,0,1,0,0,0,0,0,0,0,0,21;48;29,,,98,0,0,4,4,0,0,1.0,0,0,0,0,0
2021,3,CAR,REG,HOU,23,34,304,0,0,3,-14,2,0,269,113,15,11.996256922977523,-0.2808139179692124,0,33,117,3,0,0,10,-0.8766962629160844,0,23,33,304,0,0,0,269,113,15,16.410733225953777,0,0,32,3,15,7,27,1,4.0,17.0,9,0,0,1,0,0,0,0,2,2,0,0,0,8,64,3,2,17,0,0,1,1,0,0,21.0,1.0,0,1,0,0,0,0,0,0,0,0,0,0,21,,,21,0,0,3,3,0,0,1.0,0,0,0,0,0
2021,3,CHI,REG,CLE,6,20,68,0,0,9,-67,0,0,114,39,2,-21.839272548195694,-38.76054361462593,0,13,46,0,0,0,2,-3.6286746088722435,0,6,20,68,0,0,0,114,39,2,-5.170536966338075,0,0,49,4,30,5,37,0,5.0,43.0,7,0,0,2,0,1,0,0,1,1,0,0,0,5,44,2,2,4,4,95,2,2,0,0,47.0,1.0,0,1,0,1,0,0,0,0,0,0,0,0,47;22,,,69,0,0,0,0,0,0,,0,0,0,0,0
2021,3,CIN,REG,PIT,14,18,172,3,1,0,0,0,0,160,79,7,8.303528122910267,12.103925810919868,0,24,96,0,0,0,4,-4.740095097746234,0,14,18,172,3,0,0,160,79,7,8.303528122910267,0,0,36,11,35,5,22,1,4.0,21.0,7,2,13,4,0,0,0,0,0,0,0,0,0,10,89,6,2,9,2,53,1,1,0,0,43.0,1.0,0,0,0,1,0,0,0,0,0,0,0,0,43,,,43,0,0,3,3,0,0,1.0,0,0,0,0,0
2021,3,CLE,REG,CHI,19,31,246,1,0,5,-43,0,0,306,102,13,-2.287287114037789,0.5530040839622761,0,42,215,1,0,0,11,0.5156031754725081,0,19,29,246,1,0,0,306,102,13,11.657363581155769,0,0,24,1,17,7,54,0,9.0,67.0,15,0,0,7,0,0,0,0,0,0,0,0,0,7,98,4,7,103,0,0,4,4,0,0,57.0,1.0,0,1,0,1,2,0,0,0,0,0,0,0,57;41;52;28,,,178,0,0,2,2,0,0,1.0,0,0,0,0,0
2021,3,DAL,REG,PHI,21,26,238,3,0,4,-18,1,1,243,103,14,11.571619776455918,16.84191632270813,0,41,160,2,1,0,11,-7.383254636457423,0,21,25,238,3,0,0,243,103,14,22.99670053870068,0,0,33,0,14,3,17,0,2.0,23.0,5,2,59,9,1,0,0,0,1,2,0,0,0,4,37,2,2,13,0,0,0,0,0,0,,,0,0,0,0,0,0,0,0,0,0,0,0,,,,0,0,0,5,6,1,0,0.8333333333333334,0,0,0,0,0
2021,3,DEN,REG,NYJ,19,25,235,0,0,2,-12,0,0,200,98,10,11.934019934421238,12.745461612939835,0,37,120,2,1,1,11,-14.999408408884976,0,19,24,235,0,0,0,200,98,10,15.95098809879945,0,0,30,0,12,6,48,0,5.0,41.0,9,2,81,6,0,0,0,0,0,0,0,0,0,6,50,2,2,16,0,0,4,4,0,0,47.0,1.0,0,1,1,2,0,0,0,0,0,0,0,0,45;47;21;36,,,149,0,0,2,2,0,0,1.0,0,0,0,0,0
2021,3,DET,REG,BAL,22,31,217,0,0,2,-25,0,0,132,167,13,2.22691281553125,4.892223647662571,0,27,93,2,0,0,8,-4.732046692255816,0,22,28,217,0,0,0,132,167,13,9.65797693276545,0,0,35,4,8,5,18,0,4.0,16.0,5,1,0,6,0,0,0,0,0,0,0,0,0,7,35,6,1,11,0,0,1,1,0,0,35.0,1.0,0,0,1,0,0,0,0,0,0,0,0,0,35,,,35,0,0,2,2,0,0,1.0,0,0,0,0,0
2021,3,GB,REG,SF,23,33,261,2,0,1,-8,0,0,354,100,14,7.611549459404431,15.732246060525217,0,25,100,1,0,0,5,-0.31503356696339324,0,23,31,261,2,1,0,354,100,14,9.125387546424678,0,0,38,2,24,2,4,0,4.0,26.0,11,1,30,6,0,0,0,0,0,0,1,1,0,7,87,6,1,6,1,21,3,3,0,0,54.0,1.0,0,0,1,0,2,0,0,0,0,0,0,0,54;38;51,,,143,0,0,3,3,0,0,1.0,1,1,0,0,51
2021,3,HOU,REG,CAR,19,28,168,1,0,4,-17,0,0,190,42,10,-7.626221771077047,6.143577337265015,0,17,42,0,0,0,3,-6.7462557921535335,0,19,25,168,1,0,0,190,42,10,0.9314668187580537,0,0,36,7,31,2,10,2,3.0,14.0,5,0,0,3,0,1,0,0,2,3,0,0,0,7,51,6,1,-4,2,57,1,1,0,0,53.0,1.0,0,0,0,0,1,0,0,0,0,0,0,0,53,,,53,0,0,0,1,1,0,0.0,0,0,0,0,0
2021,3,IND,REG,TEN,19,37,194,0,0,2,-16,0,0,198,114,8,-8.559545816927763,-7.691875626059139,0,18,87,1,0,0,7,5.977761615143296,0,19,34,194,0,0,0,198,114,8,-2.7701128279018086,0,0,43,8,18,4,13,1,1.0,9.0,2,2,36,3,0,1,0,0,1,1,1,1,0,4,66,6,0,0,2,33,3,4,1,0,43.0,0.75,0,2,0,1,0,0,0,0,0,0,1,0,43;28;24,51,,95,51,0,1,1,0,0,1.0,0,0,0,0,0
2021,3,JAX,REG,ARI,22,34,219,1,2,3,-17,2,2,272,87,10,-13.066595108015463,2.814815007150173,0,29,159,1,0,0,9,2.7580398194259033,0,22,32,219,1,2,0,272,87,10,-4.475263638509205,0,1,44,1,25,3,6,0,0.0,0.0,1,1,23,3,0,0,0,109,1,1,0,0,0,4,40,6,1,10,1,18,0,0,0,0,,,0,0,0,0,0,0,0,0,0,0,0,0,,,,0,0,0,1,3,2,0,0.3333333333333333,0,0,0,0,0
2021,3,KC,REG,LAC,27,44,260,3,2,2,-9,0,0,387,146,17,11.102004599568252,1.1871366947889328,0,30,186,0,1,1,12,1.3146724323742092,0,27,40,260,3,1,1,387,146,17,8.684908840441429,0,0,39,0,18,5,11,1,1.0,6.0,6,0,0,3,0,0,0,0,0,0,0,0,0,6,56,5,2,7,1,30,1,1,0,0,34.0,1.0,0,0,1,0,0,0,0,0,0,0,0,0,34,,,34,0,0,3,3,0,0,1.0,0,0,0,0,0
2021,3,LA,REG,TB,27,38,343,4,0,1,-12,0,0,359,178,16,17.66876214655024,1.0004189453626935,0,24,76,0,0,0,5,-3.8930420257383958,0,27,38,343,4,1,0,359,178,16,19.298024865504363,0,0,48,2,16,5,22,2,3.0,21.0,5,0,0,2,0,0,0,0,1,1,0,0,0,1,4,3,1,9,0,0,2,2,0,0,48.0,1.0,0,1,0,1,0,0,0,0,0,0,0,0,48;26,,,74,0,0,4,4,0,0,1.0,0,0,0,0,0
2021,3,LAC,REG,KC,26,38,281,4,0,1,-6,0,0,233,154,16,16.220195302307456,7.954505937440055,1,22,77,0,1,0,3,-1.95728203386534,0,26,35,281,4,0,0,233,154,16,20.601284377775936,1,0,46,1,25,3,3,2,2.0,9.0,7,2,0,4,0,0,0,0,1,1,2,2,0,8,50,3,1,0,2,37,1,1,0,0,24.0,1.0,0,1,0,0,0,0,0,0,0,0,0,0,24,,,24,0,0,1,3,2,0,0.3333333333333333,0,0,0,0,0
2021,3,LV,REG,MIA,26,43,386,2,1,3,-29,0,0,399,186,18,6.625039513732054,-1.7658206075429916,0,35,140,1,1,0,7,-7.834481825004332,0,26,40,386,2,0,0,399,186,18,16.121329422981944,0,0,46,2,32,2,6,1,2.0,18.0,7,0,0,3,0,0,1,0,2,2,0,0,0,8,104,9,2,9,1,15,3,3,0,0,50.0,1.0,0,1,1,0,1,0,0,0,0,0,0,0,50;38;22,,,110,0,0,2,3,1,0,0.6666666666666666,1,1,0,0,22
2021,3,MIA,REG,LV,32,49,215,0,0,2,-18,0,0,391,73,13,-2.296617883618241,-3.732958879876644,1,27,133,2,0,0,5,-2.850258464750368,0,32,47,215,0,1,0,391,73,13,1.264793521448414,1,0,46,3,29,4,31,1,3.0,29.0,9,1,85,5,1,0,0,0,2,2,0,0,0,8,68,7,3,27,1,15,2,3,1,0,50.0,0.6666666666666666,0,0,0,1,1,0,0,0,0,1,0,0,46;50,48,,96,48,0,2,2,0,0,1.0,0,0,0,0,0
2021,3,MIN,REG,SEA,30,38,323,3,0,1,-10,1,0,189,169,20,19.216881190438933,6.371265492941204,0,34,140,0,0,0,7,-2.343624174653087,0,30,38,323,3,0,0,189,169,20,21.018475774609684,0,0,29,5,19,3,18,0,2.0,15.0,7,0,0,2,0,0,0,0,1,1,0,0,0,4,40,3,2,-1,2,40,3,3,0,0,43.0,1.0,0,1,1,1,0,0,0,0,0,0,0,0,43;34;20,,,97,0,0,3,3,0,0,1.0,0,0,0,0,0
2021,3,NE,REG,NO,30,51,270,1,3,2,-19,0,0,633,87,10,-16.88236440998653,-1.0197966998698664,0,17,49,0,0,0,5,-1.806866937840823,0,30,51,270,1,0,0,633,87,10,-13.224923045618105,0,0,40,7,19,4,18,0,3.0,18.0,7,0,0,1,0,0,0,0,0,0,0,0,0,4,30,5,3,30,0,0,2,2,0,0,45.0,1.0,0,1,0,1,0,0,0,0,0,0,0,0,45;26,,,71,0,0,1,1,0,0,1.0,0,0,0,0,0
2021,3,NO,REG,NE,13,21,128,2,0,3,-18,0,0,203,51,9,5.266919137182413,2.9806333780288696,0,38,142,1,0,0,10,-1.3253962136167419,0,13,20,128,2,0,0,203,51,9,11.02255966363009,0,0,43,4,12,5,27,0,2.0,19.0,11,3,100,8,1,0,0,0,0,0,0,0,0,2,15,5,1,25,1,16,0,2,2,0,,0.0,0,0,0,0,0,0,0,0,1,0,1,0,,52;36,,0,88,0,4,4,0,0,1.0,0,0,0,0,0
2021,3,NYG,REG,ATL,24,35,266,0,0,2,-20,1,0,238,129,12,7.624345371326417,0.30179500579833984,0,27,100,1,1,0,8,-2.049465795558497,1,24,35,266,0,1,1,238,129,12,7.726559762378674,0,0,32,3,41,4,14,1,3.0,16.0,6,0,0,4,0,0,0,0,2,3,1,1,0,8,53,5,2,36,1,6,2,2,0,0,31.0,1.0,0,1,1,0,0,0,0,0,0,0,0,0,25;31,,,56,0,0,0,0,0,0,,0,0,0,0,0
2021,3,NYJ,REG,DEN,19,35,160,0,2,5,-41,0,0,270,43,10,-24.105391451797914,-8.85535225723729,0,13,43,0,0,0,1,-2.986663809453603,0,19,33,160,0,0,0,270,43,10,-14.358183836971875,0,0,42,3,31,3,10,1,2.0,12.0,4,0,0,1,0,0,0,0,0,0,1,1,0,9,90,4,0,0,1,21,0,0,0,0,,,0,0,0,0,0,0,0,0,0,0,0,0,,,,0,0,0,0,0,0,0,,0,0,0,0,0
2021,3,PHI,REG,DAL,25,39,326,2,2,2,-23,0,0,277,230,11,-6.228373768622987,-3.8280412554740906,0,12,64,0,0,0,1,-4.592849081789609,0,25,38,326,2,0,0,277,230,11,-0.1616378374164924,0,0,38,0,42,5,14,1,4.0,18.0,6,0,0,2,0,0,0,0,0,0,1,1,1,13,86,1,3,-2,0,0,0,0,0,0,,,0,0,0,0,0,0,0,0,0,0,0,0,,,,0,0,0,3,3,0,0,1.0,0,0,0,0,0
2021,3,PIT,REG,CIN,38,58,318,1,2,4,-21,0,0,314,191,16,-8.943385756787512,-5.367709465067962,0,15,45,0,0,0,3,-3.917822380142752,0,38,58,318,1,1,0,314,191,16,-3.687605358029151,0,0,27,4,18,1,2,0,0.0,0.0,0,1,15,2,0,0,0,0,1,1,0,0,0,10,73,4,1,14,1,22,1,2,1,0,26.0,0.5,0,1,0,0,0,0,0,0,0,1,0,0,26,42,,26,42,0,1,1,0,0,1.0,0,0,0,0,0
2021,3,SEA,REG,MIN,23,32,298,1,0,2,-15,0,0,282,186,14,0.710958257028024,13.776618561574391,0,18,106,1,0,0,6,4.294268189056311,0,23,28,298,1,0,0,282,186,14,7.0749194165400695,0,0,43,13,29,1,4,1,1.0,10.0,4,0,0,1,0,0,0,0,0,0,0,0,0,4,35,5,0,0,1,21,1,2,1,0,53.0,0.5,0,0,0,0,1,0,0,0,0,1,0,0,53,44,,53,44,0,2,2,0,0,1.0,0,0,0,0,0
2021,3,SF,REG,GB,25,40,257,2,1,4,-26,1,1,261,114,15,0.668321106757503,-2.11975927415647,0,21,67,2,0,0,7,2.1035573587578256,0,25,38,257,2,0,0,261,114,15,10.992197234125342,0,0,39,1,21,2,12,1,1.0,8.0,2,0,0,2,0,0,0,0,1,1,0,0,0,4,86,4,2,23,3,104,0,0,0,0,,,0,0,0,0,0,0,0,0,0,0,0,0,,,,0,0,0,4,4,0,0,1.0,0,0,0,0,0
2021,3,TB,REG,LA,41,55,432,1,0,3,-21,1,0,382,238,24,13.163302539915692,3.7769604612279823,0,13,35,2,0,0,3,-0.15947061136830598,0,41,54,432,1,1,0,382,238,24,17.936279137162874,0,0,38,2,14,2,14,1,1.0,12.0,4,0,0,3,0,0,0,0,1,1,0,0,0,7,41,5,1,4,2,48,1,2,1,0,26.0,0.5,0,1,0,0,0,0,0,0,0,0,1,0,26,55,,26,55,0,3,3,0,0,1.0,0,0,0,0,0
2021,3,TEN,REG,IND,18,27,197,3,2,1,-9,0,0,176,113,11,3.2950427222822376,1.1694467984713042,0,37,180,0,0,0,10,3.604993809931446,1,18,26,197,3,1,1,176,113,11,0.34839267717325617,0,0,26,8,26,2,13,1,2.0,16.0,10,0,0,7,0,0,0,0,0,0,0,0,0,4,24,2,3,44,2,31,1,1,0,0,32.0,1.0,0,0,1,0,0,0,0,0,0,0,0,0,32,,,32,0,0,2,2,0,0,1.0,0,0,0,0,0
2021,3,WAS,REG,BUF,14,24,212,2,2,1,0,0,0,165,148,8,4.850079666357487,-6.3279880831638975,0,25,78,1,0,0,5,-9.040632240241393,0,14,24,212,2,1,1,165,148,8,0.1107263402082026,0,0,42,10,30,2,3,0,0.0,0.0,7,0,0,2,0,0,0,0,1,2,0,0,0,5,38,4,0,0,2,33,0,0,0,0,,,0,0,0,0,0,0,0,0,0,0,0,0,,,,0,0,0,3,3,0,0,1.0,0,0,0,0,0
2021,4,ARI,REG,LA,24,32,268,2,0,3,-19,0,0,230,140,11,13.925697000786997,10.477124000417776,0,40,216,2,1,0,15,8.409241776937904,0,24,29,268,2,0,0,230,140,11,20.778736678505084,0,0,38,3,17,0,0,1,0.0,0.0,5,1,0,3,0,0,0,0,0,0,1,1,0,7,63,5,0,0,1,9,3,3,0,0,55.0,1.0,0,2,0,0,1,0,0,0,0,0,0,0,23;55;23,,,101,0,0,4,4,0,0,1.0,0,0,0,0,0
2021,4,ATL,REG,WAS,25,42,283,4,0,1,-8,0,0,440,89,16,12.27373061528095,-1.8137887120246887,0,28,99,0,0,0,6,-4.894475303241052,0,25,40,283,4,1,0,440,89,16,15.488603775516534,0,0,32,4,32,5,7,0,1.0,0.0,4,0,0,5,0,0,0,0,0,0,0,0,0,7,36,5,2,6,3,78,1,1,0,0,25.0,1.0,0,1,0,0,0,0,0,0,0,0,0,0,25,,,25,0,0,3,3,0,0,1.0,0,0,0,0,0
2021,4,BAL,REG,DEN,22,37,316,1,0,3,-12,0,0,420,97,14,10.418508413621401,0.7875307968684605,0,30,102,1,0,0,6,-3.2877989902626723,0,22,35,316,1,0,0,420,97,14,16.04104291565503,0,0,33,2,22,7,34,0,5.0,30.0,11,1,0,4,0,0,0,0,0,0,0,0,0,6,55,2,3,64,0,0,3,3,0,0,46.0,1.0,0,1,0,2,0,0,0,0,0,0,0,0,40;46;20,,,106,0,0,2,2,0,0,1.0,0,0,0,0,0
2021,4,BUF,REG,HOU,21,31,256,2,1,1,-5,0,0,271,73,12,2.466696937063778,5.484958810191,0,40,199,2,2,0,14,3.043253762508065,0,21,31,256,2,1,0,271,73,12,3.5013057217193526,0,0,28,7,11,4,24,1,2.0,17.0,3,4,44,9,0,0,0,0,3,4,1,1,0,3,30,4,4,24,1,20,4,4,0,0,33.0,1.0,0,3,1,0,0,0,0,0,0,0,0,0,33;26;21;28,,,108,0,0,4,4,0,0,1.0,0,0,0,0,0
2021,4,CAR,REG,DAL,26,39,301,2,2,5,-35,0,0,338,205,13,-1.5771389917372263,-0.2542535463968913,0,24,113,2,0,0,10,7.0273778513656,0,26,39,301,2,0,0,338,205,13,5.588324489419395,0,0,34,0,18,0,0,0,0.0,0.0,1,0,0,4,0,0,0,0,0,0,0,0,0,6,32,3,0,0,0,0,0,1,1,0,,0.0,0,0,0,0,0,0,0,0,0,0,1,0,,54,,0,54,0,4,4,0,0,1.0,0,0,0,0,0
2021,4,CHI,REG,DET,11,17,209,0,1,1,-24,1,0,232,59,5,3.215261419767688,9.237158123184653,0,39,188,3,0,0,13,5.868499743344728,0,11,17,209,0,0,0,232,59,5,5.76558583834971,0,0,47,5,17,5,27,2,4.0,38.0,6,0,0,4,0,0,0,0,1,1,2,2,0,7,61,4,1,6,1,33,1,1,0,0,33.0,1.0,0,0,1,0,0,0,0,0,0,0,0,0,33,,,33,0,0,3,3,0,0,1.0,0,0,0,0,0
2021,4,CIN,REG,JAX,25,32,348,2,0,1,-6,0,0,235,191,16,17.589502797128443,10.651934472844005,0,22,78,1,0,0,4,0.40535682536257234,0,25,32,348,2,0,0,235,191,16,18.79059019232336,0,0,31,2,26,2,4,1,1.0,2.0,0,0,0,2,0,0,0,0,0,0,0,0,0,6,38,5,2,9,2,43,1,2,1,0,35.0,0.5,0,0,1,0,0,0,0,0,0,1,0,0,35,43,,35,43,0,3,3,0,0,1.0,1,1,0,0,35
2021,4,CLE,REG,MIN,15,33,155,0,0,3,-12,0,0,346,84,9,-6.062940793573553,-18.150971012730754,1,38,184,1,0,0,10,0.8230200179095846,0,15,31,155,0,0,0,346,84,9,1.6067172710358404,1,0,31,6,20,4,15,0,2.0,13.0,10,1,0,5,0,0,0,0,0,0,0,0,0,7,73,6,5,25,1,26,2,2,0,0,53.0,1.0,0,0,0,1,1,0,0,0,0,0,0,0,48;53,,,101,0,0,0,0,0,0,,0,0,0,0,0
2021,4,DAL,REG,CAR,14,22,188,4,0,0,0,0,0,157,90,10,6.621061382902786,-6.230046396905726,0,34,245,1,0,0,13,5.929866671621566,0,14,22,188,4,0,0,157,90,10,6.621061382902786,0,0,44,2,10,7,34,0,5.0,35.0,11,2,23,5,0,0,0,0,1,1,0,0,0,7,50,4,0,0,1,14,1,1,0,0,37.0,1.0,0,0,1,0,0,0,0,0,0,0,0,0,37,,,37,0,0,3,3,0,0,1.0,0,0,0,0,0
2021,4,DEN,REG,BAL,19,37,178,1,1,5,-30,0,0,355,99,9,-16.4271856136329,-12.267853037731067,0,17,106,0,0,0,5,3.4161125732352957,0,19,37,178,1,0,0,355,99,9,-8.777249645296251,0,0,44,2,22,4,15,0,3.0,12.0,8,0,0,5,0,0,0,0,0,0,0,0,0,4,25,4,3,22,2,36,0,0,0,0,,,0,0,0,0,0,0,0,0,0,0,0,0,,,,0,0,0,1,1,0,0,1.0,0,0,0,0,0
2021,4,DET,REG,CHI,24,38,299,2,0,4,-38,1,1,326,140,15,4.7839747601537965,0.985149435094885,0,25,90,0,2,1,5,-8.159834261750802,0,24,37,299,2,0,0,326,140,15,15.247755497635808,0,0,37,1,23,5,30,1,1.0,24.0,4,1,0,2,0,0,0,0,1,2,0,0,0,4,26,4,3,29,4,94,0,0,0,0,,,0,0,0,0,0,0,0,0,0,0,0,0,,,,0,0,0,2,2,0,0,1.0,0,0,0,0,0
2021,4,GB,REG,PIT,20,36,248,2,0,3,-12,0,0,344,133,13,3.578705210486456,-6.735802718571255,0,33,131,1,1,1,9,-0.8360242836934049,0,20,35,248,2,0,0,344,133,13,9.241534850225813,0,0,35,5,17,2,8,1,2.0,12.0,5,1,0,4,0,0,0,0,0,0,1,1,0,3,25,3,1,0,3,47,2,2,0,0,29.0,1.0,0,2,0,0,0,0,0,0,0,0,0,0,26;29,,,55,0,0,3,3,0,0,1.0,0,0,0,0,0
2021,4,HOU,REG,BUF,11,21,87,0,4,3,-26,1,0,180,34,4,-22.929134988808073,-15.85621252655983,0,18,48,0,0,0,2,-6.597374394186772,0,11,20,87,0,1,1,180,34,4,-22.382509987568483,0,0,44,13,25,3,11,2,1.0,5.0,4,1,32,4,0,0,0,0,1,1,0,0,0,10,100,3,1,6,4,67,0,0,0,0,,,0,0,0,0,0,0,0,0,0,0,0,0,,,,0,0,0,0,0,0,0,,0,0,0,0,0
2021,4,IND,REG,MIA,24,32,228,2,0,2,-18,0,0,282,69,9,9.914629933273302,13.50082354620099,0,33,139,1,0,0,9,-3.4863207858870737,0,24,32,228,2,0,0,282,69,9,13.680520390475051,0,0,26,3,23,4,23,1,3.0,31.0,4,0,0,3,0,1,0,0,0,0,2,2,0,8,86,3,2,-1,2,44,2,2,0,0,43.0,1.0,0,0,1,1,0,0,0,0,0,0,0,0,34;43,,,77,0,0,3,3,0,0,1.0,0,0,0,0,0
2021,4,JAX,REG,CIN,17,24,204,0,0,1,-2,0,0,216,73,8,6.4064483839902095,11.046365174380215,0,30,139,3,0,0,12,3.6767497783876024,0,17,22,204,0,0,0,216,73,8,8.716786113742273,0,0,32,3,31,2,8,0,1.0,6.0,3,0,0,2,0,0,0,0,0,0,0,0,0,2,10,5,0,0,1,27,0,0,0,0,,,0,0,0,0,0,0,0,0,0,0,0,0,,,,0,0,0,3,3,0,0,1.0,0,0,0,0,0
2021,4,KC,REG,PHI,24,30,278,5,1,1,-7,0,0,219,117,16,22.732895673107123,17.037482857704163,0,32,200,1,0,0,12,10.220597585925134,0,24,30,278,5,0,0,219,117,16,24.25307327634073,0,0,50,0,6,3,12,2,3.0,29.0,6,0,0,2,0,0,0,0,1,1,0,0,0,7,46,2,0,0,4,109,0,0,0,0,,,0,0,0,0,0,0,0,0,0,0,0,0,,,,0,0,0,6,6,0,0,1.0,0,0,0,0,0
2021,4,LA,REG,ARI,26,41,280,2,1,0,0,0,0,354,107,13,2.3852450999366064,-2.1908100785278695,0,23,121,0,1,1,9,-1.7917652503820136,0,26,41,280,2,0,0,354,107,13,2.3852450999366064,0,0,47,6,26,7,27,1,3.0,19.0,2,0,0,2,0,0,0,0,0,0,0,0,0,5,36,2,2,4,0,0,2,3,1,0,42.0,0.6666666666666666,0,1,0,1,0,0,0,0,0,1,0,0,42;22,46,,64,46,0,2,2,0,0,1.0,0,0,0,0,0
2021,4,LAC,REG,LV,25,39,222,3,0,2,-10,0,0,311,99,13,2.2882145877811126,-1.4554632337469804,0,34,168,1,0,0,11,-2.541932646476198,0,25,38,222,3,0,0,311,99,13,6.213701244618278,0,0,35,6,18,4,20,1,4.0,31.0,7,1,15,5,0,0,0,0,0,0,0,0,0,7,105,2,2,20,2,35,0,0,0,0,,,0,0,0,0,0,0,0,0,0,0,0,0,,,,0,0,0,4,4,0,0,1.0,0,0,0,0,0
2021,4,LV,REG,LAC,21,34,196,2,1,4,-31,1,0,294,64,8,-7.575010212823973,-2.3570751771330833,0,18,48,0,0,0,2,-5.476535347697791,0,21,32,196,2,0,0,294,64,8,0.8611293027643114,0,0,40,10,30,5,16,0,2.0,10.0,7,0,0,4,0,2,0,0,1,1,0,0,0,7,58,5,4,28,4,93,0,1,1,0,,0.0,0,0,0,0,0,0,0,0,0,0,1,0,,52,,0,52,0,2,2,0,0,1.0,0,0,0,0,0
2021,4,MIA,REG,IND,20,30,199,2,0,3,-31,1,1,230,59,10,-0.5592807053368256,1.0528072714805603,0,16,35,0,0,0,2,-4.209695093042683,0,20,30,199,2,0,0,230,59,10,8.181913209652883,0,0,39,5,31,5,20,0,2.0,18.0,8,0,0,5,0,1,0,0,1,1,1,1,0,5,32,6,3,13,0,0,1,1,0,0,38.0,1.0,0,0,1,0,0,0,0,0,0,0,0,0,38,,,38,0,0,2,2,0,0,1.0,0,0,0,0,0
2021,4,MIN,REG,CLE,20,38,203,1,1,2,-13,0,0,320,64,10,-9.819370267214254,-11.322205927636888,0,23,65,0,0,0,5,-6.411836098704953,0,20,36,203,1,0,0,320,64,10,-0.4792030885873828,0,0,40,12,30,2,12,0,3.0,12.0,3,0,0,5,0,0,0,0,0,0,0,0,0,7,42,6,2,11,1,26,0,0,0,0,,,0,0,0,0,0,0,0,0,0,0,0,0,,,,0,0,0,1,1,0,0,1.0,0,0,0,0,0
2021,4,NE,REG,TB,33,42,320,2,1,4,-25,0,0,217,171,16,4.305274739628711,9.320718830540066,0,8,-1,0,0,0,1,-3.425334646482952,0,33,42,320,2,1,1,217,171,16,4.607314154622198,0,0,44,5,17,1,8,0,1.0,8.0,3,0,0,2,0,0,0,0,0,0,0,0,0,8,77,4,2,17,1,25,1,2,1,0,27.0,0.5,0,1,0,0,0,0,0,0,0,0,1,0,27,56,,27,56,0,2,2,0,0,1.0,0,1,1,0,56
2021,4,NO,REG,NYG,19,26,235,1,1,0,0,0,0,193,117,12,8.648864084525906,-0.6876872136042669,0,39,170,2,0,0,9,-0.4562562534119934,0,19,26,235,1,0,0,193,117,12,8.648864084525906,0,0,35,3,25,0,0,2,0.0,0.0,6,1,3,3,0,0,0,0,0,0,0,0,0,5,35,6,1,9,2,40,0,1,1,0,,0.0,0,0,0,0,0,0,0,0,0,0,1,0,,58,,0,58,0,3,3,0,0,1.0,0,0,0,0,0
2021,4,NYG,REG,NO,28,40,402,2,1,0,0,0,0,375,203,17,16.378666386281818,8.72557188073794,0,20,83,1,0,0,4,-1.9404221035729514,1,28,36,402,2,2,0,375,203,17,20.603148578501948,0,0,29,4,56,1,3,0,0.0,0.0,0,1,0,4,0,0,0,0,2,2,0,0,0,3,25,3,1,26,1,15,2,3,1,0,48.0,0.6666666666666666,0,1,0,1,0,0,0,0,1,0,0,0,23;48,35,,71,35,0,1,1,0,0,1.0,0,0,0,0,0
2021,4,NYJ,REG,TEN,21,34,297,2,1,1,-8,0,0,319,94,11,9.091256202533522,-4.0895570726955635,0,25,66,1,0,0,4,-7.355571862148529,0,21,34,297,2,1,0,319,94,11,10.869354931099487,0,0,64,6,16,7,47,0,7.0,45.0,15,0,0,7,0,0,0,0,3,3,0,0,0,6,65,6,2,32,4,81,2,2,0,0,27.0,1.0,0,2,0,0,0,0,0,0,0,0,0,0,27;22,,,49,0,0,3,3,0,0,1.0,0,0,0,0,0
2021,4,PHI,REG,KC,32,48,387,2,0,3,-29,1,0,344,206,20,13.820485405213548,8.67996866052801,0,19,103,1,0,0,9,4.057571596855366,0,32,44,387,2,1,0,344,206,20,22.950930865944244,0,0,39,1,27,1,7,1,1.0,7.0,4,1,7,1,0,0,0,0,1,1,0,0,0,9,49,5,0,0,3,58,3,3,0,0,31.0,1.0,0,2,1,0,0,0,0,0,0,0,0,0,29;25;31,,,85,0,0,3,3,0,0,1.0,0,0,0,0,0
2021,4,PIT,REG,GB,26,40,232,1,1,2,-12,1,1,294,111,11,-10.516520136232064,1.441426422351446,0,16,62,1,0,0,5,2.262745884654578,0,26,39,232,1,0,0,294,111,11,-3.640658063137013,0,0,41,8,22,7,19,1,3.0,12.0,7,0,0,4,0,0,0,0,0,0,1,1,0,5,34,5,1,14,3,99,1,1,0,0,52.0,1.0,0,0,0,0,1,0,0,0,0,0,0,0,52,,,52,0,0,2,2,0,0,1.0,0,0,0,0,0
2021,4,SEA,REG,SF,16,23,149,2,0,3,-20,1,0,125,87,6,-4.56667301687412,4.3352463028647685,0,28,105,2,0,0,7,0.9702482595457695,0,16,22,149,2,1,0,125,87,6,1.898703034967184,0,0,43,3,29,3,9,1,2.0,8.0,6,1,5,9,0,1,0,0,3,3,1,1,0,5,27,4,2,11,2,51,0,0,0,0,,,0,0,0,0,0,0,0,0,0,0,0,0,,,,0,0,0,4,4,0,0,1.0,0,0,0,0,0
2021,4,SF,REG,SEA,23,41,322,3,1,2,-8,0,0,352,161,15,6.6406634073171915,-6.790771087010701,0,29,143,0,0,0,7,-0.6809867226546631,1,23,39,322,3,0,0,352,161,15,10.619099289509762,0,0,28,1,33,5,17,2,3.0,20.0,6,0,0,2,0,0,0,0,0,0,0,0,0,8,78,3,4,32,4,50,0,1,1,0,,0.0,0,0,0,0,0,0,0,0,0,1,0,0,,41,,0,41,0,1,2,1,0,0.5,0,0,0,0,0
2021,4,TB,REG,NE,22,43,269,0,0,1,-8,0,0,459,109,12,2.2452076453571177,-10.716984438341717,0,30,120,1,0,0,8,4.894323247426655,0,22,43,269,0,0,0,459,109,12,3.553649000017435,0,0,38,4,8,6,30,1,4.0,25.0,12,1,0,6,0,0,0,0,0,0,1,1,0,7,74,3,2,12,2,23,4,5,1,0,48.0,0.8,0,2,0,2,0,0,0,0,1,0,0,0,29;44;27;48,36,,148,36,0,1,1,0,0,1.0,0,0,0,0,0
2021,4,TEN,REG,NYJ,30,49,298,1,0,7,-45,0,0,393,194,17,0.2581047966226566,-2.352424787015331,1,37,177,1,0,0,11,1.791889352390247,0,30,49,298,1,0,0,393,194,17,10.352075583352939,1,0,40,3,11,7,22,2,1.0,8.0,1,1,13,2,0,0,0,0,1,2,0,0,0,8,98,7,3,44,0,0,3,4,1,0,46.0,0.75,0,0,1,2,0,0,0,0,0,1,0,0,44;46;36,49,,126,49,0,1,1,0,0,1.0,0,0,0,0,0
2021,4,WAS,REG,ATL,23,33,290,3,0,1,0,0,0,295,144,16,18.078005639045152,3.524913029237227,0,28,122,1,0,0,8,-2.738944738535676,0,23,33,290,3,0,0,295,144,16,18.610836114525448,0,1,36,8,28,3,14,1,1.0,8.0,7,0,0,7,0,0,0,0,0,0,0,0,0,6,85,3,1,6,3,152,1,1,0,0,21.0,1.0,0,1,0,0,0,0,0,0,0,0,0,0,21,,,21,0,0,1,3,2,0,0.3333333333333333,0,0,0,0,0
2021,5,ARI,REG,SF,22,31,239,1,0,2,-29,0,0,230,106,11,4.36363601132804,10.798075369426183,0,27,94,1,2,0,10,-1.8208607252454385,0,22,28,239,1,1,1,230,106,11,7.001237610134254,0,0,36,4,16,3,11,0,2.0,6.0,8,1,17,5,0,0,0,0,3,4,0,0,0,6,62,3,1,12,0,0,1,2,1,0,21.0,0.5,0,1,0,0,0,0,0,0,0,0,0,1,21,61,,21,61,0,2,2,0,0,1.0,0,0,0,0,0
2021,5,ATL,REG,NYJ,33,46,342,2,0,0,0,0,0,354,107,20,20.70833909900745,6.355959309471978,0,29,108,1,1,1,5,-2.2250157445087098,0,33,45,342,2,2,1,354,107,20,16.26182791991511,0,0,35,1,9,4,35,1,2.0,26.0,5,1,11,3,0,0,0,0,0,0,0,0,0,4,66,3,2,19,2,45,2,2,0,0,52.0,1.0,0,0,1,0,1,0,0,0,0,0,0,0,31;52,,,83,0,0,3,3,0,0,1.0,0,0,0,0,0
2021,5,BAL,REG,IND,37,43,442,4,0,2,-5,0,0,308,175,22,32.47428803373772,17.77243066665738,2,25,86,0,1,1,7,-11.258239146627485,0,37,43,442,4,0,0,308,175,22,34.823013541937726,2,0,36,5,33,6,16,1,2.0,12.0,7,0,0,3,0,0,0,0,0,0,1,1,0,8,74,2,1,0,5,111,1,1,0,0,23.0,1.0,0,1,0,0,0,0,0,0,0,0,0,0,23,,,23,0,0,0,0,0,0,,0,0,0,0,0
2021,5,BUF,REG,KC,15,26,315,3,0,0,0,0,0,292,112,12,14.434711516484073,3.4765582531690598,0,28,121,1,0,0,7,2.0727500822977163,0,15,24,315,3,0,0,292,112,12,17.16132292442342,0,0,45,5,19,2,3,1,2.0,0.0,8,2,29,4,1,0,0,0,0,0,2,2,0,10,103,3,1,7,1,4,1,1,0,0,30.0,1.0,0,0,1,0,0,0,0,0,0,0,0,0,30,,,30,0,0,5,5,0,0,1.0,0,0,0,0,0
2021,5,CAR,REG,PHI,21,37,177,1,3,3,-19,0,0,290,70,9,-17.949832662240834,-4.699736351475996,0,30,109,0,0,0,8,-2.967417821844864,0,21,34,177,1,0,0,290,70,9,-10.212029146496207,0,0,36,2,18,5,31,1,2.0,16.0,4,1,0,4,0,0,1,0,0,0,1,1,0,9,69,5,3,39,3,70,3,3,0,0,50.0,1.0,0,0,0,2,1,0,0,0,0,0,0,0,48;43;50,,,141,0,0,1,1,0,0,1.0,0,0,0,0,0
2021,5,CHI,REG,LV,13,21,119,1,0,2,-10,0,0,200,50,8,6.204091468593106,0.5429640412330627,0,37,143,1,1,0,8,-6.125986060239987,0,13,20,119,1,0,0,200,50,8,7.963456833909731,0,0,40,1,17,4,19,0,3.0,18.0,4,1,0,3,0,0,0,0,0,1,0,0,0,8,70,5,2,38,3,69,2,2,0,0,46.0,1.0,0,0,0,2,0,0,0,0,0,0,0,0,46;46,,,92,0,0,2,2,0,0,1.0,0,0,0,0,0
2021,5,CIN,REG,GB,26,38,281,2,2,3,-17,0,0,306,125,12,2.400176004666835,2.501934686222592,1,24,103,1,0,0,6,-1.5945279351979924,0,26,37,281,2,0,0,306,125,12,7.478090916047338,1,0,41,3,23,7,22,0,2.0,11.0,5,1,42,3,0,0,0,0,0,0,0,0,0,2,21,3,1,2,4,120,0,2,2,0,,0.0,0,0,0,0,0,0,0,0,0,1,1,0,,57;49,,0,106,0,2,2,0,0,1.0,0,0,0,0,0
2021,5,CLE,REG,LAC,23,32,305,2,0,1,-4,1,0,330,195,12,10.915249161812056,9.510231531899551,1,35,230,3,0,0,10,9.536287536204327,0,23,29,305,2,0,0,330,195,12,14.035429453401406,1,0,32,4,22,3,18,2,2.0,17.0,9,0,0,5,0,0,0,0,1,1,1,1,0,7,77,5,2,17,5,109,2,2,0,0,35.0,1.0,0,0,2,0,0,0,0,0,0,0,0,0,35;31,,,66,0,0,4,4,0,0,1.0,0,0,0,0,0
2021,5,DAL,REG,NYG,23,33,324,3,1,2,-10,0,0,296,108,13,11.600577025937824,4.593505058437586,0,39,201,1,1,1,11,1.4774444805225357,0,23,32,324,3,1,0,296,108,13,14.96838933738924,0,0,34,3,19,1,2,0,0.0,0.0,7,2,63,3,1,0,0,0,1,2,0,0,0,8,58,4,1,17,0,0,3,3,0,0,38.0,1.0,0,0,3,0,0,0,0,0,0,0,0,0,31;38;31,,,100,0,0,5,5,0,0,1.0,0,0,0,0,0
2021,5,DEN,REG,PIT,24,38,288,2,1,2,-20,0,0,336,63,14,7.27228222403219,6.298909868512835,0,18,106,0,0,0,3,0.6199655677191913,0,24,35,288,2,0,0,336,63,14,14.250560355780275,0,0,32,11,23,2,3,1,1.0,9.0,2,0,0,3,0,0,0,0,0,0,1,1,0,7,67,4,2,26,2,40,2,2,0,0,39.0,1.0,0,1,1,0,0,0,0,0,0,0,0,0,39;29,,,68,0,0,1,1,0,0,1.0,0,0,0,0,0
2021,5,DET,REG,MIN,21,35,203,0,1,4,-23,1,1,227,146,11,-14.08202783846655,-1.671061881126896,1,24,108,1,0,0,7,1.0673248184320983,0,21,31,203,0,0,0,227,146,11,-0.20746938069316445,1,0,43,6,28,3,13,1,2.0,11.0,2,1,0,3,0,0,0,0,0,0,1,1,0,3,30,4,2,14,0,0,3,3,0,0,52.0,1.0,0,0,1,1,1,0,0,0,0,0,0,0,39;52;40,,,131,0,0,0,0,0,0,,0,0,0,0,0
2021,5,GB,REG,CIN,27,39,344,2,1,2,-11,0,0,349,158,16,9.052951750712854,15.069372568811689,0,22,133,0,0,0,4,-0.1585789297040452,0,27,35,344,2,0,0,349,158,16,11.627403360650366,0,0,34,5,37,3,16,0,3.0,17.0,8,2,13,5,0,0,0,0,0,0,0,0,0,2,10,5,2,9,1,16,4,7,3,0,49.0,0.5714285714285714,0,1,0,3,0,0,0,0,1,1,1,0,44;44;22;49,36;51;40,,159,127,0,1,2,1,0,0.5,1,1,0,0,49
2021,5,HOU,REG,NE,21,29,312,3,0,3,-19,0,0,266,160,10,17.91204633558163,9.29164864398815,0,24,67,0,0,0,4,-7.058863230457064,0,21,27,312,3,1,1,266,160,10,22.505015487590143,0,0,36,10,28,5,15,1,1.0,5.0,4,1,0,5,0,0,0,0,0,0,1,1,0,8,70,5,1,11,3,70,1,2,1,0,33.0,0.5,0,0,1,0,0,0,0,0,0,0,1,0,33,56,,33,56,0,1,3,2,0,0.3333333333333333,0,0,0,0,0
2021,5,IND,REG,BAL,25,35,402,2,0,2,-12,1,1,204,225,16,16.519276712550596,4.16779710965998,0,26,123,1,0,0,10,3.410973028168992,0,25,34,402,2,0,0,204,225,16,24.545058000595123,0,0,48,4,32,3,6,1,2.0,5.0,5,0,0,1,0,0,0,0,0,0,1,2,0,5,45,7,3,30,2,46,2,4,1,1,43.0,0.5,0,0,1,1,0,0,0,0,0,1,0,0,37;43,47,37,80,47,37,1,2,1,0,0.5,0,0,0,0,0
2021,5,JAX,REG,TEN,23,33,273,1,1,2,-17,0,0,251,132,12,-1.5672936735656227,4.986912463650559,0,31,198,2,0,0,9,3.495541901618708,0,23,33,273,1,1,1,251,132,12,-4.17585260629236,0,0,38,2,20,4,16,0,3.0,13.0,8,0,0,3,0,0,0,0,0,0,0,0,0,4,33,6,0,0,4,85,0,1,1,0,,0.0,0,0,0,0,0,0,0,0,0,0,1,0,,53,,0,53,0,1,2,1,0,0.5,0,0,0,0,0
2021,5,KC,REG,BUF,33,54,272,2,2,2,0,0,0,363,138,16,-9.87495678226908,-3.647564113140106,0,23,120,0,1,1,10,-2.5842351450992282,0,33,50,272,2,0,0,363,138,16,-7.440609007878955,0,0,32,3,11,2,3,0,0.0,0.0,1,0,0,2,0,0,0,0,0,1,0,0,0,7,55,5,0,0,3,92,2,2,0,0,54.0,1.0,0,0,1,0,1,0,0,0,0,0,0,0,38;54,,,92,0,0,2,2,0,0,1.0,0,0,0,0,0
2021,5,LA,REG,SEA,25,37,365,1,1,1,-7,0,0,469,117,16,14.05562873519375,9.665229746273585,0,29,118,2,0,0,8,0.13519856416125275,0,25,35,365,1,0,0,469,117,16,21.402624987676973,0,0,30,4,30,2,21,0,2.0,21.0,5,2,3,5,0,0,0,0,0,0,0,0,0,5,85,4,1,11,4,73,2,2,0,0,47.0,1.0,0,0,1,1,0,0,0,0,0,0,0,0,31;47,,,78,0,0,2,3,1,0,0.6666666666666666,0,0,0,0,0
2021,5,LAC,REG,CLE,26,43,398,4,0,2,-17,0,0,410,215,15,17.25795208678767,-6.022803982098897,1,23,112,3,0,0,9,7.737428961598314,0,26,42,398,4,2,1,410,215,15,16.60249719522847,1,0,46,7,23,3,7,1,1.0,4.0,1,0,0,0,0,0,0,0,0,0,0,0,0,6,49,4,1,12,4,58,0,0,0,0,,,0,0,0,0,0,0,0,0,0,0,0,0,,,,0,0,0,3,5,2,0,0.6,0,0,0,0,0
2021,5,LV,REG,CHI,22,35,206,0,1,3,-18,0,0,319,109,7,-9.29569615281544,-6.847838078226362,0,22,71,1,0,0,6,-1.5874090862926096,0,22,35,206,0,0,0,319,109,7,-5.820778360958987,0,0,40,2,26,1,10,0,2.0,10.0,6,0,0,2,0,0,0,0,0,0,0,0,0,10,82,4,1,9,2,35,1,1,0,0,31.0,1.0,0,0,1,0,0,0,0,0,0,0,0,0,31,,,31,0,0,0,0,0,0,,0,0,0,0,0
2021,5,MIA,REG,TB,27,39,275,2,1,3,-13,1,1,250,159,13,-1.0711508998132495,1.0801989298600416,0,9,39,0,0,0,2,-0.3170200421009213,0,27,39,275,2,0,0,250,159,13,4.35844419628175,0,0,41,0,22,4,17,0,2.0,15.0,6,0,0,2,0,0,0,0,0,0,0,0,0,5,37,2,0,0,0,0,1,1,0,0,23.0,1.0,0,1,0,0,0,0,0,0,0,0,0,0,23,,,23,0,0,2,2,0,0,1.0,0,0,0,0,0
2021,5,MIN,REG,DET,25,34,275,1,1,2,-11,0,0,254,78,12,5.684295446796924,6.463513258964785,0,28,120,0,1,1,5,-9.007892303867266,0,25,31,275,1,0,0,254,78,12,9.532084676559489,0,0,32,7,29,3,19,1,4.0,23.0,7,1,22,4,0,0,0,0,0,0,1,1,0,7,74,4,1,2,4,68,4,5,1,0,55.0,0.8,0,0,2,0,2,0,0,0,0,1,0,0,38;38;55;54,49,,185,49,0,1,1,0,0,1.0,1,1,0,0,54
2021,5,NE,REG,HOU,23,30,231,1,1,1,-5,0,0,235,87,12,8.840626717418198,12.931793608835765,0,30,126,1,1,1,7,-8.015197527982764,0,23,28,231,1,0,0,235,87,12,9.884911485374335,0,0,31,6,28,4,24,0,3.0,19.0,5,0,0,1,0,0,0,0,0,0,1,1,0,5,27,5,1,13,3,65,4,4,0,0,52.0,1.0,0,1,1,0,2,0,0,0,0,0,0,0,52;52;32;21,,,157,0,0,1,2,1,0,0.5,1,1,0,0,21
2021,5,NO,REG,WAS,15,30,279,4,1,2,-8,1,1,365,126,12,7.178353586350568,-4.662448433893068,0,23,98,1,0,0,5,-1.1535865000332706,0,15,28,279,4,0,0,365,126,12,15.062630158150569,0,0,42,3,21,5,17,0,2.0,6.0,8,2,0,12,0,0,0,0,0,0,0,0,0,6,45,6,3,29,1,27,0,0,0,0,,,0,0,0,0,0,0,0,0,0,0,0,0,,,,0,0,0,3,5,2,0,0.6,0,0,0,0,0
2021,5,NYG,REG,DAL,21,39,294,1,2,0,0,0,0,394,133,15,-2.717426873947286,-5.849406364801768,0,25,73,1,1,0,5,-5.582723989727796,0,21,37,294,1,0,0,394,133,15,-1.2784732131695162,0,0,49,1,23,2,11,1,2.0,10.0,5,1,1,4,0,0,0,0,1,2,1,1,0,5,48,3,1,7,2,54,2,3,1,0,51.0,0.6666666666666666,0,0,0,0,2,0,0,0,0,0,1,0,51;51,54,,102,54,0,2,2,0,0,1.0,0,0,0,0,0
2021,5,NYJ,REG,ATL,19,32,192,0,1,2,-26,0,0,276,79,9,-4.802411219212214,-4.121632970148517,1,18,64,2,0,0,6,3.1393388629658148,0,19,31,192,0,1,0,276,79,9,-1.001246550385483,1,0,41,5,37,0,0,3,0.0,0.0,9,0,0,6,0,0,0,0,1,1,2,2,0,7,58,5,0,0,2,92,2,2,0,0,49.0,1.0,0,0,1,1,0,0,0,0,0,0,0,0,31;49,,,80,0,0,0,1,1,0,0.0,0,0,0,0,0
2021,5,PHI,REG,CAR,22,37,198,0,1,2,-16,0,0,291,95,8,-9.480574528082112,-4.92633721407722,1,22,91,2,1,0,7,-3.5023879774380475,0,22,34,198,0,1,1,291,95,8,-10.669490215346055,1,0,38,4,38,5,25,0,3.0,19.0,8,3,25,5,0,0,0,0,0,1,0,0,0,6,60,3,1,22,2,46,2,2,0,0,58.0,1.0,0,0,1,0,1,0,0,0,0,0,0,0,30;58,,,88,0,0,1,1,0,0,1.0,0,0,0,0,0
2021,5,PIT,REG,DEN,15,25,253,2,0,1,-9,1,1,193,150,12,9.34852731680036,-7.362532258033752,0,35,147,1,0,0,5,-1.0950400968768879,0,15,25,253,2,0,0,193,150,12,15.40194799073976,0,0,33,5,19,4,25,0,2.0,20.0,5,1,0,7,0,0,0,0,0,0,0,0,0,8,59,4,1,0,2,35,2,2,0,0,48.0,1.0,0,0,0,2,0,0,0,0,0,0,0,0,48;43,,,91,0,0,3,3,0,0,1.0,0,0,0,0,0
2021,5,SEA,REG,LA,21,33,283,2,2,2,-21,0,0,341,112,13,2.206520497172143,4.329277714714408,0,25,92,0,0,0,5,-7.227231994271278,0,21,32,283,2,0,0,341,112,13,6.781435162017125,0,0,44,5,19,5,13,0,1.0,7.0,3,1,0,4,0,0,0,0,0,0,0,0,0,3,20,6,1,13,2,46,1,2,1,0,32.0,0.5,0,0,1,0,0,0,0,0,1,0,0,0,32,35,,32,35,0,2,2,0,0,1.0,0,0,0,0,0
2021,5,SF,REG,ARI,15,29,192,0,1,2,-6,0,0,261,94,9,-6.802042994454631,-10.71907441530909,0,28,152,1,0,0,7,-3.449919809063431,0,15,28,192,0,0,0,261,94,9,0.2350648678446774,0,0,31,6,24,4,36,1,2.0,29.0,3,0,0,2,0,0,0,0,0,0,1,1,0,7,60,4,2,6,0,0,1,1,0,0,47.0,1.0,0,0,0,1,0,0,0,0,0,0,0,0,47,,,47,0,0,1,1,0,0,1.0,0,0,0,0,0
2021,5,TB,REG,MIA,33,44,452,5,0,2,-15,0,0,449,238,26,32.271132677882505,15.150119222345806,0,25,121,1,0,0,5,-2.895875755695241,0,33,42,452,5,0,0,449,238,26,35.34537539086887,0,0,32,0,10,0,0,1,3.0,13.0,7,1,6,3,0,0,0,0,0,0,1,1,0,6,47,3,1,0,0,0,1,2,1,0,42.0,0.5,0,0,0,1,0,0,0,0,0,0,0,1,42,60,,42,60,0,6,6,0,0,1.0,0,0,0,0,0
2021,5,TEN,REG,JAX,14,22,197,1,0,3,-13,0,0,166,104,10,6.578955086358247,0.21375744115738643,0,36,184,3,0,0,12,9.352343803475378,0,14,21,197,1,0,0,166,104,10,11.377163945377106,0,0,50,0,14,5,23,1,2.0,17.0,5,1,0,6,0,0,0,0,0,0,1,1,1,7,44,3,0,0,0,0,1,1,0,0,34.0,1.0,0,0,1,0,0,0,0,0,0,0,0,0,34,,,34,0,0,4,5,1,0,0.8,0,0,0,0,0
2021,5,WAS,REG,NO,20,41,248,0,2,2,-6,0,0,398,108,11,-13.309267203228158,-12.051729167379984,0,33,131,2,0,0,11,2.1373300524719525,0,20,41,248,0,0,0,398,108,11,-10.91527656735627,0,0,27,2,24,1,8,1,2.0,8.0,9,1,23,4,0,0,0,0,0,0,1,1,0,5,37,4,1,10,2,48,3,3,0,0,45.0,1.0,0,2,0,1,0,0,0,0,0,0,0,0,45;23;24,,,92,0,0,1,1,0,0,1.0,0,0,0,0,0
2021,6,ARI,REG,CLE,20,30,229,4,0,2,-21,0,0,264,76,11,14.576906818488192,9.54547609601702,0,37,144,0,4,0,12,-4.141565821773838,0,20,28,229,4,0,0,264,76,11,19.932761010656698,0,0,32,7,21,5,26,2,5.0,23.0,6,1,23,6,0,0,0,0,4,6,2,2,0,5,45,3,2,8,1,23,3,3,0,0,51.0,1.0,0,0,2,0,1,0,0,0,0,0,0,0,36;51;33,,,120,0,0,4,4,0,0,1.0,0,0,0,0,0
2021,6,BAL,REG,LAC,19,27,167,1,2,3,-27,0,0,179,71,13,-3.385802953035329,5.374659873821117,0,38,187,3,0,0,14,7.2182847662770655,0,19,27,167,1,2,0,179,71,13,-0.09494921815045221,0,0,29,2,24,4,16,0,2.0,13.0,4,1,0,7,0,0,0,0,1,1,0,0,0,2,15,1,3,44,2,70,2,2,0,0,52.0,1.0,0,0,1,0,1,0,0,0,0,0,0,0,52;39,,,91,0,0,4,4,0,0,1.0,0,0,0,0,0
2021,6,BUF,REG,TEN,35,47,353,3,1,3,-18,0,0,385,124,23,15.0100064993723,13.914751807848612,1,23,82,0,0,0,3,-6.043618266645353,0,35,45,353,3,1,0,385,124,23,18.791341922120047,1,0,33,7,13,2,4,0,0.0,0.0,3,1,17,3,0,0,0,0,0,0,0,0,0,8,60,3,2,6,3,77,3,3,0,0,52.0,1.0,0,2,0,0,1,0,0,0,0,0,0,0,24;28;52,,,104,0,0,2,2,0,0,1.0,0,0,0,0,0
2021,6,CAR,REG,MIN,17,41,207,1,1,4,-19,1,1,423,91,8,-16.0641826740881,-20.30991506882203,1,23,118,1,0,0,8,3.028108013328165,0,17,39,207,1,1,1,423,91,8,-10.120512240374978,1,1,57,7,21,6,19,3,0.0,0.0,3,0,0,7,0,0,0,4,0,0,1,1,0,6,28,5,2,5,1,24,2,2,0,0,47.0,1.0,0,1,0,1,0,0,0,0,0,0,0,0,47;23,,,70,0,0,2,2,0,0,1.0,0,0,0,0,0
2021,6,CHI,REG,GB,16,27,174,1,1,4,-37,0,0,327,50,10,-4.224770951026585,-0.3452732563018799,0,26,140,1,0,0,11,5.359533156937687,0,16,25,174,1,0,0,327,50,10,6.1072711198357865,0,0,33,4,24,3,26,0,3.0,26.0,4,0,0,1,0,0,0,0,1,2,0,0,0,7,54,5,2,11,4,110,0,0,0,0,,,0,0,0,0,0,0,0,0,0,0,0,0,,,,0,0,0,2,2,0,0,1.0,0,0,0,0,0
2021,6,CIN,REG,DET,20,30,278,4,1,2,-22,0,0,216,141,10,12.156878727901125,-1.6105563476167877,0,36,142,0,0,0,8,-2.0545400439295918,0,20,29,278,4,1,0,216,141,10,17.264157964316333,0,0,47,3,11,4,19,0,1.0,10.0,5,1,0,5,0,0,0,0,1,1,0,0,0,4,31,5,3,26,1,2,2,2,0,0,40.0,1.0,0,0,1,1,0,0,0,0,0,0,0,0,38;40,,,78,0,0,4,4,0,0,1.0,0,0,0,0,0
2021,6,CLE,REG,ARI,20,31,240,2,1,5,-23,2,2,241,73,11,-9.979576004610863,-3.0412482638512888,0,19,73,0,0,0,4,-4.884147411969025,0,20,31,240,2,0,0,241,73,11,6.437642378674354,0,0,35,10,22,4,24,0,2.0,21.0,3,0,0,3,0,0,0,0,0,0,0,0,0,9,88,4,2,29,2,54,0,0,0,0,,,0,0,0,0,0,0,0,0,0,0,0,0,,,,0,0,0,2,2,0,0,1.0,0,0,0,0,0
2021,6,DAL,REG,NE,36,51,445,3,1,0,0,0,0,458,197,25,22.495623612446284,10.073629873139518,0,31,122,0,1,1,5,-9.094350786446066,0,36,49,445,3,0,0,458,197,25,24.06366027491916,0,0,31,8,14,1,7,1,2.0,14.0,5,1,42,1,1,1,0,5,1,1,1,1,0,12,115,6,2,-1,3,74,3,4,1,0,49.0,0.75,0,0,1,2,0,0,0,0,0,0,1,0,30;45;49,51,,124,51,0,2,2,0,0,1.0,0,0,0,0,0
2021,6,DEN,REG,LV,35,49,334,3,3,5,-25,0,0,491,121,18,3.861055385361068,10.12416835874319,0,23,112,0,1,1,7,-3.984103954746388,0,35,48,334,3,0,0,491,121,18,9.125150055780649,0,0,31,2,20,1,1,0,2.0,1.0,3,0,0,1,0,0,0,0,0,0,0,0,0,6,53,4,0,0,4,66,1,1,0,0,32.0,1.0,0,0,1,0,0,0,0,0,0,0,0,0,32,,,32,0,0,3,3,0,0,1.0,0,0,0,0,0
2021,6,DET,REG,CIN,28,42,202,0,1,1,-10,0,0,268,89,12,-7.011823777547957,-2.7894046826240344,1,18,36,1,0,0,3,-3.547944921476301,0,28,39,202,0,0,0,268,89,12,-1.6088290976788047,1,0,43,3,23,3,24,1,2.0,22.0,5,1,18,5,0,0,0,0,0,0,0,0,0,9,77,3,3,25,4,89,1,1,0,0,35.0,1.0,0,0,1,0,0,0,0,0,0,0,0,0,35,,,35,0,0,0,0,0,0,,0,0,0,0,0
2021,6,GB,REG,CHI,17,23,195,2,0,3,-26,0,0,195,128,10,6.792425695280425,12.779448429743448,0,31,154,1,0,0,10,3.655015352065675,0,17,21,195,2,0,0,195,128,10,12.788400405724413,0,0,45,2,6,4,37,0,4.0,37.0,4,1,0,1,0,0,0,0,0,0,0,0,0,3,51,6,2,16,1,23,1,1,0,0,39.0,1.0,0,0,1,0,0,0,0,0,0,0,0,0,39,,,39,0,0,3,3,0,0,1.0,0,0,0,0,0
2021,6,HOU,REG,IND,29,43,243,0,2,2,-14,0,0,279,113,12,-8.99938089727458,-1.9808316514605568,0,29,124,0,1,1,7,-7.553757055196911,0,29,42,243,0,0,0,279,113,12,-5.590737357512456,0,0,28,8,12,2,9,0,2.0,9.0,5,0,0,1,0,0,0,0,0,0,0,0,0,4,25,2,1,3,4,91,1,1,0,0,31.0,1.0,0,0,1,0,0,0,0,0,0,0,0,0,31,,,31,0,0,0,0,0,0,,0,0,0,0,0
2021,6,IND,REG,HOU,11,20,223,2,0,2,-9,0,0,244,52,8,6.661802014852183,-1.0693922638893127,0,26,174,2,0,0,7,6.630887171486393,0,11,18,223,2,0,0,244,52,8,11.843943968007807,0,0,45,17,23,5,20,1,2.0,14.0,5,2,16,4,0,0,0,0,0,0,1,1,0,2,10,2,2,8,2,58,1,1,0,0,41.0,1.0,0,0,0,1,0,0,0,0,0,0,0,0,41,,,41,0,0,4,4,0,0,1.0,0,0,0,0,0
2021,6,JAX,REG,MIA,25,41,319,1,0,2,-7,1,1,306,131,16,9.38640698358796,-5.38277342915535,0,19,84,1,0,0,4,-3.8943347707390785,0,25,40,319,1,0,0,306,131,16,15.437144068932696,0,0,36,7,27,1,1,1,0.0,0.0,3,1,11,4,0,0,0,0,0,0,0,0,0,8,54,4,0,0,3,55,3,3,0,0,54.0,1.0,0,0,0,1,2,0,0,0,0,0,0,0,40;54;53,,,147,0,0,2,2,0,0,1.0,1,1,0,0,53
2021,6,KC,REG,WAS,32,47,397,2,2,3,-7,0,0,350,167,21,12.334406197804613,5.13447708553738,0,28,109,2,1,1,8,-2.488077924819663,0,32,46,397,2,0,0,350,167,21,16.270901766466096,0,0,39,1,15,2,8,1,0.0,0.0,7,1,0,4,0,0,0,0,1,1,1,1,0,5,47,3,2,56,1,23,1,1,0,0,52.0,1.0,0,0,0,0,1,0,0,0,0,0,0,0,52,,,52,0,0,4,4,0,0,1.0,0,0,0,0,0
2021,6,LA,REG,NYG,22,30,251,4,2,2,-17,0,0,236,113,15,14.984159431391163,6.266175111134847,0,34,131,1,0,0,7,-4.215077317704873,0,22,30,251,4,0,0,236,113,15,20.369800787157146,0,0,44,1,27,2,11,2,4.0,41.0,7,3,32,5,0,0,0,0,1,1,1,1,0,7,50,4,3,36,3,44,1,1,0,0,32.0,1.0,0,0,1,0,0,0,0,0,0,0,0,0,32,,,32,0,0,5,5,0,0,1.0,0,0,0,0,0
2021,6,LAC,REG,BAL,22,39,195,1,1,2,-13,0,0,254,110,11,-14.143002570664976,-12.39349100834284,0,12,26,0,0,0,3,-3.234116326260846,0,22,39,195,1,0,0,254,110,11,-10.657333930081222,0,0,43,3,27,4,30,1,3.0,27.0,8,2,22,2,0,0,0,0,0,0,0,0,0,4,35,4,0,0,5,82,0,0,0,0,,,0,0,0,0,0,0,0,0,0,0,0,0,,,,0,0,0,0,1,1,0,0.0,0,0,0,0,0
2021,6,LV,REG,DEN,18,27,341,2,0,2,-1,0,0,320,128,11,16.494320422538213,9.725380420684814,0,23,86,2,1,0,5,-0.9647081106086262,0,18,25,341,2,0,0,320,128,11,20.806878714757715,0,0,43,2,40,1,6,1,5.0,25.0,17,3,41,8,0,0,0,0,1,2,1,1,0,6,54,3,1,5,0,0,2,3,1,0,50.0,0.6666666666666666,0,0,1,0,1,0,0,0,0,1,0,0,50;30,43,,80,43,0,4,4,0,0,1.0,0,0,0,0,0
2021,6,MIA,REG,JAX,34,48,354,2,1,0,0,0,0,391,124,18,10.802896400308393,6.545283439311575,0,20,77,0,1,0,4,-1.982681268302258,0,34,47,354,2,0,0,391,124,18,10.98196456066814,0,0,35,6,18,1,4,1,2.0,7.0,7,0,0,4,0,0,0,0,1,1,1,1,0,7,55,6,0,0,2,38,2,3,1,0,33.0,0.6666666666666666,0,1,1,0,0,0,0,0,0,0,1,0,33;24,58,,57,58,0,2,2,0,0,1.0,0,0,0,0,0
2021,6,MIN,REG,CAR,33,48,373,3,0,0,0,0,0,373,183,16,13.884028412430567,9.551076789697012,0,36,198,1,2,0,12,-1.304075143896509,0,33,45,373,3,1,1,373,183,16,10.052949586041558,0,0,32,2,24,1,8,2,4.0,19.0,5,1,8,5,0,1,0,0,2,3,2,2,0,11,98,5,3,7,2,68,3,5,2,0,38.0,0.6,0,2,1,0,0,0,0,0,0,1,1,0,25;25;38,50;47,,88,97,0,1,1,0,0,1.0,0,0,0,0,0
2021,6,NE,REG,DAL,15,21,229,2,1,2,-14,1,1,172,98,9,-3.2449553656768986,6.942570493334816,1,27,120,2,0,0,6,2.617086512676906,0,15,21,229,2,0,0,172,98,9,4.350577024146449,1,0,54,15,19,1,1,2,0.0,0.0,4,1,29,7,0,0,0,0,0,0,1,1,0,5,47,5,1,23,2,47,0,0,0,0,,,0,0,0,0,0,0,0,0,0,0,0,0,,,,0,0,0,3,3,0,0,1.0,0,0,0,0,0
2021,6,NYG,REG,LA,29,51,242,0,3,4,-41,2,1,350,114,15,-14.701686445763373,-9.59306936711073,1,18,60,1,0,0,4,-4.8186003477312624,0,29,48,242,0,0,0,350,114,15,-3.022009129484689,1,0,41,6,34,2,11,0,2.0,17.0,4,2,23,6,0,0,0,0,1,1,0,0,0,5,27,5,0,0,6,145,1,1,0,0,27.0,1.0,0,1,0,0,0,0,0,0,0,0,0,0,27,,,27,0,0,0,0,0,0,,0,0,0,0,0
2021,6,PHI,REG,TB,12,26,115,1,1,2,-2,0,0,284,38,5,-6.575849391427527,-11.024804537494978,1,19,100,2,0,0,8,7.5818819355918095,0,12,24,115,1,0,0,284,38,5,-4.403438898001967,1,0,41,4,38,2,8,0,0.0,0.0,3,1,6,3,0,0,0,0,0,0,0,0,0,4,41,3,1,0,0,0,0,1,1,0,,0.0,0,0,0,0,0,0,0,0,0,1,0,0,,46,,0,46,0,2,2,0,0,1.0,0,0,0,0,0
2021,6,PIT,REG,SEA,29,40,229,1,0,1,-3,1,1,273,106,14,-1.09611506370636,5.8404324146417474,0,30,119,1,0,0,6,0.2421290485020524,0,29,39,229,1,0,0,273,106,14,5.271037984343298,0,0,37,11,27,9,43,3,5.0,44.0,8,0,0,5,0,0,0,0,0,0,1,1,0,5,38,3,4,29,3,73,3,3,0,0,52.0,1.0,0,1,1,0,1,0,0,0,0,0,0,0,27;52;37,,,116,0,0,2,2,0,0,1.0,1,1,0,0,37
2021,6,SEA,REG,PIT,23,32,209,1,0,5,-44,1,1,99,133,9,-7.984436925982465,0.5111885647619924,0,27,144,1,0,0,8,5.246297964593396,0,23,31,209,1,2,0,99,133,9,3.1149562354548834,0,0,41,13,31,1,1,0,0.0,0.0,1,0,0,3,0,0,0,0,2,2,1,1,0,6,45,6,3,20,3,97,2,2,0,0,43.0,1.0,0,0,0,2,0,0,0,0,0,0,0,0,40;43,,,83,0,0,2,2,0,0,1.0,0,0,0,0,0
2021,6,TB,REG,PHI,34,42,297,2,1,0,0,0,0,283,191,17,13.495770434703445,12.943631197725024,0,31,102,2,0,0,8,0.1914439586107619,0,34,42,297,2,0,0,283,191,17,13.495770434703445,0,0,24,2,12,3,5,0,2.0,2.0,6,1,0,7,0,0,0,0,0,0,0,0,0,7,120,3,3,21,0,0,0,0,0,0,,,0,0,0,0,0,0,0,0,0,0,0,0,,,,0,0,0,4,4,0,0,1.0,0,0,0,0,0
2021,6,TEN,REG,BUF,18,29,216,0,1,0,0,0,0,254,84,9,7.008122111278633,2.605725646018982,0,22,146,4,0,0,6,5.597878097760258,0,18,25,216,0,0,0,254,84,9,10.297286367815966,0,0,46,10,22,2,15,1,3.0,18.0,8,1,16,6,0,0,0,0,0,0,0,0,0,7,91,1,1,0,7,132,2,2,0,0,43.0,1.0,0,0,1,1,0,0,0,0,0,0,0,0,43;38,,,81,0,0,4,4,0,0,1.0,0,0,0,0,0
2021,6,WAS,REG,KC,24,39,182,1,1,0,0,0,0,275,133,8,-5.7160549873900806,-6.753901869822771,0,19,94,0,1,1,6,-4.045184393762611,0,24,39,182,1,0,0,275,133,8,-5.7160549873900806,0,0,49,5,25,2,2,1,3.0,7.0,10,2,5,3,0,0,0,0,0,0,1,1,0,6,44,2,0,0,3,57,2,3,1,0,50.0,0.6666666666666666,0,0,0,1,1,0,0,0,0,1,0,0,50;43,42,,93,42,0,1,1,0,0,1.0,0,0,0,0,0
2021,7,ARI,REG,HOU,20,28,261,3,1,4,-36,0,0,253,82,15,8.62684972672655,2.485248340027673,0,37,172,1,0,0,8,-2.704599021381,0,20,28,261,3,0,0,253,82,15,14.972427230921356,0,0,33,7,17,4,16,1,2.0,17.0,5,0,0,2,0,0,0,0,1,2,1,1,0,7,54,3,2,27,1,22,1,1,0,0,31.0,1.0,0,0,1,0,0,0,0,0,0,0,0,0,31,,,31,0,0,4,4,0,0,1.0,0,0,0,0,0
2021,7,ATL,REG,MIA,25,40,336,2,1,1,-11,0,0,368,80,15,11.177175974154776,-3.2796098253665824,0,22,72,1,1,1,5,-4.760373010998592,0,25,39,336,2,0,0,368,80,15,13.433049926681376,0,0,43,7,33,3,16,0,1.0,10.0,3,2,56,6,0,0,0,0,0,0,0,0,0,3,29,5,1,17,2,43,3,3,0,0,36.0,1.0,0,0,3,0,0,0,0,0,0,0,0,0,33;36;36,,,105,0,0,3,3,0,0,1.0,1,1,0,0,36
2021,7,BAL,REG,CIN,20,42,296,1,0,5,-18,0,0,584,97,12,-13.550811255078791,-15.23332704858082,0,24,115,1,0,0,8,3.578607219038531,0,20,41,296,1,1,0,584,97,12,-5.456718024409406,0,0,32,3,25,3,7,1,1.0,7.0,7,1,0,6,0,0,0,0,1,1,0,0,0,5,46,3,2,37,2,45,1,1,0,0,45.0,1.0,0,0,0,1,0,0,0,0,0,0,0,0,45,,,45,0,0,2,2,0,0,1.0,0,0,0,0,0
2021,7,CAR,REG,NYG,19,39,145,0,1,6,-28,0,0,290,91,8,-23.831270117266037,-18.0362111643741,0,17,56,0,0,0,3,1.828493507404346,0,19,38,145,0,0,0,290,91,8,-13.247085586492835,0,0,33,8,38,5,27,0,2.0,20.0,5,0,0,1,0,0,0,0,0,0,0,0,0,7,37,2,2,14,3,39,1,1,0,0,45.0,1.0,0,0,0,1,0,0,0,0,0,0,0,0,45,,,45,0,0,0,0,0,0,,0,0,0,0,0
2021,7,CHI,REG,TB,22,32,184,0,3,4,-16,3,2,206,110,11,-25.489263035419,2.3665262806800103,0,29,143,0,0,0,7,-2.8803212502680253,0,22,31,184,0,0,0,206,110,11,-10.100691091156634,0,0,42,4,22,3,8,2,0.0,0.0,1,0,0,6,0,0,0,0,2,3,1,1,0,4,32,3,2,13,0,0,1,1,0,0,28.0,1.0,0,1,0,0,0,0,0,0,0,0,0,0,28,,,28,0,0,0,0,0,0,,0,0,0,0,0
2021,7,CIN,REG,BAL,23,38,416,3,1,1,-7,0,0,389,204,15,19.762691195540242,3.7635995695988336,0,24,111,2,0,0,3,-0.9583575245342217,0,23,36,416,3,1,0,389,204,15,21.70852399112016,0,0,38,6,20,7,25,1,5.0,18.0,7,0,0,5,0,0,0,0,0,0,0,0,0,1,5,4,3,20,0,0,2,2,0,0,52.0,1.0,0,0,1,0,1,0,0,0,0,0,0,0,52;30,,,82,0,0,5,5,0,0,1.0,0,0,0,0,0
2021,7,CLE,REG,DEN,21,33,199,1,0,1,-5,0,0,228,127,11,4.764441032461846,-1.416087057441473,0,33,182,1,0,0,12,7.054085106790083,0,21,32,199,1,0,0,228,127,11,6.570828398315726,0,0,28,3,21,0,0,0,2.0,5.0,5,1,0,4,0,0,0,0,0,0,0,0,0,9,60,2,2,13,1,26,1,2,0,1,52.0,0.5,0,0,0,0,1,0,0,0,0,0,0,0,52,,41,52,0,41,2,2,0,0,1.0,0,0,0,0,0
2021,7,DEN,REG,CLE,23,33,187,2,1,2,-5,0,0,174,102,11,6.326554603932891,4.9864016473293304,0,14,41,0,0,0,3,-0.9211751688853838,0,23,32,187,2,0,0,174,102,11,9.868494370311964,0,0,39,1,31,3,9,0,1.0,5.0,5,0,0,3,0,0,0,0,0,0,0,0,0,2,15,4,2,16,3,56,0,0,0,0,,,0,0,0,0,0,0,0,0,0,0,0,0,,,,0,0,0,2,2,0,0,1.0,0,0,0,0,0
2021,7,DET,REG,LA,23,37,285,1,2,2,-7,0,0,141,195,11,2.668034827328408,-3.4689984284341335,0,28,137,0,0,0,7,1.687321415363161,0,23,32,285,1,0,0,141,195,11,7.974640433972743,0,0,33,3,27,1,7,0,1.0,7.0,1,0,0,4,0,0,0,0,0,0,0,0,0,8,77,6,0,0,1,27,4,4,0,0,47.0,1.0,0,0,2,2,0,0,0,0,0,0,0,0,37;47;41;31,,,156,0,0,1,1,0,0,1.0,0,0,0,0,0
2021,7,GB,REG,WAS,27,35,274,3,0,3,-27,0,0,204,123,16,10.892633419566872,10.260813113521127,0,15,57,0,1,1,2,-5.941377600072883,0,27,34,274,3,1,0,204,123,16,17.595596325672396,0,0,48,5,15,1,13,4,4.0,33.0,9,1,0,6,0,0,0,0,1,1,1,1,0,4,36,5,0,0,0,0,1,2,0,1,39.0,0.5,0,0,1,0,0,0,0,0,0,0,0,0,39,,34,39,0,34,3,3,0,0,1.0,0,0,0,0,0
2021,7,HOU,REG,ARI,23,32,135,0,0,2,-17,1,1,153,58,6,-16.395969196806718,0.11796047610621299,0,15,42,0,0,0,0,-6.137608775869012,0,23,31,135,0,0,0,153,58,6,-7.851248976194356,0,0,44,6,20,9,43,0,4.0,36.0,4,1,15,5,0,0,1,0,0,0,0,0,0,8,80,1,4,51,2,42,1,1,0,0,53.0,1.0,0,0,0,0,1,0,0,0,0,0,0,0,53,,,53,0,0,0,0,0,0,,0,0,0,0,0
2021,7,IND,REG,SF,17,26,150,2,0,1,-3,1,1,191,70,6,-4.1739901294828305,-0.5118339107586787,0,33,148,2,3,1,9,-1.729402170254616,0,17,26,150,2,0,0,191,70,6,1.9582262244179,0,0,33,3,27,3,8,2,2.0,12.0,5,2,4,4,0,0,0,0,2,2,2,2,0,6,45,2,1,5,1,14,1,1,0,0,42.0,1.0,0,0,0,1,0,0,0,0,0,0,0,0,42,,,42,0,0,3,3,0,0,1.0,0,0,0,0,0
2021,7,KC,REG,TEN,31,51,288,0,1,4,-31,1,0,374,130,16,-2.73666622491287,-2.638811649133762,0,13,77,0,1,1,5,-0.2373706605285406,0,31,48,288,0,1,1,374,130,16,4.400186099346808,0,0,40,6,28,3,14,0,1.0,9.0,4,1,1,3,0,0,0,0,1,1,0,0,0,9,77,1,0,0,0,0,1,2,1,0,42.0,0.5,0,0,0,1,0,0,0,0,0,0,1,0,42,57,,42,57,0,0,0,0,0,,0,0,0,0,0
2021,7,LA,REG,DET,28,41,334,3,0,1,-7,0,0,383,139,17,15.091598226720237,0.6953697379042463,1,19,47,0,0,0,2,-6.01085680717574,0,28,41,334,3,0,0,383,139,17,17.370139806562804,1,0,33,6,34,4,11,0,2.0,7.0,4,2,25,3,0,0,0,0,0,0,0,0,0,4,35,3,0,0,4,70,2,2,0,0,47.0,1.0,0,0,1,1,0,0,0,0,0,0,0,0,33;47,,,80,0,0,2,2,0,0,1.0,0,0,0,0,0
2021,7,LV,REG,PHI,31,34,323,2,1,0,0,0,0,193,146,16,18.342778574178514,17.77816642733181,0,29,119,2,0,0,8,-4.713652061312848,0,31,34,323,2,0,0,193,146,16,18.342778574178514,0,0,35,2,28,3,16,2,2.0,13.0,7,0,0,7,0,0,0,0,0,0,2,2,0,7,65,3,1,15,0,0,2,2,0,0,39.0,1.0,0,1,1,0,0,0,0,0,0,0,0,0,28;39,,,67,0,0,3,4,1,0,0.75,0,0,0,0,0
2021,7,MIA,REG,ATL,32,40,291,4,2,1,-10,0,0,242,118,17,5.602380278522623,12.371470555663109,0,29,132,0,0,0,9,1.7819005233468488,0,32,40,291,4,0,0,242,118,17,7.476571599489552,0,0,29,9,23,1,11,1,1.0,11.0,6,1,0,7,0,0,0,0,0,0,1,1,0,6,44,3,2,16,2,29,0,1,0,1,,0.0,0,0,0,0,0,0,0,0,0,0,0,0,,,49,0,0,49,4,4,0,0,1.0,0,0,0,0,0
2021,7,NE,REG,NYJ,28,41,411,3,0,1,-8,0,0,340,244,17,25.886590155798988,2.6595848362620282,0,32,148,4,0,0,12,7.913871815340826,0,28,40,411,3,0,0,340,244,17,28.981469470974456,0,0,36,3,21,4,21,1,2.0,16.0,6,2,14,7,0,0,0,0,0,0,1,1,0,6,95,3,2,30,2,57,2,2,0,0,50.0,1.0,0,0,1,0,1,0,0,0,0,0,0,0,39;50,,,89,0,0,6,7,1,0,0.8571428571428571,0,0,0,0,0
2021,7,NO,REG,SEA,19,35,222,1,0,2,-12,0,0,297,151,10,-0.3058422738265061,-6.902514351531863,0,31,94,0,0,0,7,-8.236126715899445,0,19,32,222,1,1,1,297,151,10,-1.916356593439346,0,0,33,5,25,9,47,0,5.0,38.0,8,0,0,4,0,0,0,0,1,1,0,0,0,7,90,6,1,2,1,33,2,2,0,0,33.0,1.0,0,1,1,0,0,0,0,0,0,0,0,0,21;33,,,54,0,0,1,1,0,0,1.0,0,0,0,0,0
2021,7,NYG,REG,CAR,24,34,219,1,0,2,-20,0,0,226,114,11,-1.0197552169514568,2.1968526370597607,0,31,103,1,0,0,7,-5.914811800584305,0,24,33,219,1,0,0,226,114,11,3.9205692855217746,0,0,30,10,24,6,27,0,6.0,28.0,10,1,14,7,0,1,1,0,1,1,0,0,0,8,60,1,5,12,1,23,3,3,0,0,53.0,1.0,0,0,0,2,1,0,0,0,0,0,0,0,49;53;44,,,146,0,0,2,2,0,0,1.0,0,0,0,0,0
2021,7,NYJ,REG,NE,26,42,253,1,2,2,-16,0,0,260,148,13,0.10222175157451963,-5.918255811784325,0,17,62,1,0,0,3,-4.739826240533032,0,26,41,253,1,1,1,260,148,13,0.7588413739175066,0,0,43,6,20,3,11,0,1.0,8.0,4,0,0,5,0,0,0,0,0,0,0,0,0,5,29,1,0,0,6,141,0,1,1,0,,0.0,0,0,0,0,0,0,0,0,0,1,0,0,,48,,0,48,0,1,1,0,0,1.0,0,0,0,0,0
2021,7,PHI,REG,LV,18,34,236,2,0,2,-13,0,0,405,70,12,4.160966624433175,-7.157785181076296,1,32,135,1,2,2,10,-2.221076297806576,0,18,31,236,2,0,0,405,70,12,10.72619268436404,1,0,34,3,39,2,4,0,0.0,0.0,2,1,-1,2,0,0,0,0,0,1,0,0,0,4,37,5,1,6,2,49,0,0,0,0,,,0,0,0,0,0,0,0,0,0,0,0,0,,,,0,0,0,2,2,0,0,1.0,0,0,0,0,0
2021,7,SEA,REG,NO,12,22,167,1,0,5,-38,0,0,219,108,6,-3.941079011563466,-1.3869822025299072,0,28,90,0,0,0,4,-2.652594721461914,0,12,19,167,1,0,0,219,108,6,4.508542335840222,0,0,37,2,24,3,6,1,2.0,12.0,4,0,0,4,0,0,0,0,0,0,1,1,0,6,53,6,2,19,3,53,1,3,2,0,50.0,0.3333333333333333,0,0,0,0,1,0,0,0,0,1,1,0,50,44;53,,50,97,0,1,1,0,0,1.0,0,0,0,0,0
2021,7,SF,REG,IND,16,27,181,1,2,2,-12,1,1,237,49,8,-10.673977914469123,-5.680618352360195,0,24,111,1,1,0,6,-1.2211669029202312,0,16,27,181,1,1,1,237,49,8,-7.935183686465297,0,0,32,10,28,5,8,3,1.0,3.0,3,0,0,5,0,0,0,0,1,1,2,2,0,7,122,3,3,21,5,119,2,2,0,0,56.0,1.0,0,0,1,0,1,0,0,0,0,0,0,0,34;56,,,90,0,0,0,1,1,0,0.0,0,0,0,0,0
2021,7,TB,REG,CHI,22,39,226,4,0,0,0,0,0,288,96,13,8.609914701514729,-8.669511553568718,0,31,182,1,1,1,12,1.207115480559878,0,22,39,226,4,0,0,288,96,13,8.609914701514729,0,0,48,1,13,5,10,3,4.0,16.0,6,3,43,4,0,1,0,0,1,1,2,2,0,1,10,3,1,43,1,17,1,2,1,0,22.0,0.5,0,1,0,0,0,0,0,0,0,1,0,0,22,43,,22,43,0,5,5,0,0,1.0,0,0,0,0,0
2021,7,TEN,REG,KC,22,28,275,2,1,1,-9,0,0,206,131,13,15.071173098586685,16.525231356974,0,35,103,1,0,0,9,-3.2579616988659836,0,22,27,275,2,0,0,206,131,13,16.295255039012158,0,0,40,5,11,4,27,3,4.0,31.0,9,1,0,3,0,0,0,0,0,0,2,2,0,6,31,6,0,0,1,17,2,2,0,0,51.0,1.0,0,0,1,0,1,0,0,0,0,0,0,0,34;51,,,85,0,0,3,3,0,0,1.0,0,0,0,0,0
2021,7,WAS,REG,GB,25,37,268,1,1,4,-33,1,1,257,132,15,-10.54509391379168,3.7890334096219807,0,29,195,0,3,0,9,3.44164128031116,0,25,36,268,1,0,0,257,132,15,-1.8707827337303002,0,0,34,2,12,4,28,2,3.0,27.0,6,0,0,2,0,0,0,0,3,3,1,1,0,4,50,3,0,0,4,100,1,2,0,1,45.0,0.5,0,0,0,1,0,0,0,0,0,0,0,0,45,,42,45,0,42,1,1,0,0,1.0,0,0,0,0,0
2021,8,ARI,REG,GB,22,33,274,0,2,2,-14,0,0,304,139,12,0.6380113517516293,1.2751713875801332,0,20,74,3,1,0,8,2.1277672673459165,0,22,31,274,0,0,0,304,139,12,6.8996647714520805,0,0,37,5,35,2,4,2,1.0,0.0,4,0,0,5,0,1,0,0,1,2,0,0,0,7,59,4,3,14,3,60,0,0,0,0,,,0,0,0,0,0,0,0,0,0,0,0,0,,,,0,0,0,3,3,0,0,1.0,0,0,0,0,0
2021,8,ATL,REG,CAR,20,27,146,1,2,3,-15,0,0,194,70,11,-8.301217018251043,5.241757189785993,0,20,82,0,1,0,3,-2.9831340163364075,0,20,27,146,1,0,0,194,70,11,-3.2365419687439836,0,0,43,9,25,3,5,1,0.0,0.0,3,0,0,4,0,0,0,0,1,2,1,1,0,3,15,4,2,21,1,25,2,3,1,0,53.0,0.6666666666666666,0,0,0,1,1,0,0,0,0,1,0,0,46;53,45,,99,45,0,1,1,0,0,1.0,0,0,0,0,0
2021,8,BUF,REG,MIA,29,43,249,2,0,0,0,0,0,256,156,15,5.1273688073613,0.949006909277381,0,23,102,1,1,0,5,-2.171527244011929,0,29,41,249,2,0,0,256,156,15,8.908660846563826,0,0,38,6,16,4,11,1,2.0,11.0,6,1,26,4,0,0,0,0,0,0,1,1,0,9,80,5,2,25,2,37,2,2,0,0,57.0,1.0,0,0,1,0,1,0,0,0,0,0,0,0,57;39,,,96,0,0,2,2,0,0,1.0,0,0,0,0,0
2021,8,CAR,REG,ATL,13,25,129,0,0,0,0,0,0,122,68,7,1.0652079589897645,-15.881909181674322,0,47,203,1,1,1,13,2.2466736683982775,0,13,24,129,0,0,0,122,68,7,1.7277986777014909,0,0,34,3,17,4,17,0,3.0,15.0,8,2,10,6,0,0,0,0,0,0,0,0,0,8,76,6,0,0,0,0,4,4,0,0,57.0,1.0,0,2,0,0,2,0,0,0,0,0,0,0,29;51;57;23,,,160,0,0,1,1,0,0,1.0,0,0,0,0,0
2021,8,CHI,REG,SF,19,27,175,1,1,4,-27,0,0,276,58,10,2.7154354450907685,4.782187221226869,0,36,176,1,2,0,12,3.349579496192746,0,19,27,175,1,1,0,276,58,10,8.042912402903674,0,0,28,7,19,3,6,0,0.0,0.0,0,0,0,4,0,0,0,0,2,3,0,0,0,4,30,4,0,0,6,156,3,3,0,0,40.0,1.0,0,1,1,1,0,0,0,0,0,0,0,0,39;40;25,,,104,0,0,1,2,1,0,0.5,0,0,0,0,0
2021,8,CIN,REG,NYJ,22,35,305,3,1,3,-28,1,0,206,171,13,2.8756943331900757,2.8723083874758553,0,16,41,1,0,0,3,-1.6733309687697329,0,22,34,305,3,0,0,206,171,13,11.003814821269806,0,0,49,9,23,4,10,1,2.0,8.0,5,2,69,5,0,0,0,0,1,1,1,1,0,5,51,5,0,0,1,18,1,1,0,0,21.0,1.0,0,1,0,0,0,0,0,0,0,0,0,0,21,,,21,0,0,4,4,0,0,1.0,0,0,0,0,0
2021,8,CLE,REG,PIT,20,31,225,0,0,4,-15,0,0,228,117,10,2.915613704069893,-3.045808019176606,0,23,96,1,0,0,7,-3.97680855501676,0,20,31,225,0,1,1,228,117,10,2.2229663962498307,0,0,37,13,27,5,18,1,2.0,11.0,5,0,0,5,0,0,0,0,0,0,0,0,0,5,30,5,2,1,1,10,1,1,0,0,30.0,1.0,0,0,1,0,0,0,0,0,0,0,0,0,30,,,30,0,0,1,1,0,0,1.0,0,0,0,0,0
2021,8,DAL,REG,MIN,25,41,360,2,1,3,-19,1,1,434,137,17,4.799622671049878,-3.723044148305567,0,24,78,0,0,0,4,-3.0733431055559777,0,25,41,360,2,1,0,434,137,17,13.81369608329621,0,0,40,4,12,5,12,1,1.0,7.0,9,0,0,2,0,0,0,0,0,0,0,0,0,11,96,3,2,4,1,22,2,3,1,0,39.0,0.6666666666666666,0,0,2,0,0,0,0,0,0,1,0,0,38;39,43,,77,43,0,2,2,0,0,1.0,0,0,0,0,0
2021,8,DEN,REG,WAS,19,26,213,1,0,4,-23,0,0,185,84,10,3.6067926516961646,5.233701944351196,0,21,83,1,1,1,6,0.4153492519981228,0,19,25,213,1,0,0,185,84,10,9.379339811033198,0,0,39,5,23,4,24,1,5.0,40.0,7,2,24,6,0,0,0,0,0,0,0,0,0,4,35,2,1,15,0,0,1,2,1,0,45.0,0.5,0,0,0,1,0,0,0,0,0,0,1,0,45,53,,45,53,0,2,2,0,0,1.0,0,0,0,0,0
2021,8,DET,REG,PHI,25,34,222,0,0,6,-51,2,0,199,117,11,-12.458769713997677,7.860989775508642,0,18,57,1,0,0,3,-2.3089909260743298,0,25,32,222,0,1,1,199,117,11,-7.884459500844892,0,0,33,8,34,3,9,0,0.0,0.0,0,0,0,1,0,0,0,0,2,2,0,0,0,8,50,4,1,11,4,126,0,1,1,0,,0.0,0,0,0,0,0,0,0,0,0,1,0,0,,47,,0,47,0,0,0,0,0,,0,0,0,0,0
2021,8,GB,REG,ARI,22,37,184,2,0,1,0,0,0,165,138,11,1.4296646110614804,-8.141895958355494,0,34,151,1,0,0,12,4.587767083517974,0,22,35,184,2,1,0,165,138,11,2.758154567041811,0,0,33,4,16,3,15,0,2.0,14.0,3,2,0,3,0,1,0,0,1,1,1,1,0,7,60,6,2,12,1,13,1,1,0,0,21.0,1.0,0,1,0,0,0,0,0,0,0,0,0,0,21,,,21,0,0,3,3,0,0,1.0,0,0,0,0,0
2021,8,HOU,REG,LA,29,39,310,2,1,5,-31,0,0,263,118,14,-7.361883358972397,8.359576844506794,0,14,44,1,0,0,4,0.443721283853054,1,29,36,310,2,1,0,263,118,14,3.162885842523986,0,0,33,7,31,2,10,0,1.0,8.0,2,0,0,4,0,0,0,0,1,1,0,0,0,6,38,6,1,1,1,44,0,1,1,0,,0.0,0,0,0,0,0,0,0,0,0,1,0,0,,45,,0,45,0,2,2,0,0,1.0,0,0,0,0,0
2021,8,IND,REG,TEN,27,51,231,3,2,1,-7,0,0,506,120,10,-13.008449625469806,-9.481089375913143,0,20,83,1,1,0,10,2.884178496693494,0,27,48,231,3,0,0,506,120,10,-2.826287298825632,0,0,42,12,14,6,23,1,3.0,18.0,5,2,40,5,0,1,0,0,1,1,0,0,0,9,75,6,2,27,3,76,1,1,0,0,34.0,1.0,0,0,1,0,0,0,0,0,0,0,0,0,34,,,34,0,0,4,4,0,0,1.0,0,0,0,0,0
2021,8,JAX,REG,SEA,32,54,238,1,1,1,-11,0,0,279,154,17,-7.699881740496494,-6.360381096601486,0,19,82,0,0,0,2,-3.22697115840856,0,32,52,238,1,0,0,279,154,17,-4.193490643869154,0,0,28,4,28,6,44,0,3.0,35.0,3,0,0,1,0,0,0,0,0,0,0,0,0,12,93,4,2,17,5,81,0,0,0,0,,,0,0,0,0,0,0,0,0,0,0,0,0,,,,0,0,0,1,1,0,0,1.0,0,0,0,0,0
2021,8,KC,REG,NYG,29,48,275,1,1,2,-14,1,0,332,213,17,2.694568219551028,-0.758996328642202,0,27,107,1,0,0,10,-0.3969651207444258,0,29,43,275,1,1,1,332,213,17,3.291839590354357,0,0,28,4,34,1,8,1,3.0,13.0,5,1,13,1,0,0,0,0,1,1,0,0,0,12,103,2,0,0,0,0,2,2,0,0,36.0,1.0,0,0,2,0,0,0,0,0,0,0,0,0,36;34,,,70,0,0,2,2,0,0,1.0,0,0,0,0,0
2021,8,LA,REG,HOU,22,34,310,3,0,1,-8,0,0,217,142,16,13.416736096493793,-4.512513297445634,0,31,165,2,0,0,9,0.9176726784207858,0,22,34,310,3,0,0,217,142,16,15.245311174309705,0,0,31,6,24,4,18,1,5.0,31.0,9,1,19,4,0,0,0,0,0,0,0,0,0,3,20,1,3,2,1,8,1,1,0,0,27.0,1.0,0,1,0,0,0,0,0,0,0,0,0,0,27,,,27,0,0,5,5,0,0,1.0,0,0,0,0,0
2021,8,LAC,REG,NE,18,35,223,2,2,3,-17,0,0,324,92,12,-7.734700942911619,-15.137394912102643,0,20,163,1,0,0,5,6.0852625203551725,0,18,34,223,2,0,0,324,92,12,-3.2480094207324477,0,0,49,2,22,4,11,1,1.0,7.0,4,0,0,1,0,0,0,0,0,0,1,1,0,5,40,5,1,7,3,71,1,1,0,0,48.0,1.0,0,0,0,1,0,0,0,0,0,0,0,0,48,,,48,0,0,3,3,0,0,1.0,0,0,0,0,0
2021,8,MIA,REG,BUF,21,39,205,0,1,2,-11,1,0,271,93,10,-1.588295604952303,-9.259412520461613,1,23,68,1,0,0,5,-6.127196668781147,0,21,36,205,0,0,0,271,93,10,3.0904887980663505,1,0,36,12,24,2,2,1,0.0,0.0,5,0,0,5,0,0,0,0,1,2,0,0,0,9,58,5,3,12,2,25,1,2,0,1,51.0,0.5,0,0,0,0,1,0,0,0,0,0,0,0,51,,36,51,0,36,0,0,0,0,,0,0,0,0,0
2021,8,MIN,REG,DAL,23,36,184,1,0,1,-7,1,0,219,94,6,-10.672717002465468,-3.581852172360276,0,24,101,0,0,0,4,-3.1502058579353616,0,23,33,184,1,0,0,219,94,6,-5.607990533009249,0,0,36,8,26,3,19,2,3.0,19.0,6,1,12,6,0,0,0,0,1,1,1,1,0,7,57,4,1,7,0,0,3,3,0,0,45.0,1.0,0,1,0,2,0,0,0,0,0,0,0,0,45;40;24,,,109,0,0,1,1,0,0,1.0,0,0,0,0,0
2021,8,NE,REG,LAC,18,35,217,0,0,1,-7,0,0,334,75,10,-1.0934484738751995,-10.950329812134013,1,39,142,1,0,0,10,0.4472577697597444,0,18,34,217,0,1,1,334,75,10,-1.0385467807424935,1,0,29,5,21,2,9,0,3.0,17.0,8,2,38,8,1,0,0,0,0,0,0,0,0,4,30,3,4,80,1,26,4,4,0,0,48.0,1.0,0,1,1,2,0,0,0,0,0,0,0,0,24;48;48;30,,,150,0,0,1,1,0,0,1.0,0,0,0,0,0
2021,8,NO,REG,TB,22,39,215,2,0,1,-6,0,0,189,104,12,0.12256423392708049,-7.103834407670157,0,32,152,1,0,0,8,-0.5141730882460251,0,22,35,215,2,0,0,189,104,12,5.964732604072454,0,0,35,3,17,6,23,1,3.0,25.0,4,2,66,5,1,0,0,0,1,1,1,1,0,2,10,2,1,12,2,69,3,3,0,0,35.0,1.0,0,2,1,0,0,0,0,0,0,0,0,0,23;35;23,,,81,0,0,3,4,1,0,0.75,0,0,0,0,0
2021,8,NYG,REG,KC,23,33,241,2,1,3,-13,1,0,126,150,10,-0.4677317222958002,-0.4888522805589618,0,20,72,0,0,0,3,-2.640876316057984,0,23,33,241,2,0,0,126,150,10,3.476294817563096,0,0,37,5,33,4,11,2,2.0,14.0,5,1,0,4,0,1,0,0,2,2,1,1,0,10,88,6,2,0,3,53,1,1,0,0,23.0,1.0,0,1,0,0,0,0,0,0,0,0,0,0,23,,,23,0,0,2,2,0,0,1.0,0,0,0,0,0
2021,8,NYJ,REG,CIN,39,49,422,3,2,2,-8,0,0,171,292,23,7.75391861243734,6.7891623900861156,1,27,97,1,0,0,6,0.5527768366737291,0,39,49,422,3,1,1,171,292,23,6.852049774393316,1,0,27,6,16,4,25,1,3.0,28.0,5,1,1,7,0,0,0,0,0,0,0,0,0,8,46,4,1,16,2,59,2,3,1,0,24.0,0.6666666666666666,0,2,0,0,0,0,0,0,0,0,1,0,24;24,54,,48,54,0,2,2,0,0,1.0,0,0,0,0,0
2021,8,PHI,REG,DET,11,16,114,0,0,0,0,0,0,138,59,6,1.4714211908924777,0.16726776957511902,0,46,236,4,0,0,19,12.769570981219346,0,11,16,114,0,0,0,138,59,6,1.4714211908924777,0,0,41,4,18,7,39,3,6.0,51.0,12,0,0,3,0,0,0,0,0,0,1,1,1,2,15,2,1,12,1,21,3,3,0,0,43.0,1.0,0,1,0,2,0,0,0,0,0,0,0,0,43;26;41,,,110,0,0,5,5,0,0,1.0,0,0,0,0,0
2021,8,PIT,REG,CLE,22,35,266,1,0,2,-11,0,0,222,181,13,2.647883048557854,-2.6199179036276683,0,32,115,1,0,0,8,1.4017982170335017,0,22,35,266,1,0,0,222,181,13,5.368985401102985,0,0,37,5,19,4,13,1,4.0,15.0,6,0,0,2,0,1,0,0,1,1,1,1,0,8,65,3,2,29,2,44,1,1,0,0,31.0,1.0,0,0,1,0,0,0,0,0,0,0,0,0,31,,,31,0,0,0,0,0,0,,0,0,0,0,0
2021,8,SEA,REG,JAX,20,24,195,2,0,3,-35,0,0,196,38,9,6.308368860700456,26.00255378267982,0,25,69,1,0,0,5,-4.6402189124783035,0,20,22,195,2,0,0,196,38,9,12.729952913941815,0,1,36,11,31,1,11,0,1.0,11.0,7,1,9,9,0,0,0,0,0,0,0,0,0,5,40,2,1,20,2,65,1,1,0,0,31.0,1.0,0,0,1,0,0,0,0,0,0,0,0,0,31,,,31,0,0,4,4,0,0,1.0,0,0,0,0,0
2021,8,SF,REG,CHI,17,28,322,0,0,0,0,0,0,248,163,12,15.708104244711627,-4.724467904479416,1,26,145,3,0,0,9,7.037650095812779,0,17,27,322,0,0,0,248,163,12,15.79003098803694,1,0,54,3,11,9,46,2,4.0,27.0,5,1,40,2,0,0,0,0,0,0,0,0,0,7,55,3,2,28,1,29,4,5,1,0,52.0,0.8,0,1,1,1,1,0,0,0,0,1,0,0,48;52;22;32,48,,154,48,0,1,2,1,0,0.5,0,0,0,0,0
2021,8,TB,REG,NO,28,41,375,4,2,3,-25,1,1,340,205,13,0.2993884838069789,-1.171354476998492,0,14,71,0,0,0,3,-2.1058077389169485,0,28,41,375,4,0,0,340,205,13,9.509875288349576,0,0,43,4,20,3,8,0,1.0,6.0,7,0,0,5,0,0,0,0,0,0,0,0,0,11,99,4,3,14,1,17,0,0,0,0,,,0,0,0,0,0,0,0,0,0,0,0,0,,,,0,0,0,3,3,0,0,1.0,0,0,0,0,0
2021,8,TEN,REG,IND,23,34,265,3,2,3,-18,0,0,236,129,10,7.3242862521680365,2.5307124480605125,0,31,93,0,1,0,6,-0.7060803112337504,0,23,32,265,3,0,0,236,129,10,11.426522016025643,0,0,31,14,24,1,7,1,1.0,7.0,7,2,16,9,1,0,0,0,1,1,1,1,0,11,161,4,2,21,0,0,2,2,0,0,46.0,1.0,0,0,0,2,0,0,0,0,0,0,0,0,46;44,,,90,0,0,4,4,0,0,1.0,1,1,0,0,44
2021,8,WAS,REG,DEN,24,39,270,1,2,5,-40,2,0,285,185,14,-2.6340960096606203,-4.154521871257472,0,24,112,0,0,0,6,1.4900681130238809,0,24,37,270,1,0,0,285,185,14,5.869813836085957,0,0,30,4,22,6,28,1,4.0,23.0,7,0,0,2,0,0,0,0,2,2,1,1,0,4,29,5,1,12,0,0,1,3,0,2,52.0,0.3333333333333333,0,0,0,0,1,0,0,0,0,0,0,0,52,,45;47,52,0,92,1,1,0,0,1.0,0,0,0,0,0
2021,9,ARI,REG,SF,23,27,282,1,0,2,-8,0,0,120,193,11,16.352330057823565,14.802005084661337,0,39,163,3,1,0,9,0.05751780796060357,0,23,26,282,1,0,0,120,193,11,19.691534087003674,0,0,31,2,30,6,29,2,5.0,28.0,8,1,7,3,0,0,0,0,1,1,2,2,0,9,84,3,1,2,4,88,1,1,0,0,26.0,1.0,0,1,0,0,0,0,0,0,0,0,0,0,26,,,26,0,0,4,4,0,0,1.0,0,0,0,0,0
2021,9,ATL,REG,NO,23,30,343,2,0,2,-11,0,0,262,150,14,17.32623186627139,14.783300658067068,0,25,34,1,1,0,2,-12.892568333477467,0,23,30,343,2,0,0,262,150,14,19.568625233962354,0,0,45,1,25,2,2,1,1.0,15.0,5,0,0,11,0,0,0,0,2,2,1,1,0,6,76,4,0,0,3,65,2,2,0,0,32.0,1.0,0,1,1,0,0,0,0,0,0,0,0,0,32;29,,,61,0,0,3,3,0,0,1.0,1,1,0,0,29
2021,9,BAL,REG,MIN,27,41,266,3,2,3,-13,0,0,323,141,15,-1.7689893738489917,-0.20043828138491002,0,45,247,1,0,0,17,11.138685418128938,0,27,41,266,3,0,0,323,141,15,1.0412314071080329,0,0,29,6,18,3,12,0,0.0,0.0,6,0,0,5,0,0,0,0,0,0,0,0,0,8,61,8,1,14,1,24,2,2,0,0,37.0,1.0,0,0,2,0,0,0,0,0,0,0,0,0,37;36,,,73,0,0,4,4,0,0,1.0,1,1,0,0,36
2021,9,BUF,REG,JAX,31,47,264,0,2,4,-35,0,0,287,102,16,-8.697117693924204,-0.37040412425994873,0,14,72,0,1,1,2,-2.104080727625558,0,31,45,264,0,1,0,287,102,16,-2.400820068431179,0,0,33,3,25,6,15,1,2.0,12.0,5,0,0,3,0,0,0,0,0,0,1,1,0,12,118,6,1,0,4,129,2,2,0,0,41.0,1.0,0,1,0,1,0,0,0,0,0,0,0,0,24;41,,,65,0,0,0,0,0,0,,0,0,0,0,0
2021,9,CAR,REG,NE,16,33,172,0,3,1,-10,0,0,183,109,8,-24.50282596554378,-14.503077494687048,0,23,78,0,1,0,6,-3.602406580816023,0,16,29,172,0,0,0,183,109,8,-19.37958876132969,0,0,37,2,28,3,8,2,2.0,17.0,3,1,13,2,0,0,0,0,2,2,1,1,0,10,83,1,1,4,2,43,2,2,0,0,49.0,1.0,0,0,1,1,0,0,0,0,0,0,0,0,39;49,,,88,0,0,0,0,0,0,,0,0,0,0,0
2021,9,CHI,REG,PIT,17,29,291,1,1,3,-13,0,0,442,47,11,4.4908230095569515,6.150931119918823,0,26,136,1,0,0,7,2.445806985895615,0,17,29,291,1,0,0,442,47,11,8.652423506293307,0,0,42,11,25,4,24,1,4.0,30.0,5,0,0,2,0,0,0,0,0,0,1,1,1,12,115,5,0,0,6,135,2,3,1,0,30.0,0.6666666666666666,0,1,1,0,0,0,0,0,0,0,0,1,30;22,65,,52,65,0,3,3,0,0,1.0,0,1,1,0,65
2021,9,CIN,REG,CLE,29,42,288,0,2,5,-25,0,0,380,164,15,-14.824201806281415,7.419657852591538,0,23,85,2,1,0,8,-2.7092439803089947,0,29,41,288,0,1,1,380,164,15,-13.932290159406328,0,0,28,1,17,7,20,1,2.0,10.0,5,0,0,1,0,1,0,0,3,5,0,0,0,4,31,5,2,22,4,74,1,1,0,0,27.0,1.0,0,1,0,0,0,0,0,0,0,0,0,0,27,,,27,0,0,1,1,0,0,1.0,0,0,0,0,0
2021,9,CLE,REG,CIN,14,21,218,2,0,2,-10,0,0,215,62,7,10.440781613484193,14.438657854732714,0,23,153,2,2,0,7,3.90264734124489,0,14,19,218,2,0,0,215,62,7,16.51944027191469,0,0,44,4,24,4,24,2,5.0,25.0,12,2,130,10,1,0,0,0,2,3,1,1,0,10,84,2,2,4,1,11,2,3,1,0,28.0,0.6666666666666666,0,2,0,0,0,0,0,0,0,1,0,0,28;24,45,,52,45,0,5,5,0,0,1.0,0,0,0,0,0
2021,9,DAL,REG,DEN,19,39,232,2,1,2,-20,0,0,469,106,11,-8.322385287377983,-13.952580400002308,0,16,78,0,0,0,2,-1.1705747875673698,2,19,39,232,2,0,0,469,106,11,-5.590605273493566,0,0,46,3,29,8,35,0,4.0,32.0,6,0,0,2,0,2,0,0,1,1,0,0,0,5,38,3,2,0,2,89,0,0,0,0,,,0,0,0,0,0,0,0,0,0,0,0,0,,,,0,0,0,0,0,0,0,,0,0,0,0,0
2021,9,DEN,REG,DAL,19,28,249,1,0,4,-32,0,0,225,145,9,9.055982814160894,7.361533120274544,1,41,190,2,0,0,12,0.749438208602649,0,19,24,249,1,0,0,225,145,9,17.780798859396402,1,0,30,1,15,3,22,0,2.0,20.0,5,1,1,7,0,0,0,0,0,0,1,1,0,5,37,4,1,1,2,24,3,4,1,0,53.0,0.75,0,1,0,1,1,0,0,0,0,0,1,0,53;27;42,53,,122,53,0,1,2,1,0,0.5,0,0,0,0,0
2021,9,GB,REG,KC,19,34,190,1,1,1,-11,0,0,271,87,11,-0.7970237037606913,-3.590501379221678,0,25,122,0,1,0,7,0.46128151734592393,0,19,32,190,1,0,0,271,87,11,2.1572563814024996,0,0,35,3,19,4,12,0,1.0,6.0,3,0,0,3,0,2,0,0,2,3,0,0,0,4,19,6,3,15,3,48,0,2,1,1,,0.0,0,0,0,0,0,0,0,0,0,1,0,0,,40,37,0,40,37,1,1,0,0,1.0,0,0,0,0,0
2021,9,HOU,REG,MIA,24,44,240,0,3,5,-41,0,0,365,132,11,-14.909136896620854,-4.558415487408638,0,18,73,0,0,0,3,-2.2563885503914207,0,24,40,240,0,1,1,365,132,11,-5.9270042168380455,0,0,41,5,31,5,21,3,4.0,29.0,9,2,0,5,0,0,0,0,0,0,3,3,0,8,60,4,1,2,1,18,3,3,0,0,40.0,1.0,0,1,1,1,0,0,0,0,0,0,0,0,31;40;20,,,91,0,0,0,0,0,0,,0,0,0,0,0
2021,9,IND,REG,NYJ,22,30,272,3,0,1,0,0,0,269,159,17,15.912245496689561,7.5679909566353105,0,30,260,3,0,0,9,10.519563548936276,0,22,29,272,3,2,0,269,159,17,18.12314347374601,0,0,42,6,16,5,20,1,2.0,14.0,8,1,4,7,0,0,0,0,2,2,1,1,0,2,22,2,1,10,4,61,1,1,0,0,39.0,1.0,0,0,1,0,0,0,0,0,0,0,0,0,39,,,39,0,0,6,6,0,0,1.0,0,0,0,0,0
2021,9,JAX,REG,BUF,17,28,151,0,0,2,-12,0,0,205,72,5,-2.084359318298355,-3.736488134772689,0,27,79,0,1,1,6,-9.60683423950104,0,17,27,151,0,0,0,205,72,5,2.8677051995500307,0,0,44,4,12,6,39,2,4.0,35.0,8,2,19,5,0,0,0,0,0,0,1,1,0,8,54,4,1,14,0,0,3,4,1,0,55.0,0.75,0,1,1,0,1,0,0,0,0,1,0,0,39;55;21,42,,115,42,0,0,0,0,0,,0,0,0,0,0
2021,9,KC,REG,GB,20,37,166,1,0,1,-6,0,0,331,103,9,-8.951695351142758,-11.350725673966938,0,25,77,0,0,0,5,-2.2173813875415362,0,20,36,166,1,0,0,331,103,9,-6.183228968331447,0,0,31,3,25,2,12,0,1.0,11.0,7,1,0,3,0,1,0,0,1,1,1,1,0,6,33,2,2,3,1,12,2,2,0,0,55.0,1.0,0,1,0,0,1,0,0,0,0,0,0,0,24;55,,,79,0,0,1,1,0,0,1.0,0,0,0,0,0
2021,9,LA,REG,TEN,31,48,294,1,2,5,-41,0,0,244,178,16,-20.00367110668014,-7.167803543679257,0,21,94,0,0,0,6,2.0604065998340957,0,31,47,294,1,0,0,244,178,16,-5.85890786940902,0,0,40,3,13,4,20,0,3.0,18.0,8,1,6,3,0,0,0,0,0,0,0,0,0,12,115,4,1,7,2,34,3,3,0,0,54.0,1.0,0,1,1,0,1,0,0,0,0,0,0,0,34;22;54,,,110,0,0,1,1,0,0,1.0,0,0,0,0,0
2021,9,LAC,REG,PHI,32,38,356,2,0,0,0,0,0,215,175,17,22.86348068419347,16.776630604589307,1,27,89,1,0,0,9,-3.4260275780734095,0,32,37,356,2,0,0,215,175,17,22.442230549742934,1,0,40,0,22,1,7,0,1.0,7.0,2,0,0,1,0,0,0,0,0,0,0,0,0,4,30,6,1,10,4,96,2,2,0,0,30.0,1.0,0,1,1,0,0,0,0,0,0,0,0,0,30;29,,,59,0,0,1,2,1,0,0.5,1,1,0,0,29
2021,9,LV,REG,NYG,30,46,296,1,2,1,-10,1,1,266,187,15,-7.340110418810605,-3.1629569504572,0,20,117,0,0,0,8,4.16241125005763,0,30,46,296,1,0,0,266,187,15,-3.1002521226346524,0,0,34,7,29,5,20,1,3.0,12.0,7,0,0,1,0,1,0,0,1,1,1,1,0,6,65,5,1,5,5,107,3,4,1,0,32.0,0.75,0,2,1,0,0,0,0,1,0,0,0,0,25;32;25,25,,82,25,0,1,1,0,0,1.0,0,0,0,0,0
2021,9,MIA,REG,HOU,26,43,244,1,2,4,-29,1,1,396,78,16,-3.208619176936077,1.0560223460197449,0,25,47,1,1,1,4,-10.611299906333443,0,26,40,244,1,0,0,396,78,16,8.095214709928518,0,0,36,6,20,4,36,1,5.0,41.0,10,3,0,8,0,1,0,0,0,0,1,1,0,2,13,4,3,31,2,47,1,1,0,0,42.0,1.0,0,0,0,1,0,0,0,0,0,0,0,0,42,,,42,0,0,2,2,0,0,1.0,0,0,0,0,0
2021,9,MIN,REG,BAL,17,28,187,2,0,0,0,0,0,228,70,6,7.666574854176505,-2.2124706634453366,0,24,131,1,0,0,6,1.361292569723446,0,17,28,187,2,0,0,228,70,6,7.666574854176505,0,1,56,3,31,3,11,0,3.0,13.0,8,2,27,4,0,0,0,0,0,0,0,0,0,8,107,6,0,0,2,121,1,1,0,0,36.0,1.0,0,0,1,0,0,0,0,0,0,0,0,0,36,,,36,0,0,4,4,0,0,1.0,0,0,0,0,0
2021,9,NE,REG,CAR,12,18,139,1,1,2,-17,1,1,101,91,5,-3.6108362397565905,-1.2873550256093342,0,39,151,1,1,0,10,-1.508594625396654,0,12,18,139,1,0,0,101,91,5,2.7896763060786363,0,0,33,1,25,3,15,1,1.0,10.0,3,3,89,8,1,1,0,0,2,2,0,0,0,6,35,3,3,42,1,30,1,2,1,0,37.0,0.5,0,0,1,0,0,0,0,0,0,0,1,0,37,54,,37,54,0,3,3,0,0,1.0,0,0,0,0,0
2021,9,NO,REG,ATL,27,43,282,2,0,1,-15,1,1,331,118,17,-3.335165595655638,-3.300414624668303,0,25,109,1,0,0,7,-1.8530347535996698,0,27,42,282,2,0,0,331,118,17,6.306749088728027,0,0,29,3,35,3,19,2,2.0,11.0,9,0,0,2,0,0,0,0,0,0,0,0,0,10,74,4,3,50,5,101,2,2,0,0,52.0,1.0,0,0,1,0,1,0,0,0,0,0,0,0,35;52,,,87,0,0,1,1,0,0,1.0,0,0,0,0,0
2021,9,NYG,REG,LV,15,20,110,1,0,3,-12,1,1,117,53,6,-2.0596729860043057,12.80276527007421,0,31,149,0,0,0,8,-0.4948701245497067,0,15,18,110,1,0,0,117,53,6,7.8328472173531605,0,0,33,7,41,0,0,2,1.0,10.0,3,2,41,8,1,0,0,0,0,0,1,1,0,4,35,2,2,26,3,45,3,3,0,0,38.0,1.0,0,0,3,0,0,0,0,0,0,0,0,0,35;32;38,,,105,0,0,2,2,0,0,1.0,0,0,0,0,0
2021,9,NYJ,REG,IND,34,52,412,4,1,2,-14,0,0,434,171,25,20.771051011136212,-2.443633113916104,0,21,88,0,1,1,3,-5.4794775251792744,0,34,52,412,4,0,0,434,171,25,23.798589909071513,0,0,32,11,25,0,0,2,1.0,0.0,3,0,0,1,0,0,0,0,0,0,0,0,0,7,43,2,0,0,2,47,1,1,0,0,33.0,1.0,0,0,1,0,0,0,0,0,0,0,0,0,33,,,33,0,0,3,3,0,0,1.0,0,0,0,0,0
2021,9,PHI,REG,LAC,11,17,162,1,0,1,-7,0,0,206,52,7,5.613318625315828,9.566432796418667,0,39,176,2,0,0,13,7.103523603465874,0,11,16,162,1,0,0,206,52,7,8.867134668750026,0,0,43,3,33,1,2,0,0.0,0.0,0,0,0,0,0,0,0,0,1,1,0,0,0,3,25,5,0,0,4,46,1,1,0,0,24.0,1.0,0,1,0,0,0,0,0,0,0,0,0,0,24,,,24,0,0,3,3,0,0,1.0,0,0,0,0,0
2021,9,PIT,REG,CHI,21,30,205,2,0,4,-30,0,0,151,103,8,3.9003666440292015,9.382173750135633,0,32,105,1,0,0,9,-3.076398777284403,0,21,27,205,2,0,0,151,103,8,8.15331943286925,0,0,39,2,16,3,13,1,3.0,13.0,8,1,0,4,0,1,0,0,0,0,1,1,0,5,30,4,4,28,2,40,3,3,0,0,54.0,1.0,0,0,0,1,2,0,0,0,0,0,0,0,54;52;40,,,146,0,0,2,3,1,0,0.6666666666666666,0,0,0,0,0
2021,9,SF,REG,ARI,28,40,326,2,1,5,-28,0,0,355,132,17,5.565750387798158,4.836726188659668,0,11,39,0,0,0,2,-1.9840700928180013,0,28,39,326,2,2,2,355,132,17,4.549441281502368,0,0,44,2,42,5,17,1,2.0,8.0,5,0,0,2,0,0,0,0,0,0,0,0,0,3,35,5,3,34,2,45,1,1,0,0,26.0,1.0,0,1,0,0,0,0,0,0,0,0,0,0,26,,,26,0,0,2,2,0,0,1.0,0,0,0,0,0
2021,9,TEN,REG,LA,19,27,143,1,1,3,-18,0,0,109,103,9,-4.238887444371358,0.4182046422591576,0,26,69,2,0,0,4,-1.6130152772529982,0,19,26,143,1,0,0,109,103,9,0.11829443025635555,0,0,41,3,31,4,35,0,5.0,41.0,11,2,30,7,1,0,0,0,0,0,0,0,0,4,19,4,1,11,2,50,0,0,0,0,,,0,0,0,0,0,0,0,0,0,0,0,0,,,,0,0,0,4,4,0,0,1.0,0,0,0,0,0
2021,10,ARI,REG,CAR,17,29,143,0,1,4,-39,1,1,223,83,6,-19.69641272323416,-11.360102275322223,0,20,65,1,1,0,4,-10.986631447332911,0,17,29,143,0,0,0,223,83,6,-8.515011957627493,0,0,47,9,23,3,15,0,0.0,0.0,3,1,10,3,0,0,0,0,1,2,1,1,0,4,58,2,3,24,2,55,1,1,0,0,47.0,1.0,0,0,0,1,0,0,0,0,0,0,0,0,47,,,47,0,0,1,1,0,0,1.0,0,0,0,0,0
2021,10,ATL,REG,DAL,10,27,131,0,3,2,-20,1,0,252,47,8,-22.568340483775394,-27.708621323108673,0,24,103,0,0,0,3,-1.8485513328341767,0,10,27,131,0,0,0,252,47,8,-19.917609288079696,0,0,45,3,33,1,3,1,0.0,0.0,2,0,0,1,0,0,0,0,1,1,1,1,0,6,41,1,3,11,0,0,1,1,0,0,35.0,1.0,0,0,1,0,0,0,0,0,0,0,0,0,35,,,35,0,0,0,0,0,0,,0,0,0,0,0
2021,10,BAL,REG,MIA,26,43,238,1,1,4,-28,0,0,310,106,12,-8.589825131974202,-3.917815336366979,0,23,94,0,0,0,7,-3.3227892568102106,0,26,41,238,1,2,1,310,106,12,-7.749985198825151,0,0,35,4,14,2,9,2,4.0,24.0,13,0,0,5,0,0,0,0,1,1,0,0,0,4,20,4,1,9,1,21,1,2,1,0,46.0,0.5,0,0,0,1,0,0,0,0,0,1,0,0,46,48,,46,48,0,1,1,0,0,1.0,0,0,0,0,0
2021,10,BUF,REG,NYJ,21,28,366,2,1,2,-16,0,0,362,108,15,18.95633665286062,16.767841364656174,0,24,139,4,2,1,11,4.5613187545968685,0,21,28,366,2,0,0,362,108,15,22.719472735422308,0,0,39,8,22,5,16,1,1.0,2.0,7,4,19,10,0,0,0,0,1,1,1,1,0,7,50,2,1,26,1,14,1,1,0,0,29.0,1.0,0,1,0,0,0,0,0,0,0,0,0,0,29,,,29,0,0,6,6,0,0,1.0,0,0,0,0,0
2021,10,CAR,REG,ARI,25,33,175,1,1,0,0,0,0,124,107,10,4.525694343487418,3.2365690916776657,1,37,166,2,1,1,14,-4.141267407614027,0,25,32,175,1,0,0,124,107,10,4.402853655688532,1,0,31,4,26,3,23,1,4.0,39.0,9,1,21,4,0,0,0,0,1,2,1,1,0,9,115,4,2,22,1,26,4,4,0,0,49.0,1.0,0,1,0,3,0,0,0,0,0,0,0,0,44;48;49;27,,,168,0,0,2,2,0,0,1.0,0,0,0,0,0
2021,10,CLE,REG,NE,19,33,154,1,1,5,-36,1,0,234,102,12,-9.512221616809256,-5.637432298352642,0,20,99,0,0,0,4,-0.903301966143772,0,19,31,154,1,1,0,234,102,12,-0.3910214711795561,0,0,38,12,16,4,17,0,2.0,15.0,2,0,0,1,0,0,0,0,1,1,0,0,0,6,42,0,0,0,8,161,0,0,0,0,,,0,0,0,0,0,0,0,0,0,0,0,0,,,,0,0,0,1,1,0,0,1.0,0,0,0,0,0
2021,10,DAL,REG,ATL,28,35,317,2,0,0,0,0,0,184,184,14,20.795830287243007,11.804632345835367,0,37,114,3,1,1,10,-7.803020950974198,1,28,33,317,2,0,0,184,184,14,21.679876763606444,0,1,22,6,28,2,14,1,2.0,20.0,5,3,4,10,0,0,0,0,0,0,0,0,0,8,80,4,2,19,1,29,0,0,0,0,,,0,0,0,0,0,0,0,0,0,0,0,0,,,,0,0,0,5,5,0,0,1.0,0,0,0,0,0
2021,10,DEN,REG,PHI,22,36,226,0,0,1,-14,0,0,208,120,9,-5.264816223103874,-4.505766139310949,0,18,96,1,1,1,6,-9.08773367939284,0,22,34,226,0,1,0,208,120,9,-2.562321582851321,0,0,37,6,24,5,15,1,2.0,8.0,3,1,17,3,0,0,0,0,1,1,0,0,0,4,29,3,2,27,0,0,2,3,0,1,28.0,0.6666666666666666,0,2,0,0,0,0,0,0,0,0,0,0,21;28,,22,49,0,22,1,1,0,0,1.0,0,0,0,0,0
2021,10,DET,REG,PIT,14,25,114,0,0,4,-37,0,0,134,84,5,-12.156797073417778,-13.728446637590727,0,39,229,2,0,0,10,4.978471653302176,0,14,24,114,0,0,0,134,84,5,-6.102224473710606,0,0,47,7,31,4,28,2,0.0,0.0,0,1,9,9,0,0,0,0,0,0,2,2,0,8,84,6,3,71,5,122,1,2,1,0,20.0,0.5,0,1,0,0,0,0,0,0,0,1,0,0,20,48,,20,48,0,1,2,1,0,0.5,0,0,0,0,0
2021,10,GB,REG,SEA,23,37,292,0,1,1,-5,0,0,232,215,10,1.7057370093119215,-5.424084833690098,0,32,106,2,1,0,11,2.7914181305095553,0,23,35,292,0,0,0,232,215,10,3.772727772842988,0,0,34,5,5,5,38,0,3.0,28.0,5,2,0,7,0,0,0,0,1,2,0,0,0,3,43,5,4,29,1,32,1,2,1,0,27.0,0.5,0,1,0,0,0,0,0,0,0,1,0,0,27,42,,27,42,0,2,2,0,0,1.0,0,0,0,0,0
2021,10,IND,REG,JAX,22,34,180,0,0,1,-12,0,0,166,103,9,-3.1665616868746844,-5.702848597006365,0,27,127,1,0,0,5,0.39548453415045515,0,22,33,180,0,0,0,166,103,9,-1.098555940702409,0,1,35,11,19,2,10,1,3.0,10.0,10,0,0,5,0,0,0,12,0,0,1,1,0,7,47,3,1,11,3,72,3,3,0,0,37.0,1.0,0,2,1,0,0,0,0,0,0,0,0,0,24;29;37,,,90,0,0,2,2,0,0,1.0,0,0,0,0,0
2021,10,JAX,REG,IND,16,35,162,0,0,3,-10,1,1,335,73,7,-6.55529376650153,-18.286577463150024,1,24,179,2,0,0,6,5.68792355855112,0,16,35,162,0,0,0,335,73,7,-1.2345212206818934,1,0,39,6,12,3,16,0,1.0,12.0,8,0,0,3,0,0,0,0,1,1,0,0,0,8,79,5,4,30,5,101,1,2,1,0,56.0,0.5,0,0,0,0,1,0,0,0,0,0,1,0,56,51,,56,51,0,0,1,1,0,0.0,0,0,0,0,0
2021,10,KC,REG,LV,36,51,422,5,0,0,0,0,0,410,257,23,28.923577616083268,5.95342634866635,0,25,94,0,0,0,5,-0.06095227092737332,0,36,48,422,5,1,0,410,257,23,30.66782816216766,0,0,28,4,26,4,15,1,2.0,12.0,5,1,0,6,0,1,0,0,1,1,1,1,0,4,34,3,2,46,2,34,2,3,1,0,40.0,0.6666666666666666,0,0,1,1,0,0,0,0,0,1,0,0,40;35,46,,75,46,0,5,5,0,0,1.0,0,0,0,0,0
2021,10,LA,REG,SF,27,42,245,1,2,2,-19,0,0,336,120,11,-11.371817206092299,-0.9745250145594279,0,10,52,0,0,0,3,-0.28174487096839584,0,27,42,245,1,0,0,336,120,11,-8.829762170673348,0,0,30,9,47,6,12,0,1.0,3.0,1,0,0,2,0,0,0,0,0,0,0,0,0,5,35,2,0,0,4,76,1,1,0,0,37.0,1.0,0,0,1,0,0,0,0,0,0,0,0,0,37,,,37,0,0,1,1,0,0,1.0,0,0,0,0,0
2021,10,LAC,REG,MIN,20,34,195,1,1,2,-24,0,0,190,97,13,-6.698453490901503,-10.624325907591617,0,19,82,1,0,0,3,-0.14131602714769542,0,20,33,195,1,0,0,190,97,13,-1.2608443750531855,0,0,41,10,24,4,17,1,2.0,16.0,6,0,0,3,0,0,0,0,0,0,1,1,0,7,52,4,3,23,1,14,2,2,0,0,46.0,1.0,0,1,0,1,0,0,0,0,0,0,0,0,46;24,,,70,0,0,2,2,0,0,1.0,0,0,0,0,0
2021,10,LV,REG,KC,25,35,261,2,1,2,-12,0,0,256,129,11,-0.01898514200001955,1.3522879165761612,0,14,50,0,0,0,3,-2.1271517501445487,0,25,34,261,2,1,1,256,129,11,-2.866912003373727,0,0,43,7,29,1,1,2,0.0,0.0,3,0,0,2,0,0,0,0,0,0,1,1,0,9,68,1,0,0,4,79,0,0,0,0,,,0,0,0,0,0,0,0,0,0,0,0,0,,,,0,0,0,2,2,0,0,1.0,0,0,0,0,0
2021,10,MIA,REG,BAL,19,36,314,0,0,4,-24,2,0,308,166,12,-0.7893709010992253,-1.7100667252260096,0,22,60,1,0,0,4,-2.623745174932992,0,19,34,314,0,0,0,308,166,12,6.115213552458393,0,0,40,7,19,4,23,2,4.0,28.0,7,1,0,7,0,0,0,0,2,2,1,1,1,11,97,4,2,10,0,0,3,3,0,0,31.0,1.0,0,2,1,0,0,0,0,0,0,0,0,0,31;22;29,,,82,0,0,1,1,0,0,1.0,0,0,0,0,0
2021,10,MIN,REG,LAC,25,37,294,2,0,2,-16,1,1,264,149,14,6.641504517227412,3.092934148652213,0,33,103,1,0,0,8,0.16444223950384185,0,25,35,294,2,0,0,264,149,14,16.190802978288385,0,0,33,6,14,2,24,0,2.0,24.0,6,1,0,5,0,0,0,0,0,0,0,0,0,10,118,4,3,69,1,23,2,2,0,0,46.0,1.0,0,0,1,1,0,0,0,0,0,0,0,0,46;30,,,76,0,0,3,3,0,0,1.0,0,0,0,0,0
2021,10,NE,REG,CLE,22,26,283,4,0,2,-15,0,0,179,146,17,23.890358345691464,20.91612482070923,0,34,184,2,0,0,10,5.823522517457604,0,22,25,283,4,0,0,179,146,17,28.35814856160793,0,0,31,16,24,3,13,2,5.0,36.0,9,1,37,5,0,0,0,0,0,0,0,0,0,6,46,4,0,0,2,39,1,1,0,0,38.0,1.0,0,0,1,0,0,0,0,0,0,0,0,0,38,,,38,0,0,6,6,0,0,1.0,0,0,0,0,0
2021,10,NO,REG,TEN,21,36,309,2,0,4,-22,0,0,328,125,14,6.149822069081462,-3.0316775185721263,0,21,86,1,0,0,5,0.7858434084919281,0,21,35,309,2,0,0,328,125,14,11.857580171472842,0,0,36,7,19,5,22,0,2.0,15.0,6,0,0,4,0,0,0,0,0,0,0,0,0,9,65,5,1,4,6,127,1,1,0,0,20.0,1.0,0,1,0,0,0,0,0,0,0,0,0,0,20,,,20,0,0,0,2,2,0,0.0,0,0,0,0,0
2021,10,NYJ,REG,BUF,27,47,298,1,4,1,-2,0,0,327,158,14,-6.843884917309001,-8.261513904384945,0,22,70,1,0,0,4,-2.538633850082988,0,27,46,298,1,1,1,327,158,14,-7.5417205011599755,0,0,29,8,24,1,8,1,2.0,16.0,5,1,13,3,0,0,0,0,0,0,1,1,0,9,69,1,1,8,4,86,1,1,0,0,48.0,1.0,0,0,0,1,0,0,0,0,0,0,0,0,48,,,48,0,0,2,2,0,0,1.0,0,0,0,0,0
2021,10,PHI,REG,DEN,16,23,178,2,1,2,-8,1,0,238,76,10,5.071542791336774,12.886255302212454,0,39,216,0,0,0,13,3.1221577941597265,0,16,22,178,2,0,0,238,76,10,8.470273920580745,0,0,33,3,17,4,29,2,1.0,14.0,3,0,0,2,0,0,0,0,2,3,1,1,1,7,89,3,2,9,0,0,3,3,0,0,52.0,1.0,0,1,1,0,1,0,0,0,0,0,0,0,30;52;23,,,105,0,0,3,3,0,0,1.0,0,0,0,0,0
2021,10,PIT,REG,DET,30,50,242,1,1,0,0,0,0,330,103,13,-6.4393328485810635,-6.981722189455616,0,31,145,0,0,0,8,2.019828886317555,0,30,49,242,1,2,2,330,103,13,-11.75999683888843,0,0,43,11,33,8,50,0,4.0,37.0,6,0,0,4,0,0,0,0,1,2,0,0,0,7,59,4,6,54,2,35,3,3,0,0,51.0,1.0,0,2,0,0,1,0,0,0,0,0,0,0,20;23;51,,,94,0,0,1,1,0,0,1.0,0,0,0,0,0
2021,10,SEA,REG,GB,20,40,161,0,2,3,-28,0,0,466,92,8,-20.46697875292739,-9.241379875885812,0,16,75,0,0,0,6,2.5736555906478316,0,20,38,161,0,0,0,466,92,8,-13.330664072767831,0,0,37,12,30,2,6,0,1.0,5.0,5,1,0,7,0,0,0,0,0,0,0,0,0,5,39,4,0,0,3,79,0,0,0,0,,,0,0,0,0,0,0,0,0,0,0,0,0,,,,0,0,0,0,0,0,0,,0,0,0,0,0
2021,10,SF,REG,LA,15,19,182,2,0,1,-3,0,0,125,93,9,15.410127189994908,8.033540688062969,0,44,156,1,0,0,10,-5.491938663617475,0,15,19,182,2,0,0,125,93,9,17.196004871332207,0,0,32,5,11,4,24,0,2.0,19.0,4,2,27,6,1,0,0,0,0,0,0,0,0,9,53,3,0,0,1,19,1,1,0,0,50.0,1.0,0,0,0,0,1,0,0,0,0,0,0,0,50,,,50,0,0,4,4,0,0,1.0,0,0,0,0,0
2021,10,TB,REG,WAS,23,34,220,2,2,0,0,0,0,198,113,8,-2.893736566748424,-1.1320946794567686,0,13,53,0,0,0,5,2.0188271418446675,0,23,33,220,2,0,0,198,113,8,-1.324215398268728,0,0,47,8,30,11,49,1,5.0,30.0,8,0,0,2,0,0,0,0,0,0,1,1,0,6,43,5,2,14,3,70,2,2,0,0,31.0,1.0,0,1,1,0,0,0,0,0,0,0,0,0,25;31,,,56,0,0,1,2,1,0,0.5,0,0,0,0,0
2021,10,TEN,REG,NO,19,27,213,1,0,2,-15,0,0,134,133,10,2.4384171865878326,2.648323001684966,0,29,66,1,1,0,4,-8.10497612511175,0,19,27,213,1,0,0,134,133,10,6.202815299015276,0,0,30,9,27,4,22,1,4.0,22.0,6,0,0,7,0,0,0,0,1,1,1,1,0,8,49,3,1,9,3,54,3,3,0,0,36.0,1.0,0,1,2,0,0,0,0,0,0,0,0,0,28;36;36,,,100,0,0,2,2,0,0,1.0,0,0,0,0,0
2021,10,WAS,REG,TB,26,32,256,1,0,5,-30,0,0,231,94,13,8.659610157080204,12.28446513414383,0,34,94,2,0,0,8,-2.8172289602899037,0,26,32,256,1,1,1,231,94,13,13.409261249301233,0,0,29,5,17,0,0,0,0.0,0.0,1,2,19,4,0,0,0,0,0,0,0,0,0,3,33,4,1,10,2,47,3,3,0,0,46.0,1.0,0,2,0,1,0,0,0,0,0,0,0,0,46;28;29,,,103,0,0,2,2,0,0,1.0,0,0,0,0,0
2021,11,ARI,REG,SEA,35,44,328,2,0,2,-10,1,0,201,165,21,15.774334051320361,8.462148159742355,0,33,95,1,1,0,7,-4.031018176324838,0,35,44,328,2,0,0,201,165,21,18.69794773766774,0,0,25,6,20,5,39,1,4.0,27.0,6,0,0,5,0,0,0,0,3,4,0,0,0,3,32,6,2,20,2,46,1,3,2,0,53.0,0.3333333333333333,0,0,0,0,1,0,0,0,2,0,0,0,53,39;36,,53,75,0,2,3,1,0,0.6666666666666666,0,0,0,0,0
2021,11,ATL,REG,NE,20,32,158,0,4,4,-33,0,0,189,62,7,-24.279621911642607,-6.985980656839186,0,16,40,0,0,0,3,-7.487014045473188,0,20,31,158,0,0,0,189,62,7,-16.990879623335786,0,0,33,5,41,3,22,0,3.0,33.0,5,1,35,1,0,0,0,0,0,0,0,0,0,9,72,3,1,11,6,119,0,1,1,0,,0.0,0,0,0,0,0,0,0,0,0,0,1,0,,50,,0,50,0,0,0,0,0,,0,0,0,0,0
2021,11,BAL,REG,CHI,26,36,219,0,1,6,-43,1,0,183,107,12,-6.9402142443072075,-0.8468917674488492,0,34,123,1,0,0,9,0.2839167716663069,0,26,36,219,0,0,0,183,107,12,3.027034204562006,0,0,29,3,15,4,26,1,3.0,19.0,7,0,0,5,0,0,0,0,0,0,1,1,0,6,36,6,2,19,2,50,3,3,0,0,46.0,1.0,0,1,1,1,0,0,0,0,0,0,0,0,35;27;46,,,108,0,0,1,1,0,0,1.0,0,0,0,0,0
2021,11,BUF,REG,IND,24,40,228,2,3,1,-8,1,0,279,105,13,-4.558569911871004,-4.6613335609436035,0,13,91,0,0,0,5,5.242653721870854,1,24,39,228,2,0,0,279,105,13,-2.7108634981886865,0,0,29,19,39,2,4,0,0.0,0.0,2,0,0,2,0,0,0,0,1,1,0,0,0,7,56,4,0,0,7,138,0,2,2,0,,0.0,0,0,0,0,0,0,0,0,0,1,1,0,,57;49,,0,106,0,1,1,0,0,1.0,0,0,0,0,0
2021,11,CAR,REG,WAS,21,27,189,2,0,1,-3,0,0,150,70,10,2.6437895858543925,8.549128196857593,0,21,111,1,0,0,6,4.565202033962123,0,21,27,189,2,0,0,150,70,10,4.437232996628154,0,0,41,3,25,5,32,2,3.0,27.0,6,0,0,1,0,0,0,0,1,2,1,1,0,7,65,5,1,10,1,21,0,0,0,0,,,0,0,0,0,0,0,0,0,0,0,0,0,,,,0,0,0,3,3,0,0,1.0,0,0,0,0,0
2021,11,CHI,REG,BAL,15,34,280,2,0,3,-19,1,1,417,123,10,1.0600984004996716,-15.735504798816912,0,20,92,0,0,0,3,-3.2278919515577376,0,15,33,280,2,0,0,417,123,10,7.868852091182023,0,0,56,7,19,9,33,1,6.0,43.0,9,1,0,3,0,0,0,0,0,0,0,0,0,6,58,3,1,4,2,17,0,1,1,0,,0.0,0,0,0,0,0,0,0,0,0,1,0,0,,40,,0,40,0,1,1,0,0,1.0,0,0,0,0,0
2021,11,CIN,REG,LV,20,29,148,1,0,3,-19,1,1,220,85,10,2.7872920009949382,1.9257845623152596,0,38,159,2,0,0,10,-1.4853292732059622,0,20,28,148,1,0,0,220,85,10,12.455294163047977,0,0,35,1,15,3,10,2,2.0,9.0,5,1,0,1,0,3,0,0,1,1,1,1,0,1,5,4,2,10,2,57,4,4,0,0,54.0,1.0,0,0,0,1,3,0,0,0,0,0,0,0,54;53;51;47,,,205,0,0,2,3,1,0,0.6666666666666666,0,0,0,0,0
2021,11,CLE,REG,DET,15,29,176,1,2,1,-11,0,0,277,66,8,-7.1422832651270785,-11.797905074698585,0,36,184,1,0,0,11,1.5833862816216424,0,15,28,176,1,0,0,277,66,8,-3.714976985121355,0,0,30,7,19,6,7,0,0.0,0.0,2,2,1,4,0,1,0,0,1,1,0,0,0,10,82,2,3,12,1,26,0,1,1,0,,0.0,0,0,0,0,0,0,0,0,0,1,0,0,,46,,0,46,0,1,2,0,1,0.5,0,0,0,0,0
2021,11,DAL,REG,KC,28,43,216,0,2,5,-22,2,1,325,150,14,-15.437383575127024,1.6221109600294203,0,16,82,0,0,0,1,-1.2468245677300729,0,28,42,216,0,0,0,325,150,14,-5.835308523582871,0,0,41,4,16,4,22,1,3.0,16.0,7,1,34,2,0,0,0,0,0,0,1,1,0,6,45,4,2,7,2,39,3,3,0,0,48.0,1.0,0,0,2,1,0,0,0,0,0,0,0,0,33;30;48,,,111,0,0,0,0,0,0,,0,0,0,0,0
2021,11,DET,REG,CLE,15,23,77,0,2,0,0,0,0,106,60,5,-12.218957054021303,-7.246493515761002,0,23,168,1,0,0,6,1.0584885164707756,0,15,23,77,0,0,0,106,60,5,-12.218957054021303,0,0,32,7,31,1,1,0,1.0,11.0,3,2,5,6,0,0,0,0,0,0,0,0,0,7,67,6,1,17,3,58,1,1,0,0,43.0,1.0,0,0,0,1,0,0,0,0,0,0,0,0,43,,,43,0,0,1,1,0,0,1.0,0,0,0,0,0
2021,11,GB,REG,MIN,23,33,385,4,0,2,-13,1,0,261,217,16,23.260367263276255,7.037921682480843,0,19,95,0,0,0,4,0.6669518548296764,0,23,31,385,4,0,0,261,217,16,28.130164143738927,0,0,38,8,16,3,12,1,2.0,23.0,5,0,0,3,0,0,0,0,1,1,0,0,0,8,92,3,0,0,0,0,1,2,1,0,54.0,0.5,0,0,0,0,1,0,0,0,1,0,0,0,54,32,,54,32,0,4,4,0,0,1.0,0,0,0,0,0
2021,11,HOU,REG,TEN,14,24,107,0,0,0,0,0,0,97,54,5,-0.2966390122557674,-8.934508847153705,0,38,83,2,1,0,9,-4.720308819785714,0,14,23,107,0,0,0,97,54,5,0.15738137593579848,0,0,49,4,34,4,11,2,2.0,6.0,8,4,129,7,0,0,0,0,1,2,1,1,0,7,50,3,1,10,1,17,3,3,0,0,43.0,1.0,0,1,1,1,0,0,0,0,0,0,0,0,43;24;37,,,104,0,0,1,2,1,0,0.5,0,0,0,0,0
2021,11,IND,REG,BUF,11,20,106,1,0,0,0,0,0,117,58,6,5.545107355616542,-14.311645179986954,0,46,264,4,1,0,19,12.083218092938482,0,11,20,106,1,0,0,117,58,6,5.545107355616542,0,0,26,10,18,0,0,1,1.0,8.0,3,3,43,7,0,0,0,0,1,2,1,1,0,3,30,4,1,7,2,52,2,2,0,0,36.0,1.0,0,0,2,0,0,0,0,0,0,0,0,0,36;35,,,71,0,0,5,5,0,0,1.0,0,0,0,0,0
2021,11,JAX,REG,SF,16,25,158,0,0,3,-12,0,0,191,80,8,1.8280811997246929,-0.7881174484888712,0,16,54,1,0,0,5,-1.1789484671883517,0,16,24,158,0,1,1,191,80,8,1.0016761007136665,0,0,37,5,35,4,17,1,2.0,14.0,4,0,0,0,0,1,0,0,0,0,0,0,0,8,56,1,1,0,2,51,1,1,0,0,30.0,1.0,0,0,1,0,0,0,0,0,0,0,0,0,30,,,30,0,0,1,1,0,0,1.0,0,0,0,0,0
2021,11,KC,REG,DAL,23,37,260,0,1,3,-16,1,1,198,167,12,-7.570905414477707,-1.8618392221855395,0,26,126,2,0,0,8,2.965011286229128,0,23,33,260,0,0,0,198,167,12,2.64127855063036,0,0,43,4,16,3,13,2,5.0,22.0,8,2,2,9,0,0,0,0,0,0,1,1,0,6,64,2,1,9,3,104,2,3,1,0,53.0,0.6666666666666666,0,0,1,0,1,0,0,0,0,0,1,0,37;53,51,,90,51,0,1,2,1,0,0.5,0,0,0,0,0
2021,11,LAC,REG,PIT,30,41,382,3,1,2,-8,0,0,219,237,19,15.115076874528313,-1.8667252325430148,0,26,159,2,0,0,9,1.3550821592798457,0,30,41,382,3,0,0,219,237,19,17.147330902254907,0,0,31,10,24,3,21,1,3.0,28.0,6,0,0,6,0,0,0,0,0,0,0,0,0,12,75,2,1,-1,2,45,2,2,0,0,41.0,1.0,0,0,1,1,0,0,0,0,0,0,0,0,30;41,,,71,0,0,5,5,0,0,1.0,0,0,0,0,0
2021,11,LV,REG,CIN,19,27,215,1,1,2,-9,1,1,232,88,8,-8.895418585720616,3.2595343589782715,0,18,72,0,0,0,5,-4.041855209157802,0,19,25,215,1,0,0,232,88,8,1.2317601523144006,0,0,47,2,30,6,29,2,3.0,19.0,5,0,0,6,0,0,0,0,1,1,1,1,0,7,77,4,2,23,3,51,2,2,0,0,47.0,1.0,0,1,0,1,0,0,0,0,0,0,0,0,26;47,,,73,0,0,1,1,0,0,1.0,0,0,0,0,0
2021,11,MIA,REG,NYJ,27,34,273,2,1,0,0,0,0,180,132,13,15.52157426049461,10.820034672232236,0,33,115,1,0,0,5,-4.352819756080862,0,27,34,273,2,0,0,180,132,13,15.52157426049461,0,0,34,6,22,1,7,1,2.0,13.0,8,0,0,5,0,1,0,0,1,1,1,1,0,8,62,4,0,0,2,18,1,2,1,0,24.0,0.5,0,1,0,0,0,0,0,0,1,0,0,0,24,32,,24,32,0,3,3,0,0,1.0,0,0,0,0,0
2021,11,MIN,REG,GB,24,35,341,3,0,2,-23,1,0,406,142,17,20.693389200809214,5.005391818635604,0,29,90,1,0,0,6,-4.394715248617097,1,24,34,341,3,0,0,406,142,17,26.453838987275958,0,0,24,6,24,1,5,1,2.0,13.0,4,0,0,2,0,1,0,0,2,2,0,0,0,3,25,4,1,8,1,15,2,2,0,0,51.0,1.0,0,1,0,0,1,0,0,0,0,0,0,0,51;29,,,80,0,0,2,3,1,0,0.6666666666666666,1,1,0,0,29
2021,11,NE,REG,ATL,22,26,207,1,1,3,-33,0,0,162,103,7,-2.6482837901304923,12.21656845166133,0,30,134,0,0,0,9,-3.78816344468802,0,22,26,207,1,0,0,162,103,7,2.922134029034822,0,0,27,10,30,4,33,0,4.0,33.0,12,4,38,7,1,0,0,0,0,0,0,0,0,5,59,4,3,17,0,0,4,4,0,0,53.0,1.0,0,0,2,1,1,0,0,0,0,0,0,0,32;44;53;33,,,162,0,0,1,2,1,0,0.5,0,0,0,0,0
2021,11,NO,REG,PHI,22,40,214,3,2,0,0,0,0,273,70,12,-8.25510370815888,-4.547902858919567,0,22,109,1,1,1,5,-2.5197353282710537,0,22,36,214,3,0,0,273,70,12,-5.035324445199388,0,0,58,0,22,7,18,1,3.0,9.0,8,0,0,4,0,1,0,0,1,1,1,1,0,3,25,6,4,29,3,61,1,1,0,0,28.0,1.0,0,1,0,0,0,0,0,0,0,0,0,0,28,,,28,0,0,2,3,1,0,0.6666666666666666,0,0,0,0,0
2021,11,NYG,REG,TB,23,39,167,1,2,2,-18,0,0,264,78,8,-21.85476163368588,-2.4254601952191948,0,13,66,0,0,0,4,1.337590532610193,0,23,37,167,1,1,1,264,78,8,-15.04111102696191,0,0,47,4,24,4,15,0,1.0,10.0,3,1,10,5,0,0,0,0,0,0,0,0,0,4,30,2,0,0,0,0,1,1,0,0,37.0,1.0,0,0,1,0,0,0,0,0,0,0,0,0,37,,,37,0,0,1,1,0,0,1.0,0,0,0,0,0
2021,11,NYJ,REG,MIA,24,39,291,2,0,2,-13,1,1,305,159,12,0.935190080258345,2.751285433769226,0,18,102,0,0,0,5,3.176635304116644,0,24,35,291,2,0,0,305,159,12,13.42462872413855,0,0,39,9,33,2,6,1,0.0,0.0,2,1,0,2,0,0,0,0,0,0,0,0,0,7,48,4,2,28,4,88,1,3,2,0,35.0,0.3333333333333333,0,0,1,0,0,0,0,0,0,1,1,0,35,55;40,,35,95,0,2,2,0,0,1.0,0,0,0,0,0
2021,11,PHI,REG,NO,13,24,147,0,0,3,-9,0,0,202,93,7,0.5286662696853905,-5.518909900084786,0,50,242,3,1,1,14,-1.3946756468899495,0,13,23,147,0,0,0,202,93,7,5.249852962110491,0,0,34,3,21,4,10,1,0.0,0.0,5,2,52,8,1,0,0,0,0,0,1,1,0,6,49,1,4,43,3,51,4,4,0,0,50.0,1.0,0,0,2,1,1,0,0,0,0,0,0,0,50;37;33;47,,,167,0,0,4,4,0,0,1.0,0,0,0,0,0
2021,11,PIT,REG,LAC,28,44,273,3,0,3,-28,1,0,325,119,14,0.5242362355912324,-4.192207144065336,0,18,55,1,0,0,5,-1.8690153156640008,0,28,44,273,3,0,0,325,119,14,4.413862115294322,0,0,42,6,16,2,6,0,2.0,8.0,5,1,4,4,0,0,0,0,1,1,0,0,0,8,38,4,0,0,2,63,3,3,0,0,45.0,1.0,0,0,2,1,0,0,0,0,0,0,0,0,36;36;45,,,117,0,0,4,4,0,0,1.0,0,0,0,0,0
2021,11,SEA,REG,ARI,14,26,207,0,0,4,-27,1,0,282,70,9,-4.867761560064979,-5.585222959518433,0,19,86,1,1,0,7,-0.816769218276022,0,14,25,207,0,0,0,282,70,9,2.6974404723654173,0,0,41,6,46,2,7,2,2.0,10.0,7,0,0,2,0,0,0,0,2,3,0,0,0,2,17,6,2,9,1,20,2,2,0,0,27.0,1.0,0,2,0,0,0,0,0,0,0,0,0,0,27;27,,,54,0,0,1,1,0,0,1.0,0,0,0,0,0
2021,11,SF,REG,JAX,16,22,176,2,0,2,-14,0,0,141,71,8,10.037806228449242,16.25323846936226,0,42,171,1,1,0,13,2.844618997989572,0,16,20,176,2,0,0,141,71,8,14.05412665894255,0,0,25,1,21,4,13,1,3.0,12.0,6,0,0,2,0,0,0,0,1,1,2,2,0,1,12,4,1,1,2,26,3,3,0,0,48.0,1.0,0,1,0,2,0,0,0,0,0,0,0,0,20;48;45,,,113,0,0,3,3,0,0,1.0,0,0,0,0,0
2021,11,TB,REG,NYG,32,48,318,2,1,1,-10,0,0,350,133,17,6.6864506391076795,0.11110337490731097,0,27,94,1,0,0,10,-2.3579176034545526,0,32,47,318,2,0,0,350,133,17,9.043200476860111,0,0,28,4,16,2,12,1,2.0,18.0,10,2,0,6,0,0,0,0,0,0,1,1,0,6,39,2,1,9,3,46,3,3,0,0,40.0,1.0,0,1,1,1,0,0,0,0,0,0,0,0,25;40;30,,,95,0,0,3,3,0,0,1.0,0,0,0,0,0
2021,11,TEN,REG,HOU,35,52,323,1,4,2,-6,1,0,441,122,19,-9.988982106850017,3.7905019872328816,0,25,103,0,1,0,8,-4.761089737556176,0,35,51,323,1,1,0,441,122,19,-5.635482685698662,0,0,37,8,30,4,8,0,0.0,0.0,1,0,0,4,0,1,0,0,3,4,0,0,1,5,52,7,4,20,5,88,0,0,0,0,,,0,0,0,0,0,0,0,0,0,0,0,0,,,,0,0,0,1,2,1,0,0.5,0,0,0,0,0
2021,11,WAS,REG,CAR,16,22,206,3,0,3,-27,0,0,241,53,10,13.535312793275807,23.248279690742493,0,40,190,0,2,1,13,-2.4211133136231413,0,16,20,206,3,0,0,241,53,10,21.061349722731393,0,0,26,1,29,1,3,0,1.0,3.0,5,0,0,3,0,0,0,0,2,3,0,0,0,8,69,4,0,0,2,53,2,2,0,0,36.0,1.0,0,1,1,0,0,0,0,0,0,0,0,0,36;29,,,65,0,0,3,3,0,0,1.0,0,0,0,0,0
2021,12,ATL,REG,JAX,19,29,190,1,1,1,-7,0,0,131,124,12,4.8737726308754645,-2.0617247692176273,0,29,149,2,0,0,6,-1.8298551823827438,0,19,28,190,1,0,0,131,124,12,7.287375950894784,0,0,40,6,28,3,8,3,1.0,12.0,6,1,0,5,0,0,0,0,0,0,1,1,0,5,26,2,1,3,4,91,0,0,0,0,,,0,0,0,0,0,0,0,0,0,0,0,0,,,,0,0,0,3,3,0,0,1.0,0,0,0,0,0
2021,12,BAL,REG,CLE,20,32,165,1,4,2,-10,0,0,278,54,6,-10.955327357911083,-5.181697849184275,0,43,148,0,0,0,12,-0.7337037125253119,0,20,32,165,1,0,0,278,54,6,-8.689163139137017,0,0,31,5,17,4,12,1,2.0,8.0,5,0,0,7,0,0,0,0,0,0,2,2,0,5,54,3,3,36,0,0,3,3,0,0,52.0,1.0,0,1,0,1,1,0,0,0,0,0,0,0,52;25;49,,,126,0,0,1,1,0,0,1.0,0,0,0,0,0
2021,12,BUF,REG,NO,23,28,260,4,2,2,-12,0,0,169,113,11,11.416108201911314,15.621771491490877,0,32,113,0,0,0,9,-2.2301988587132655,0,23,26,260,4,0,0,169,113,11,15.648080749146175,0,0,33,5,25,4,22,0,2.0,17.0,6,1,18,3,0,1,0,0,1,1,0,0,0,4,35,3,5,49,0,0,1,1,0,0,34.0,1.0,0,0,1,0,0,0,0,0,0,0,0,0,34,,,34,0,0,4,4,0,0,1.0,0,0,0,0,0
2021,12,CAR,REG,MIA,10,31,179,0,3,5,-45,0,0,318,51,5,-18.391758840123657,-28.783399251199537,0,18,64,1,0,0,5,1.4561071087955497,0,10,31,179,0,0,0,318,51,5,-11.88599155319389,0,0,48,15,25,3,11,1,2.0,26.0,2,0,0,2,0,0,0,0,0,0,1,1,0,7,61,4,0,0,0,0,1,1,0,0,41.0,1.0,0,0,0,1,0,0,0,0,0,0,0,0,41,,,41,0,0,1,1,0,0,1.0,0,0,0,0,0
2021,12,CHI,REG,DET,24,39,317,1,1,1,-7,0,0,346,129,18,11.954447373824404,-2.3008205600686975,0,29,68,0,0,0,4,-11.581796877976046,0,24,37,317,1,0,0,346,129,18,14.54842025438493,0,0,28,7,19,3,11,2,1.0,8.0,3,0,0,1,0,0,0,0,1,1,1,1,0,5,50,4,4,39,3,59,3,4,1,0,43.0,0.75,0,2,0,1,0,0,0,0,0,0,1,0,28;43;28,53,,99,53,0,1,1,0,0,1.0,1,1,0,0,28
2021,12,CIN,REG,PIT,20,25,190,1,1,2,-18,0,0,182,92,11,1.1956390658813993,16.58851734052102,0,38,198,3,0,0,13,11.295238899678225,0,20,24,190,1,0,0,182,92,11,7.238226165965898,0,0,37,4,16,3,14,1,3.0,13.0,6,2,74,5,1,0,0,0,0,0,1,1,0,3,18,4,2,17,1,12,2,2,0,0,51.0,1.0,0,0,1,0,1,0,0,0,0,0,0,0,31;51,,,82,0,0,5,5,0,0,1.0,0,0,0,0,0
2021,12,CLE,REG,BAL,18,37,247,1,0,3,-25,2,2,353,104,10,-6.911642253479407,-11.145477698129767,0,17,40,0,0,0,2,-4.449717595358379,0,18,34,247,1,0,0,353,104,10,5.7961861057333195,0,0,40,7,37,2,7,0,2.0,10.0,5,4,9,6,0,0,0,0,0,0,0,0,0,5,45,4,1,-3,1,15,1,2,1,0,46.0,0.5,0,0,0,1,0,0,0,0,0,1,0,0,46,46,,46,46,0,1,1,0,0,1.0,0,0,0,0,0
2021,12,DAL,REG,LV,32,47,375,2,0,1,-2,0,0,351,158,13,8.096333856247462,-1.9007327074700213,1,20,64,1,0,0,6,-2.206882605576422,0,32,47,375,2,0,0,351,158,13,9.772993540410049,1,1,45,1,31,4,14,1,3.0,7.0,7,0,0,2,0,0,0,0,0,0,0,0,0,14,166,4,2,16,3,129,2,3,1,0,45.0,0.6666666666666666,0,1,0,1,0,0,0,0,0,0,1,0,29;45,59,,74,59,0,1,2,1,0,0.5,0,0,0,0,0
2021,12,DEN,REG,LAC,15,25,155,1,1,1,0,1,0,146,100,9,2.5582702858373523,-4.465129971504211,0,33,147,2,0,0,10,3.052590254927054,0,15,23,155,1,0,0,146,100,9,1.9811321479501203,0,0,38,2,14,5,22,0,3.0,18.0,9,2,70,8,1,0,0,0,1,1,0,0,0,5,35,4,2,13,1,7,0,0,0,0,,,0,0,0,0,0,0,0,0,0,0,0,0,,,,0,0,0,4,4,0,0,1.0,0,0,0,0,0
2021,12,DET,REG,CHI,21,25,171,2,0,1,-8,1,1,162,80,9,0.9617328613530844,11.182868838310242,0,19,76,0,0,0,5,-2.456525764078833,0,21,25,171,2,1,0,162,80,9,6.083455188199878,0,0,40,8,26,2,8,0,1.0,7.0,4,1,0,8,0,1,0,0,1,1,0,0,0,10,67,3,2,9,3,84,0,0,0,0,,,0,0,0,0,0,0,0,0,0,0,0,0,,,,0,0,0,2,2,0,0,1.0,0,0,0,0,0
2021,12,GB,REG,LA,28,45,307,2,0,1,0,0,0,426,165,14,8.402708753229879,0.048739259893243965,0,32,92,1,0,0,5,-3.643716458522249,0,28,44,307,2,1,0,426,165,14,10.162468237596796,0,0,33,5,19,1,8,2,2.0,17.0,5,1,33,8,1,2,0,0,2,2,2,2,0,3,32,6,1,0,3,38,3,4,1,0,45.0,0.75,0,2,0,1,0,0,0,0,0,1,0,0,45;28;29,42,,102,42,0,3,3,0,0,1.0,0,0,0,0,0
2021,12,HOU,REG,NYJ,17,26,158,2,1,5,-52,0,0,219,79,7,-12.880443342038465,-1.8919529823156505,0,24,96,0,1,0,5,-2.3572291080490686,0,17,26,158,2,0,0,219,79,7,-3.3094834422893236,0,0,42,2,18,7,32,1,4.0,36.0,4,1,0,3,0,0,0,0,1,1,0,0,0,4,32,5,1,7,2,50,0,1,1,0,,0.0,0,0,0,0,0,0,0,0,0,0,1,0,,55,,0,55,0,2,2,0,0,1.0,0,0,0,0,0
2021,12,IND,REG,TB,27,44,306,3,2,3,-21,1,1,408,92,15,0.9879398207622927,-5.040932256121968,0,20,107,1,0,0,8,3.8574171755462885,0,27,43,306,3,1,1,408,92,15,4.074445179277134,0,0,39,15,21,4,13,1,2.0,9.0,3,1,0,5,0,1,0,0,0,0,1,1,0,6,66,5,3,22,1,72,1,1,0,0,45.0,1.0,0,0,0,1,0,0,0,0,0,0,0,0,45,,,45,0,0,4,4,0,0,1.0,0,0,0,0,0
2021,12,JAX,REG,ATL,23,42,228,1,1,1,-12,1,0,420,116,13,-2.039880644237604,-5.491491934148277,1,28,141,0,1,1,7,1.067107402253896,0,23,41,228,1,0,0,420,116,13,0.3410914589781502,1,0,37,5,19,2,9,0,1.0,7.0,4,1,0,4,0,1,0,0,2,2,0,0,0,6,43,5,2,29,3,74,2,2,0,0,34.0,1.0,0,1,1,0,0,0,0,0,0,0,0,0,22;34,,,56,0,0,0,0,0,0,,0,0,0,0,0
2021,12,LA,REG,GB,21,39,302,3,1,2,-17,1,1,433,133,10,-2.7273993512469334,-9.031683435806862,1,20,68,0,0,0,5,-4.447674086316681,0,21,39,302,3,0,0,433,133,10,5.351205719405041,1,0,40,11,33,3,6,2,1.0,0.0,5,0,0,4,0,1,0,0,0,0,1,1,0,4,30,4,1,13,5,103,2,2,0,0,39.0,1.0,0,0,2,0,0,0,0,0,0,0,0,0,36;39,,,75,0,0,2,2,0,0,1.0,0,0,0,0,0
2021,12,LAC,REG,DEN,28,44,303,2,2,3,-18,0,0,287,153,15,-1.9597481920718862,-3.436387736688961,0,17,72,0,0,0,3,1.5691697856527753,0,28,44,303,2,0,0,287,153,15,1.9220391657873988,0,0,28,8,32,1,2,1,1.0,0.0,3,1,5,3,0,0,0,0,0,0,0,0,0,9,75,5,0,0,0,0,0,1,1,0,,0.0,0,0,0,0,0,0,0,0,0,0,1,0,,52,,0,52,0,1,1,0,0,1.0,0,0,0,0,0
2021,12,LV,REG,DAL,24,39,373,1,0,3,-7,1,0,376,224,14,7.77053394097753,-2.2476026886387874,0,35,143,2,0,0,7,-2.36328192599467,0,24,38,373,1,0,0,376,224,14,11.642510351598375,0,0,37,4,28,2,7,0,1.0,2.0,5,0,0,2,0,0,0,0,1,1,0,0,0,14,110,2,3,34,0,0,5,5,0,0,56.0,1.0,0,2,1,1,1,0,0,0,0,0,0,0,22;46;30;56;29,,,183,0,0,3,3,0,0,1.0,1,1,0,0,29
2021,12,MIA,REG,CAR,27,31,230,1,0,2,-26,1,0,116,146,11,6.399635681390199,13.822654658748258,0,39,111,2,0,0,10,-1.5923271247934574,0,27,31,230,1,0,0,116,146,11,12.762519969461854,0,1,20,6,20,7,49,0,5.0,45.0,11,3,16,10,0,1,0,2,3,4,0,0,0,5,35,4,3,26,0,0,2,2,0,0,46.0,1.0,0,0,1,1,0,0,0,0,0,0,0,0,46;33,,,79,0,0,3,4,1,0,0.75,0,0,0,0,0
2021,12,MIN,REG,SF,21,33,262,2,1,1,-6,0,0,223,152,13,0.3560073331028689,-2.003396861255169,0,18,67,1,1,1,3,-7.585023467720021,0,21,32,262,2,1,0,223,152,13,2.057701044905232,0,1,33,9,35,4,24,0,2.0,15.0,6,1,10,3,0,0,0,0,1,1,0,0,0,5,38,3,0,0,5,189,0,0,0,0,,,0,0,0,0,0,0,0,0,0,0,0,0,,,,0,0,0,2,3,1,0,0.6666666666666666,0,0,0,0,0
2021,12,NE,REG,TEN,23,32,310,2,0,2,-21,0,0,238,175,15,14.341584726286221,8.334733173251152,0,24,105,1,0,0,6,-0.9704328746258453,0,23,32,310,2,0,0,238,175,15,18.312283306548473,0,0,31,10,32,2,9,4,2.0,8.0,4,1,0,9,0,0,0,0,0,0,3,3,0,4,35,4,2,23,3,84,5,6,1,0,52.0,0.8333333333333334,0,2,1,1,1,0,0,0,0,0,1,0,22;37;44;28;52,53,,183,53,0,3,3,0,0,1.0,0,0,0,0,0
2021,12,NO,REG,BUF,17,30,163,1,1,2,-17,0,0,178,92,7,-7.469530708170962,-10.577137129647392,0,25,44,0,0,0,4,-11.946800707257353,0,17,28,163,1,0,0,178,92,7,-2.2654908468974755,0,0,44,6,22,6,21,0,2.0,12.0,3,2,2,4,0,0,0,0,0,0,0,0,0,4,24,2,1,12,4,61,0,0,0,0,,,0,0,0,0,0,0,0,0,0,0,0,0,,,,0,0,0,0,0,0,0,,0,0,0,0,0
2021,12,NYG,REG,PHI,19,30,202,1,0,1,-8,0,0,157,120,12,3.575628669458112,-3.1002715743821243,0,27,70,0,0,0,4,-6.691019149671774,0,19,29,202,1,0,0,157,120,12,6.033927260423681,0,0,32,6,36,1,1,1,1.0,5.0,3,3,24,10,0,2,0,0,0,0,1,1,0,2,15,3,1,9,1,22,2,3,1,0,39.0,0.6666666666666666,0,0,2,0,0,0,0,0,0,0,1,0,35;39,51,,74,51,0,1,1,0,0,1.0,0,0,0,0,0
2021,12,NYJ,REG,HOU,14,24,145,0,1,4,-36,1,0,103,96,6,-9.377842194640897,-13.48236021788224,0,34,157,2,0,0,10,6.342538342238303,1,14,23,145,0,0,0,103,96,6,-0.5157032827846706,0,0,30,11,25,7,61,0,5.0,52.0,8,1,32,4,0,0,0,0,0,0,0,0,0,5,40,5,1,17,1,29,2,3,1,0,37.0,0.6666666666666666,0,0,2,0,0,0,0,0,0,1,0,0,31;37,42,,68,42,0,1,1,0,0,1.0,0,0,0,0,0
2021,12,PHI,REG,NYG,14,31,129,0,3,1,-5,0,0,299,51,8,-17.631607618997805,-14.274625634324961,0,33,208,1,1,1,12,5.258679741586093,0,14,29,129,0,0,0,299,51,8,-14.610931251139846,0,0,37,6,20,6,30,1,1.0,8.0,5,0,0,4,0,0,0,0,0,0,0,0,0,4,26,6,4,18,3,54,0,0,0,0,,,0,0,0,0,0,0,0,0,0,0,0,0,,,,0,0,0,1,1,0,0,1.0,0,0,0,0,0
2021,12,PIT,REG,CIN,24,41,263,1,2,3,-13,1,1,296,96,15,-14.617871658538252,-5.366267569554158,0,15,51,0,0,0,1,-3.6798015109379776,0,24,39,263,1,0,0,296,96,15,-5.9417423561208595,0,0,39,7,31,6,31,0,2.0,18.0,3,1,18,3,0,0,0,0,1,1,0,0,0,4,30,2,2,3,3,73,1,1,0,0,40.0,1.0,0,0,0,1,0,0,0,0,0,0,0,0,40,,,40,0,0,1,1,0,0,1.0,0,0,0,0,0
2021,12,SEA,REG,WAS,20,31,247,2,0,2,-14,0,0,279,96,8,3.7679201057618483,0.8915780052062003,0,12,34,0,0,0,1,-3.9461677584331483,0,20,31,247,2,1,1,279,96,8,2.5231067641726694,0,0,51,9,27,1,4,0,1.0,4.0,2,1,0,4,0,0,0,0,0,0,0,0,0,6,51,6,0,0,3,81,0,0,0,0,,,0,0,0,0,0,0,0,0,0,0,0,0,,,,0,0,0,1,1,0,0,1.0,0,0,0,0,0
2021,12,SF,REG,MIN,17,26,230,1,1,2,-15,0,0,227,124,10,3.2568196143819588,-0.08706737023133497,0,39,208,3,0,0,12,4.663277702743248,0,17,26,230,1,0,0,227,124,10,7.305413554595281,0,0,30,6,18,1,6,2,1.0,6.0,3,1,24,4,0,0,0,0,0,0,1,1,0,5,57,3,2,14,0,0,2,3,1,0,46.0,0.6666666666666666,0,1,0,1,0,0,0,0,0,1,0,0,46;22,42,,68,42,0,4,4,0,0,1.0,0,0,0,0,0
2021,12,TB,REG,IND,25,34,226,1,1,2,-9,0,0,192,129,11,-1.315539552459383,1.0039639823576982,0,27,142,4,0,0,13,9.14211028610589,0,25,34,226,1,1,1,192,129,11,-0.14030974559893972,0,0,36,12,16,3,12,2,3.0,21.0,7,2,30,8,0,0,0,0,0,0,3,3,0,4,44,2,2,3,3,66,1,1,0,0,25.0,1.0,0,1,0,0,0,0,0,0,0,0,0,0,25,,,25,0,0,5,5,0,0,1.0,0,0,0,0,0
2021,12,TEN,REG,NE,11,21,93,1,1,2,-8,1,0,128,34,6,-9.411107614283042,-13.227096199989319,0,39,270,1,3,3,11,3.962805418530479,0,11,21,93,1,0,0,128,34,6,-5.978325001542048,0,0,33,9,27,3,13,0,2.0,21.0,7,0,0,3,0,0,0,0,2,2,0,0,0,5,50,2,0,0,4,88,0,1,1,0,,0.0,0,0,0,0,0,0,0,0,0,1,0,0,,44,,0,44,0,1,2,1,0,0.5,0,0,0,0,0
2021,12,WAS,REG,SEA,27,35,223,1,1,1,-4,0,0,189,161,13,6.288837717113919,7.29413628578186,0,43,152,1,0,0,10,-5.7021885423308705,1,27,34,223,1,0,0,189,161,13,7.7034644787445625,0,0,24,5,13,3,15,1,2.0,14.0,10,0,0,3,0,1,0,0,1,1,1,1,0,4,38,4,2,8,2,43,1,1,0,0,23.0,1.0,0,1,0,0,0,0,0,0,0,0,0,0,23,,,23,0,0,0,1,0,1,0.0,0,0,0,0,0
2021,13,ARI,REG,CHI,11,15,123,2,0,1,-3,1,0,58,82,6,6.707076141538098,1.5958410501480103,0,35,137,2,1,0,8,-0.40456973875342683,0,11,15,123,2,0,0,58,82,6,8.69600426161196,0,0,42,2,26,3,14,0,3.0,12.0,6,4,121,8,0,0,0,0,2,3,0,0,0,8,63,4,1,0,3,71,2,2,0,0,33.0,1.0,0,1,1,0,0,0,0,0,0,0,0,0,33;25,,,58,0,0,3,3,0,0,1.0,0,0,0,0,0
2021,13,ATL,REG,TB,30,41,297,0,0,5,-38,0,0,253,142,14,-0.6834038085538081,4.758420363068581,0,23,121,1,2,0,8,2.243982437561499,0,30,40,297,0,1,1,253,142,14,7.428650786471448,0,0,33,9,29,0,0,0,0.0,0.0,1,1,3,4,1,1,0,0,4,6,0,0,0,6,39,5,1,7,1,30,1,1,0,0,21.0,1.0,0,1,0,0,0,0,0,0,0,0,0,0,21,,,21,0,0,2,2,0,0,1.0,0,0,0,0,0
2021,13,BAL,REG,PIT,23,37,253,1,1,7,-34,1,0,245,135,12,2.6045345141175202,-5.9131008547705575,0,25,107,1,0,0,7,1.2358257002316724,0,23,37,253,1,0,0,245,135,12,10.946810394976755,0,0,32,10,28,0,0,0,1.0,0.0,3,0,0,3,0,0,0,0,0,0,0,0,0,10,55,5,2,12,2,61,2,2,0,0,35.0,1.0,0,1,1,0,0,0,0,0,0,0,0,0,35;28,,,63,0,0,1,1,0,0,1.0,0,0,0,0,0
2021,13,BUF,REG,NE,15,30,145,1,0,2,-14,0,0,311,53,9,-7.056900199947066,-8.719914456208548,0,25,99,0,1,1,6,-3.869165677053388,0,15,30,145,1,0,0,311,53,9,-4.035442334229245,0,0,31,10,18,4,16,0,0.0,0.0,0,0,0,1,0,0,0,0,0,1,1,1,0,3,20,5,1,8,1,27,1,2,1,0,35.0,0.5,0,0,1,0,0,0,0,0,1,0,0,0,35,33,,35,33,0,1,1,0,0,1.0,0,0,0,0,0
2021,13,CHI,REG,ARI,26,41,229,2,4,3,-12,0,0,234,130,14,-15.301612848517717,-5.638889595866203,1,27,112,1,0,0,9,3.1198792687791865,0,26,40,229,2,0,0,234,130,14,-11.371087680497904,1,0,38,1,23,6,24,0,1.0,3.0,1,0,0,1,0,0,0,0,2,2,0,0,0,6,45,5,1,8,2,49,0,0,0,0,,,0,0,0,0,0,0,0,0,0,0,0,0,,,,0,0,0,2,2,0,0,1.0,0,0,0,0,0
2021,13,CIN,REG,LAC,24,40,300,1,2,6,-40,1,1,394,98,14,-5.9916518962509775,0.7497760810350117,0,25,96,2,1,1,8,-14.664539855104405,0,24,38,300,1,0,0,394,98,14,9.141464925623888,0,0,32,2,42,6,21,2,4.0,33.0,11,1,0,4,0,0,0,0,0,0,2,2,0,7,63,6,1,5,3,52,1,1,0,0,48.0,1.0,0,0,0,1,0,0,0,0,0,0,0,0,48,,,48,0,0,1,2,1,0,0.5,0,0,0,0,0
2021,13,DAL,REG,NO,26,40,238,1,1,1,-7,0,0,337,93,10,-8.3563032825659,-2.622123062610626,0,24,146,1,0,0,5,-0.5375524399569258,0,26,40,238,1,0,0,337,93,10,-6.406389046012887,0,0,35,9,19,3,13,1,2.0,12.0,6,4,37,9,1,0,0,0,0,0,0,0,0,5,35,1,4,44,1,22,2,2,0,0,55.0,1.0,0,0,1,0,1,0,0,0,0,0,0,0,55;34,,,89,0,0,3,3,0,0,1.0,0,0,0,0,0
2021,13,DEN,REG,KC,22,40,257,1,2,1,-7,0,0,269,172,10,-10.930298166217861,-9.189270105626848,0,31,154,0,1,0,12,1.061509893857874,0,22,36,257,1,0,0,269,172,10,-2.4832211528985026,0,0,27,2,24,3,17,0,1.0,6.0,3,1,0,3,0,1,0,0,1,1,0,0,0,5,37,4,3,6,2,44,1,1,0,0,42.0,1.0,0,0,0,1,0,0,0,0,0,0,0,0,42,,,42,0,0,0,0,0,0,,0,0,0,0,0
2021,13,DET,REG,MIN,25,41,296,3,1,3,-24,1,1,330,90,14,3.678495117768613,-3.4241157142739547,0,27,100,0,1,0,7,-9.09733844543397,0,25,38,296,3,0,0,330,90,14,12.429775903012343,0,0,48,7,21,7,20,1,3.0,14.0,8,0,0,3,0,0,0,0,1,1,1,1,0,3,11,6,1,0,1,30,3,3,0,0,49.0,1.0,0,0,1,2,0,0,0,0,0,0,0,0,31;41;49,,,121,0,0,2,2,0,0,1.0,0,0,0,0,0
2021,13,HOU,REG,IND,11,27,94,0,1,4,-37,0,0,144,69,6,-22.38251178956125,-28.067254447020016,0,19,84,0,0,0,3,-3.5238066987949423,0,11,26,94,0,1,1,144,69,6,-19.506141814461444,0,0,45,10,28,4,12,1,1.0,7.0,3,0,0,1,0,0,0,0,0,0,1,1,0,4,25,5,1,4,2,48,0,0,0,0,,,0,0,0,0,0,0,0,0,0,0,0,0,,,,0,0,0,0,0,0,0,,0,0,0,0,0
2021,13,IND,REG,HOU,16,22,158,1,0,1,-7,0,0,154,76,8,2.608647358213898,5.407805063507774,0,48,238,3,1,1,18,7.789709221513476,0,16,22,158,1,0,0,154,76,8,4.846313180012044,0,0,29,2,14,4,37,1,4.0,37.0,11,1,0,4,0,0,0,0,0,0,1,1,0,5,25,3,5,37,0,0,1,2,1,0,23.0,0.5,0,1,0,0,0,0,0,0,1,0,0,0,23,35,,23,35,0,4,4,0,0,1.0,0,0,0,0,0
2021,13,JAX,REG,LA,16,28,145,0,0,2,-9,0,0,117,102,7,-2.9206999125599395,-19.66786331364087,0,25,61,1,3,2,4,-18.080446195439436,0,16,28,145,0,0,0,117,102,7,0.8281450644426513,0,0,33,7,33,2,3,0,1.0,5.0,2,0,0,1,0,0,0,0,1,1,0,0,0,3,39,3,0,0,1,24,0,0,0,0,,,0,0,0,0,0,0,0,0,0,0,0,0,,,,0,0,0,1,1,0,0,1.0,0,0,0,0,0
2021,13,KC,REG,DEN,15,29,184,0,1,1,-6,0,0,151,139,8,-2.5851919893225466,-16.95121846817158,0,24,89,1,0,0,7,0.5002325518289581,0,15,27,184,0,0,0,151,139,8,-0.5769069782159104,0,0,36,9,35,0,0,1,1.0,7.0,8,2,88,9,1,0,0,0,0,0,1,1,0,7,60,1,2,13,0,0,3,3,0,0,56.0,1.0,0,1,0,1,1,0,0,0,0,0,0,0,56;45;26,,,127,0,0,1,2,1,0,0.5,0,0,0,0,0
2021,13,LA,REG,JAX,26,38,295,3,0,1,-5,0,0,353,116,15,13.03600023035274,1.9276465113098558,0,27,128,1,0,0,7,2.805418237410083,0,26,37,295,3,1,0,353,116,15,14.334478699547118,0,0,25,5,29,3,4,2,2.0,9.0,6,0,0,4,0,0,0,0,1,1,2,2,0,7,47,3,0,0,2,81,3,3,0,0,44.0,1.0,0,0,1,2,0,0,0,0,0,0,0,0,40;44;37,,,121,0,0,4,4,0,0,1.0,0,0,0,0,0
2021,13,LAC,REG,CIN,26,35,317,3,1,4,-33,0,0,369,120,13,12.165074567284972,13.986943278993879,1,22,79,1,0,0,5,-0.5977976704158054,0,26,35,317,3,2,2,369,120,13,7.612208464448411,1,0,40,3,31,5,32,2,6.0,40.0,11,2,0,5,0,0,0,0,0,0,2,2,1,7,51,1,2,18,3,99,2,2,0,0,43.0,1.0,0,0,0,2,0,0,0,0,0,0,0,0,43;43,,,86,0,0,3,4,1,0,0.75,0,0,0,0,0
2021,13,LV,REG,WAS,28,38,249,0,0,2,-15,0,0,357,133,14,-0.6047359095196992,6.1734668082661095,0,16,76,1,0,0,5,-0.5776787021313794,0,28,36,249,0,0,0,357,133,14,4.258676914182975,0,0,34,8,30,5,24,0,1.0,10.0,5,1,9,5,0,0,0,0,0,0,0,0,0,6,54,6,1,6,2,43,3,3,0,0,52.0,1.0,0,0,2,0,1,0,0,0,0,0,0,0,52;38;37,,,127,0,0,0,0,0,0,,0,0,0,0,0
2021,13,MIA,REG,NYG,30,41,244,2,0,2,-15,0,0,280,73,17,4.145969465469963,4.333198724723443,0,25,68,0,0,0,1,-6.345151134068146,0,30,41,244,2,0,0,280,73,17,7.458767012322343,0,0,29,9,21,5,36,0,3.0,28.0,8,1,0,5,0,0,0,0,0,0,0,0,0,3,15,2,1,7,2,32,2,3,1,0,48.0,0.6666666666666666,0,0,0,2,0,0,0,0,0,0,1,0,48;48,52,,96,52,0,2,2,0,0,1.0,0,0,0,0,0
2021,13,MIN,REG,DET,30,41,340,2,0,3,-14,1,1,337,135,19,3.9873755394426604,5.248082192932687,0,27,100,1,0,0,7,-0.5393992326860315,0,30,41,340,2,0,0,337,135,19,13.111228375410798,0,0,37,7,27,2,15,2,3.0,24.0,7,1,0,4,0,0,0,0,0,0,1,1,0,7,66,4,3,23,2,65,3,3,0,0,41.0,1.0,0,0,2,1,0,0,0,0,0,0,0,0,41;31;31,,,103,0,0,0,0,0,0,,0,0,0,0,0
2021,13,NE,REG,BUF,2,3,19,0,0,0,0,0,0,15,12,1,0.035594736225903034,-5.489613612492879,0,46,222,1,1,0,11,0.15361813234730848,1,2,3,19,0,0,0,15,12,1,0.035594736225903034,0,0,27,10,18,2,14,0,2.0,14.0,5,0,0,5,0,1,0,0,1,2,1,1,0,6,47,4,1,0,0,0,2,2,0,0,41.0,1.0,0,0,1,1,0,0,0,0,0,0,0,0,41;34,,,75,0,0,0,0,0,0,,0,0,0,0,0
2021,13,NO,REG,DAL,19,41,264,2,4,2,-12,0,0,292,173,11,-22.099218612736752,-23.64623132275372,0,26,153,0,0,0,8,3.508088905364275,0,19,41,264,2,1,0,292,173,11,-17.451309146908773,0,0,39,3,23,2,9,0,1.0,7.0,7,1,15,7,0,0,0,0,0,0,0,0,0,7,59,5,4,37,0,0,1,2,1,0,42.0,0.5,0,0,0,1,0,0,0,0,0,0,1,0,42,56,,42,56,0,2,2,0,0,1.0,0,0,0,0,0
2021,13,NYG,REG,MIA,23,44,187,0,1,3,-28,0,0,327,102,10,-12.705807537086127,-4.330275639107353,0,17,91,0,0,0,6,2.2481583410990424,0,23,38,187,0,0,0,327,102,10,-4.9202128244795995,0,0,40,6,26,3,17,0,2.0,15.0,3,0,0,2,0,0,0,0,0,0,0,0,0,3,23,5,3,22,0,0,3,4,1,0,51.0,0.75,0,0,2,0,1,0,0,0,0,0,1,0,39;34;51,56,,124,56,0,0,0,0,0,,0,0,0,0,0
2021,13,NYJ,REG,PHI,23,38,226,2,1,2,-15,0,0,309,117,15,1.0064608506946824,-3.4014044536484613,0,17,70,1,0,0,5,-0.6642124733771197,0,23,36,226,2,0,0,309,117,15,4.6116260867421515,0,0,48,3,25,2,3,0,1.0,0.0,3,0,0,2,0,0,0,0,0,0,0,0,0,6,66,4,0,0,3,139,0,0,0,0,,,0,0,0,0,0,0,0,0,0,0,0,0,,,,0,0,0,0,2,2,0,0.0,0,0,0,0,0
2021,13,PHI,REG,NYJ,20,25,242,2,0,2,-9,1,0,135,149,13,14.201063515840985,21.18088575926694,0,41,185,1,0,0,10,1.3512104659736295,0,20,22,242,2,0,0,135,149,13,17.817424656782215,0,0,24,6,28,2,12,0,2.0,15.0,5,1,0,2,0,1,0,0,2,3,0,0,0,3,20,3,1,20,3,39,4,4,0,0,46.0,1.0,0,0,2,2,0,0,0,0,0,0,0,0,31;32;43;46,,,152,0,0,3,3,0,0,1.0,0,0,0,0,0
2021,13,PIT,REG,BAL,21,31,236,2,0,1,0,0,0,260,152,11,9.283845617240397,4.361720780531566,1,25,85,0,0,0,4,-3.746315981086809,0,21,30,236,2,0,0,260,152,11,10.255834363409187,1,0,44,7,19,9,34,1,7.0,34.0,10,1,0,4,0,0,0,0,0,0,0,0,0,5,81,5,4,33,3,46,2,2,0,0,53.0,1.0,0,0,0,1,1,0,0,0,0,0,0,0,53;43,,,96,0,0,0,1,1,0,0.0,0,0,0,0,0
2021,13,SEA,REG,SF,30,37,231,2,1,4,-50,1,0,258,91,12,-0.12678348540794104,14.153592087127066,0,27,146,2,1,0,5,2.411952164802595,0,30,37,231,2,2,2,258,91,12,0.4686037385254167,0,0,30,6,28,2,6,1,1.0,5.0,3,2,32,6,0,0,1,0,2,2,1,1,0,6,40,5,1,0,6,148,0,1,1,0,,0.0,0,0,0,0,0,0,0,0,0,0,1,0,,56,,0,56,0,4,4,0,0,1.0,0,0,0,0,0
2021,13,SF,REG,SEA,20,30,299,2,2,1,-5,0,0,218,165,11,1.7457135824833154,-2.3061081767082214,0,25,71,1,0,0,6,-1.7007165596587583,0,20,30,299,2,0,0,218,165,11,2.0938348327644256,0,0,47,8,24,4,25,4,4.0,50.0,8,1,4,1,0,0,0,0,0,0,2,2,0,10,86,3,2,18,3,47,1,1,0,0,50.0,1.0,0,0,0,0,1,0,0,0,0,0,0,0,50,,,50,0,0,2,3,1,0,0.6666666666666666,0,0,0,0,0
2021,13,TB,REG,ATL,38,51,368,4,1,0,0,0,0,324,167,22,15.678909607755486,2.9474947966781317,0,17,57,0,0,0,2,-1.8017028933871901,0,38,51,368,4,0,0,324,167,22,15.678909607755486,0,0,41,4,28,5,38,2,5.0,38.0,11,0,0,5,0,0,0,0,0,0,1,1,0,3,15,4,2,7,0,0,1,1,0,0,31.0,1.0,0,0,1,0,0,0,0,0,0,0,0,0,31,,,31,0,0,3,4,1,0,0.75,0,0,0,0,0
2021,13,WAS,REG,LV,23,30,196,2,1,1,-10,0,0,202,84,12,5.529682868858799,7.5005436937014265,0,30,112,0,0,0,7,-4.278711888805779,0,23,30,196,2,0,0,202,84,12,6.77557238121517,0,0,35,3,23,2,12,0,2.0,15.0,4,0,0,5,0,0,0,0,0,0,0,0,0,6,47,1,2,29,1,18,1,1,0,0,48.0,1.0,0,0,0,1,0,0,0,0,0,0,0,0,48,,,48,0,0,2,2,0,0,1.0,1,1,0,0,48
2021,14,ARI,REG,LA,32,49,383,0,2,4,-39,0,0,505,146,17,-1.3022323015856796,0.22556018464419306,0,22,103,2,1,0,6,-3.226266505972925,0,32,49,383,0,0,0,505,146,17,1.9994600379959295,0,0,31,7,19,4,23,1,3.0,20.0,4,0,0,1,0,0,0,0,1,2,0,0,0,7,54,6,0,0,0,0,3,3,0,0,53.0,1.0,0,0,0,1,2,0,0,0,0,0,0,0,53;53;49,,,155,0,0,2,2,0,0,1.0,0,0,0,0,0
2021,14,ATL,REG,CAR,19,28,190,1,0,0,0,0,0,212,94,10,5.201244819079017,8.379148774676853,0,36,128,1,1,1,9,-4.800813703273889,0,19,27,190,1,0,0,212,94,10,7.111461789795189,0,0,33,5,19,5,21,0,1.0,10.0,4,2,66,7,1,0,0,0,0,0,1,1,0,6,60,2,0,0,1,38,3,3,0,0,48.0,1.0,0,0,2,1,0,0,0,0,0,0,0,0,32;38;48,,,118,0,0,2,2,0,0,1.0,0,0,0,0,0
2021,14,BAL,REG,CLE,31,42,287,1,0,4,-16,2,2,307,116,15,-6.255814057173632,10.88051363825798,0,23,118,1,0,0,5,-1.3417500386306258,0,31,40,287,1,0,0,307,116,15,12.434584074920085,0,0,39,6,24,2,3,0,0.0,0.0,1,1,21,4,0,0,0,0,0,0,0,0,0,10,129,6,0,0,3,54,3,3,0,0,55.0,1.0,0,0,0,1,2,0,0,0,0,0,0,0,50;42;55,,,147,0,0,1,1,0,0,1.0,0,0,0,0,0
2021,14,BUF,REG,TB,36,54,308,2,1,3,-15,0,0,271,157,16,-3.401727934617452,3.281713233274572,0,19,173,1,0,0,10,9.147937884379644,0,36,51,308,2,0,0,271,157,16,1.9315596566427073,0,0,46,5,23,2,12,0,2.0,12.0,4,0,0,4,0,0,0,0,0,0,0,0,0,7,65,6,2,9,1,29,2,2,0,0,25.0,1.0,0,2,0,0,0,0,0,0,0,0,0,0,21;25,,,46,0,0,3,3,0,0,1.0,0,0,0,0,0
2021,14,CAR,REG,ATL,21,35,253,1,2,1,-10,0,0,306,101,13,-4.530892517737811,-6.896479981286185,0,26,91,2,3,1,10,-6.326718478259863,0,21,35,253,1,0,0,306,101,13,-1.8581943093740847,0,0,41,1,23,4,6,1,0.0,0.0,7,0,0,3,0,0,0,0,2,4,1,1,0,6,45,4,0,0,3,75,0,0,0,0,,,0,0,0,0,0,0,0,0,0,0,0,0,,,,0,0,0,3,3,0,0,1.0,0,0,0,0,0
2021,14,CHI,REG,GB,18,33,224,2,2,2,-14,1,1,257,153,7,-11.288200559002451,-7.297878013923764,0,23,137,0,0,0,7,3.8382085303310305,0,18,32,224,2,0,0,257,153,7,-4.446115589201088,0,1,36,9,27,3,21,0,3.0,21.0,4,0,0,2,0,0,0,0,1,1,0,0,0,7,41,3,3,131,5,128,3,3,0,0,44.0,1.0,0,1,0,2,0,0,0,0,0,0,0,0,23;44;43,,,110,0,0,3,3,0,0,1.0,0,0,0,0,0
2021,14,CIN,REG,SF,25,34,348,2,0,5,-37,1,0,291,158,16,10.851941610595208,5.468755697502809,0,26,86,0,0,0,4,-3.511537513404619,0,25,34,348,2,1,0,291,158,16,19.79213808977372,0,0,39,7,25,6,34,1,4.0,30.0,9,0,0,7,0,2,0,0,2,2,0,0,0,2,19,6,5,21,3,40,3,4,1,0,41.0,0.75,0,1,1,1,0,0,0,0,0,1,0,0,37;28;41,46,,106,46,0,2,2,0,0,1.0,0,0,0,0,0
2021,14,CLE,REG,BAL,22,32,190,2,1,0,0,0,0,203,64,10,-1.869412370184313,2.9665846978464434,0,29,100,0,0,0,8,-3.6479973879177123,0,22,31,190,2,0,0,203,64,10,-0.26046675390927465,0,0,55,1,9,4,16,2,4.0,16.0,7,0,0,2,0,2,0,0,2,2,2,2,1,4,42,1,5,15,3,40,1,2,1,0,43.0,0.5,0,0,0,1,0,0,0,0,0,1,0,0,43,41,,43,41,0,3,3,0,0,1.0,0,0,0,0,0
2021,14,DAL,REG,WAS,22,39,211,1,2,4,-10,0,0,243,104,11,-11.266134685934041,-13.422094170863812,0,35,122,0,1,0,8,-3.1762148120468483,1,22,39,211,1,0,0,243,104,11,-6.36881223886575,0,0,36,1,13,4,30,3,5.0,51.0,9,1,12,8,0,0,0,0,2,3,3,3,1,7,60,4,3,5,3,39,4,4,0,0,38.0,1.0,0,1,3,0,0,0,0,0,0,0,0,0,35;38;37;29,,,139,0,0,1,1,0,0,1.0,0,0,0,0,0
2021,14,DEN,REG,DET,18,25,179,2,0,1,-5,0,0,186,75,10,8.901604409562424,4.454859733581543,0,39,184,3,0,0,14,7.655397951952182,0,18,25,179,2,0,0,186,75,10,9.941637806361541,0,0,34,4,20,5,25,1,2.0,17.0,4,1,0,6,0,0,0,0,0,0,1,1,0,2,18,4,2,13,0,0,1,1,0,0,52.0,1.0,0,0,0,0,1,0,0,0,0,0,0,0,52,,,52,0,0,5,5,0,0,1.0,0,0,0,0,0
2021,14,DET,REG,DEN,24,39,215,1,1,2,-17,0,0,278,89,9,-8.548757522515736,-4.087698851761065,0,21,118,0,1,1,7,0.39359023817814887,0,24,38,215,1,0,0,278,89,9,-4.001678211996115,0,0,29,8,44,2,6,0,1.0,5.0,4,0,0,1,0,0,0,0,0,0,0,0,0,6,53,3,1,-4,0,0,1,1,0,0,36.0,1.0,0,0,1,0,0,0,0,0,0,0,0,0,36,,,36,0,0,1,1,0,0,1.0,0,0,0,0,0
2021,14,GB,REG,CHI,29,37,341,4,0,3,-21,0,0,253,169,19,15.845237118060734,17.14767975466592,0,24,119,1,1,0,8,4.0663673110248055,0,29,35,341,4,0,0,253,169,19,22.059547673779573,0,0,30,8,26,1,8,2,2.0,14.0,9,2,56,8,1,0,0,0,1,2,1,1,0,3,30,6,2,28,2,19,1,1,0,0,20.0,1.0,0,1,0,0,0,0,0,0,0,0,0,0,20,,,20,0,0,6,6,0,0,1.0,0,0,0,0,0
2021,14,HOU,REG,SEA,33,49,331,1,0,2,-14,0,0,264,231,16,-2.1099609465055122,-3.5227648292978606,0,25,63,0,0,0,6,-8.530819487350527,0,33,48,331,1,0,0,264,231,16,0.7583875226954975,0,0,28,9,23,5,17,0,0.0,0.0,1,0,0,3,0,0,0,0,0,0,0,0,0,6,52,6,1,2,4,93,2,2,0,0,61.0,1.0,0,1,0,0,0,1,0,0,0,0,0,0,21;61,,,82,0,0,1,1,0,0,1.0,0,0,0,0,0
2021,14,JAX,REG,TEN,24,40,221,0,4,3,-37,0,0,336,102,9,-16.265786255069543,-1.7923768307711627,0,8,8,0,0,0,0,-5.730069415294565,0,24,37,221,0,0,0,336,102,9,-7.492718751600478,0,0,47,4,24,6,36,1,4.0,30.0,10,0,0,0,0,0,0,0,0,0,0,0,0,9,79,3,0,0,1,16,0,0,0,0,,,0,0,0,0,0,0,0,0,0,0,0,0,,,,0,0,0,0,0,0,0,,0,0,0,0,0
2021,14,KC,REG,LV,20,24,258,2,0,3,-18,0,0,142,143,11,15.498911833148002,18.569001284512606,0,30,132,3,1,0,7,3.3928714973677767,0,20,22,258,2,0,0,142,143,11,21.046725634766762,0,0,39,0,26,0,0,4,4.0,17.0,11,1,6,3,0,0,0,0,1,1,4,4,1,8,63,1,1,11,1,24,2,2,0,0,54.0,1.0,0,0,1,0,1,0,0,0,0,0,0,0,54;37,,,91,0,0,6,6,0,0,1.0,0,0,0,0,0
2021,14,LA,REG,ARI,23,30,287,3,0,3,-20,1,0,250,104,12,14.54005126234943,8.758894801139832,0,21,89,0,0,0,4,-2.7559326612972654,0,23,30,287,3,0,0,250,104,12,19.28361554998323,0,0,39,8,20,6,43,0,4.0,39.0,6,2,42,8,0,0,0,0,1,1,0,0,0,5,40,5,0,0,1,27,3,3,0,0,55.0,1.0,0,0,2,0,1,0,0,0,0,0,0,0,55;35;33,,,123,0,0,3,3,0,0,1.0,0,0,0,0,0
2021,14,LAC,REG,NYG,23,31,275,3,0,2,-4,0,0,240,123,15,14.33943088874206,8.219281633694967,0,37,152,1,0,0,10,0.7425548334722407,0,23,30,275,3,0,0,240,123,15,17.317204674880486,0,0,27,6,30,3,5,1,2.0,10.0,7,1,0,10,0,0,0,0,0,0,1,1,0,6,39,3,0,0,1,29,3,3,0,0,39.0,1.0,0,2,1,0,0,0,0,0,0,0,0,0,27;28;39,,,94,0,0,4,4,0,0,1.0,0,0,0,0,0
2021,14,LV,REG,KC,33,45,263,1,1,4,-17,1,1,193,189,13,-3.004427570980563,5.1539295634558036,0,12,44,0,1,1,2,-6.731737332127523,0,33,43,263,1,2,2,193,189,13,-2.0092472986579493,0,0,30,5,31,4,20,0,3.0,18.0,4,0,0,1,0,0,0,0,0,0,0,0,0,9,85,3,1,6,4,73,1,1,0,0,26.0,1.0,0,1,0,0,0,0,0,0,0,0,0,0,26,,,26,0,0,0,1,1,0,0.0,0,0,0,0,0
2021,14,MIN,REG,PIT,14,31,216,2,2,0,0,0,0,347,69,8,-9.677462315774328,-18.474202675204122,0,36,242,2,0,0,13,9.846384017611854,0,14,31,216,2,0,0,347,69,8,-9.677462315774328,0,0,36,13,31,5,34,1,5.0,39.0,7,1,18,7,0,0,0,0,0,0,0,0,0,11,102,2,3,31,0,0,3,4,1,0,42.0,0.75,0,1,1,1,0,0,0,0,0,0,1,0,38;42;25,53,,105,53,0,3,4,1,0,0.75,0,0,0,0,0
2021,14,NO,REG,NYJ,15,21,175,0,0,3,-34,1,0,92,120,8,3.7940435750018158,-1.3436023678098405,0,44,203,3,1,0,13,6.317504531267332,0,15,21,175,0,0,0,92,120,8,8.040003254597941,0,0,38,5,13,3,25,0,3.0,24.0,4,0,0,4,0,0,0,0,2,3,0,0,0,4,42,3,4,54,0,0,3,3,0,0,37.0,1.0,0,1,2,0,0,0,0,0,0,0,0,0,23;31;37,,,91,0,0,3,3,0,0,1.0,0,0,0,0,0
2021,14,NYG,REG,LAC,17,37,191,2,1,2,-10,1,1,308,110,8,-14.241401815364835,-17.425195434514215,0,26,135,1,0,0,10,9.19662452714704,1,17,34,191,2,0,0,308,110,8,-6.49805783129693,0,0,35,10,32,4,7,0,2.0,4.0,6,0,0,1,0,0,0,0,0,0,0,0,0,3,20,5,1,0,2,34,0,0,0,0,,,0,0,0,0,0,0,0,0,0,0,0,0,,,,0,0,0,1,1,0,0,1.0,0,0,0,0,0
2021,14,NYJ,REG,NO,19,42,202,0,0,3,-24,0,0,305,109,9,-15.405388298328605,-20.982488244771957,0,17,78,0,0,0,2,-5.241455733135808,0,19,40,202,0,0,0,305,109,9,-8.195041440718912,0,0,41,11,31,6,33,0,2.0,15.0,3,0,0,1,0,0,0,0,0,0,0,0,0,5,45,5,3,44,5,139,3,3,0,0,46.0,1.0,0,0,2,1,0,0,0,0,0,0,0,0,36;46;36,,,118,0,0,0,0,0,0,,0,0,0,0,0
2021,14,PIT,REG,MIN,28,40,308,3,1,5,-39,1,0,293,92,11,-7.877344908059952,2.5914306824023905,1,24,106,1,0,0,8,2.1660612245323136,0,28,39,308,3,0,0,293,92,11,1.2581973439828453,1,0,35,5,25,2,5,0,0.0,0.0,6,2,45,8,0,0,0,0,1,1,0,0,0,10,85,6,1,8,3,62,0,1,1,0,,0.0,0,0,0,0,0,0,0,0,0,1,0,0,,49,,0,49,0,2,2,0,0,1.0,0,0,0,0,0
2021,14,SEA,REG,HOU,17,28,260,2,0,0,0,0,0,359,69,11,15.856323531174102,-0.6723815841334206,1,29,193,2,1,0,8,4.079865883075298,0,17,28,260,2,0,0,359,69,11,15.856323531174102,1,0,43,9,33,4,15,0,2.0,14.0,5,0,0,4,0,0,0,0,1,2,0,0,0,8,69,5,2,31,2,41,2,2,0,0,38.0,1.0,0,0,2,0,0,0,0,0,0,0,0,0,38;38,,,76,0,0,1,3,2,0,0.3333333333333333,0,0,0,0,0
2021,14,SF,REG,CIN,27,41,296,2,0,5,-41,1,0,361,123,14,6.742630965968724,7.460293616797473,0,23,100,1,0,0,6,1.330768536310643,0,27,37,296,2,1,0,361,123,14,12.181581632374519,0,0,35,7,39,5,30,1,5.0,37.0,6,0,0,4,0,0,0,0,2,2,2,2,0,6,40,6,2,4,3,63,2,3,1,0,33.0,0.6666666666666666,0,1,1,0,0,0,0,0,0,1,0,0,33;24,47,,57,47,0,2,2,0,0,1.0,0,0,0,0,0
2021,14,TB,REG,BUF,31,46,363,2,0,2,-12,0,0,347,214,13,10.003941822763178,-2.182419533314912,0,29,137,2,0,0,11,2.760270457190927,0,31,46,363,2,0,0,347,214,13,12.46515793844696,0,0,49,3,15,4,20,0,3.0,15.0,11,1,0,4,0,0,0,0,1,2,0,0,0,4,24,4,1,10,3,39,2,2,0,0,24.0,1.0,0,2,0,0,0,0,0,0,0,0,0,0,23;24,,,47,0,0,3,3,0,0,1.0,0,0,0,0,0
2021,14,TEN,REG,JAX,20,31,191,0,0,4,-30,0,0,147,119,10,0.756533372517054,-3.091073830922445,0,34,102,2,0,0,8,-1.2638045777637692,0,20,30,191,0,0,0,147,119,10,7.060826674346656,0,0,22,6,22,5,42,0,3.0,37.0,6,4,20,9,0,0,0,0,1,1,0,0,0,2,15,3,3,13,1,25,2,3,1,0,44.0,0.6666666666666666,0,1,0,1,0,0,0,0,0,1,0,0,44;29,47,,73,47,0,2,2,0,0,1.0,0,0,0,0,0
2021,14,WAS,REG,DAL,15,34,175,1,1,5,-51,2,2,348,83,7,-28.47297504830919,-17.442206812627386,0,23,100,1,0,0,6,4.247706634618342,1,15,33,175,1,1,1,348,83,7,-15.223255556731484,0,0,47,6,30,4,12,0,4.0,10.0,5,2,34,5,1,0,0,0,0,0,0,0,0,7,65,3,0,0,2,48,0,0,0,0,,,0,0,0,0,0,0,0,0,0,0,0,0,,,,0,0,0,0,1,0,1,0.0,0,0,0,0,0
2021,15,ARI,REG,DET,29,50,313,1,1,2,-20,0,0,335,170,16,-13.737820792378095,-10.825320209066073,0,21,105,0,1,0,7,-1.4555478395777754,0,29,48,313,1,0,0,335,170,16,-6.314045034365897,0,0,44,6,20,3,9,1,2.0,4.0,5,0,0,3,0,0,0,0,1,2,1,1,0,7,83,4,2,18,3,79,2,2,0,0,29.0,1.0,0,2,0,0,0,0,0,0,0,0,0,0,29;29,,,58,0,0,0,0,0,0,,0,0,0,0,0
2021,15,ATL,REG,SF,19,32,236,1,0,3,-23,1,1,254,57,8,-6.920692366078979,3.531962384780248,0,23,62,0,0,0,3,-6.570936535281362,0,19,30,236,1,0,0,254,57,8,1.9427720724521031,0,0,35,5,23,1,1,1,0.0,0.0,3,0,0,3,0,0,0,0,0,0,1,1,0,4,29,5,1,23,4,103,2,2,0,0,48.0,1.0,0,1,0,1,0,0,0,0,0,0,0,0,48;22,,,70,0,0,1,1,0,0,1.0,0,0,0,0,0
2021,15,BAL,REG,GB,28,40,215,2,0,1,-4,0,0,243,86,12,3.8480873861846048,3.3616760602364173,0,26,143,2,0,0,10,10.12141362359398,0,28,39,215,2,0,0,243,86,12,7.5010436153535265,0,0,35,5,23,3,16,0,3.0,18.0,4,0,0,1,0,0,0,0,0,0,0,0,0,8,56,2,0,0,4,105,1,1,0,0,38.0,1.0,0,0,1,0,0,0,0,0,0,0,0,0,38,,,38,0,0,3,3,0,0,1.0,0,0,0,0,0
2021,15,BUF,REG,CAR,19,34,210,3,1,4,-17,1,0,299,59,12,6.890755489978433,-3.6301913761323497,0,27,119,1,0,0,6,0.2869752451661043,0,19,31,210,3,0,0,299,59,12,10.356300810555695,0,0,40,10,20,5,36,1,4.0,32.0,6,1,12,9,0,0,0,0,1,1,0,0,0,8,67,6,2,31,3,49,1,1,0,0,26.0,1.0,0,1,0,0,0,0,0,0,0,0,0,0,26,,,26,0,0,4,4,0,0,1.0,0,0,0,0,0
2021,15,CAR,REG,BUF,18,38,156,1,1,4,-32,0,0,294,75,8,-15.164414061597082,-15.913794851965374,1,29,151,1,2,0,10,0.9955365249626339,0,18,36,156,1,0,0,294,75,8,-5.749941752772313,1,0,28,10,32,2,14,1,4.0,17.0,6,1,0,2,0,0,0,0,2,3,0,0,0,5,55,6,1,16,4,70,0,0,0,0,,,0,0,0,0,0,0,0,0,0,0,0,0,,,,0,0,0,0,0,0,0,,0,0,0,0,0
2021,15,CHI,REG,MIN,26,39,285,1,0,3,-30,1,0,294,95,13,-2.951710418777056,5.905497488048342,0,28,115,0,2,2,8,-8.340611813007854,0,26,36,285,1,0,0,294,95,13,8.253980324653694,0,0,33,3,37,4,20,1,4.0,26.0,6,1,27,5,0,1,0,0,1,1,0,0,0,9,91,5,3,5,2,61,1,2,0,1,34.0,0.5,0,0,1,0,0,0,0,0,0,0,0,0,34,,49,34,0,49,0,0,0,0,,0,0,0,0,0
2021,15,CIN,REG,DEN,15,22,157,1,0,3,-21,0,0,161,90,5,-5.724006374051945,1.6485990512938726,0,26,113,0,0,0,5,1.5797117132460698,0,15,21,157,1,0,0,161,90,5,-0.4069675609699094,0,0,42,1,27,5,13,1,3.0,27.0,8,0,0,3,0,0,0,0,0,0,1,1,0,6,38,5,3,22,1,23,3,3,0,0,58.0,1.0,0,1,0,0,2,0,0,0,0,0,0,0,53;58;26,,,137,0,0,0,0,0,0,,0,0,0,0,0
2021,15,CLE,REG,LV,20,30,147,1,0,0,0,0,0,213,71,9,2.1646621113421176,4.743573069572449,0,24,89,1,0,0,3,-3.3643636306514964,0,20,29,147,1,0,0,213,71,9,2.302981056180947,0,0,35,7,31,2,12,2,2.0,6.0,3,1,7,4,0,0,0,0,0,0,1,1,0,3,61,4,1,20,1,24,0,1,1,0,,0.0,0,0,0,0,0,0,0,0,0,1,0,0,,47,,0,47,0,2,2,0,0,1.0,0,0,0,0,0
2021,15,DAL,REG,NYG,28,37,217,1,0,3,-14,1,1,227,96,14,0.3544087269654437,7.003465697572038,0,30,125,1,0,0,9,1.6576563726694529,0,28,37,217,1,1,0,227,96,14,8.428663375314137,0,0,30,6,22,1,3,1,1.0,3.0,5,3,18,9,0,0,0,0,2,2,1,1,0,6,45,4,0,0,2,50,3,3,0,0,42.0,1.0,0,2,0,1,0,0,0,0,0,0,0,0,26;42;27,,,95,0,0,0,2,2,0,0.0,0,0,0,0,0
2021,15,DEN,REG,CIN,18,34,186,1,0,3,-27,0,0,338,103,8,-8.096676221252597,-8.77627357840538,0,34,133,0,1,1,10,-3.185076564201154,0,18,32,186,1,0,0,338,103,8,-2.5886438479835086,0,0,38,2,16,3,18,0,3.0,21.0,7,0,0,2,0,0,0,0,0,0,0,0,0,6,60,6,2,18,0,0,1,2,1,0,54.0,0.5,0,0,0,0,1,0,0,0,0,0,1,0,54,51,,54,51,0,1,1,0,0,1.0,0,0,0,0,0
2021,15,DET,REG,ARI,21,26,216,3,0,2,-4,0,0,152,94,13,13.53759341259456,6.934120104863093,0,34,126,0,1,1,5,-10.466156477579789,0,21,26,216,3,0,0,152,94,13,15.551805182508815,0,0,45,2,18,3,17,0,2.0,20.0,4,1,50,8,0,0,0,0,0,0,0,0,0,6,49,3,2,24,1,17,3,3,0,0,47.0,1.0,0,0,1,2,0,0,0,0,0,0,0,0,37;47;45,,,129,0,0,3,3,0,0,1.0,0,0,0,0,0
2021,15,GB,REG,BAL,23,31,268,3,0,3,-18,0,0,286,133,20,19.17418219833675,13.844950833628255,0,25,96,1,0,0,4,-0.914446245675208,0,23,31,268,3,0,0,286,133,20,21.927170693152988,0,0,43,6,16,3,7,0,1.0,4.0,2,0,0,4,0,0,0,0,0,0,0,0,0,8,76,5,0,0,5,76,1,1,0,0,29.0,1.0,0,1,0,0,0,0,0,0,0,0,0,0,29,,,29,0,0,4,4,0,0,1.0,0,0,0,0,0
2021,15,HOU,REG,JAX,19,30,209,2,1,1,-3,0,0,211,108,8,3.503470433296327,-2.166117231051127,0,26,75,0,0,0,4,-4.52858240326168,0,19,30,209,2,0,0,211,108,8,4.325783532464568,0,1,37,6,30,6,24,0,3.0,21.0,4,0,0,3,0,0,0,0,0,0,0,0,0,9,65,4,3,31,2,121,3,3,0,0,52.0,1.0,0,1,0,0,2,0,0,0,0,0,0,0,52;51;25,,,128,0,0,3,3,0,0,1.0,0,0,0,0,0
2021,15,IND,REG,NE,5,12,57,1,1,1,-8,0,0,112,30,3,-7.869018865926678,-25.48204908768336,0,39,226,1,0,0,12,6.466109711674106,0,5,12,57,1,0,0,112,30,3,-6.125569758997786,0,1,36,6,14,4,22,2,1.0,15.0,5,2,13,6,0,0,0,0,0,0,0,0,0,2,13,3,0,0,3,63,2,3,1,0,41.0,0.6666666666666666,0,1,0,1,0,0,0,0,0,1,0,0,25;41,49,,66,49,0,3,3,0,0,1.0,0,0,0,0,0
2021,15,JAX,REG,HOU,22,38,210,0,0,3,-21,0,0,262,98,12,-5.299262307892369,-7.78416461414761,0,25,107,1,0,0,6,0.1423441046402445,0,22,36,210,0,0,0,262,98,12,0.5011086838615109,0,0,33,9,21,2,4,0,1.0,3.0,3,1,3,4,0,0,0,0,0,0,0,0,0,4,40,6,3,49,2,36,3,3,0,0,38.0,1.0,0,1,2,0,0,0,0,0,0,0,0,0,22;38;35,,,95,0,0,1,1,0,0,1.0,0,0,0,0,0
2021,15,KC,REG,LAC,31,47,410,3,1,1,0,1,1,299,208,20,9.33286004699541,-0.9988990094926622,1,20,86,1,0,0,4,1.8698350765625946,0,31,45,410,3,0,0,299,208,20,15.733097046771626,1,0,39,10,26,0,0,1,0.0,0.0,3,1,0,9,0,0,0,0,0,0,1,1,0,4,36,2,1,8,1,19,2,2,0,0,33.0,1.0,0,0,2,0,0,0,0,0,0,0,0,0,30;33,,,63,0,0,2,2,0,0,1.0,0,0,0,0,0
2021,15,LA,REG,SEA,21,29,244,2,1,4,-35,0,0,230,106,11,-2.4432692991103977,-0.24981046545094457,0,29,123,0,0,0,7,-2.454129998164816,0,21,29,244,2,0,0,230,106,11,5.118572096456774,0,0,26,3,27,5,28,0,3.0,22.0,6,1,0,6,0,0,0,0,0,0,0,0,0,4,34,5,1,0,2,46,2,2,0,0,55.0,1.0,0,0,1,0,1,0,0,0,0,0,0,0,55;35,,,90,0,0,2,2,0,0,1.0,0,0,0,0,0
2021,15,LAC,REG,KC,22,39,236,2,1,0,0,0,0,341,71,13,-4.214058983750874,-7.070275013511245,0,39,192,2,1,1,14,2.934270886267768,0,22,37,236,2,0,0,341,71,13,-3.2076936814992223,0,0,38,5,19,1,1,1,1.0,0.0,5,1,2,3,0,0,0,0,0,0,1,1,0,5,60,3,0,0,1,75,0,0,0,0,,,0,0,0,0,0,0,0,0,0,0,0,0,,,,0,0,0,4,4,0,0,1.0,0,0,0,0,0
2021,15,LV,REG,CLE,25,38,236,1,1,2,-6,1,1,331,108,14,-0.5174524505417213,2.298285315434138,0,25,98,0,1,0,6,0.4525029033315282,0,25,36,236,1,1,0,331,108,14,6.16587346457527,0,0,31,7,19,1,7,0,0.0,0.0,4,0,0,5,0,2,0,0,4,4,0,0,0,7,64,6,4,31,2,37,3,3,0,0,48.0,1.0,0,1,0,2,0,0,0,0,0,0,0,0,24;40;48,,,112,0,0,1,1,0,0,1.0,1,1,0,0,48
2021,15,MIA,REG,NYJ,16,27,196,2,2,1,0,0,0,253,73,10,-1.7591317971149514,1.6387863801075861,0,42,183,2,2,1,15,-1.3395703041460365,0,16,26,196,2,0,0,253,73,10,-0.20562167360038108,0,0,27,6,28,6,42,1,6.0,44.0,7,0,0,5,0,0,0,0,1,2,1,1,0,5,45,4,1,5,0,0,1,1,0,0,24.0,1.0,0,1,0,0,0,0,0,0,0,0,0,0,24,,,24,0,0,4,4,0,0,1.0,0,0,0,0,0
2021,15,MIN,REG,CHI,12,24,87,2,1,4,-26,1,0,283,30,5,-6.695680097816984,-3.923179480162534,0,33,132,0,0,0,5,0.927290668245405,0,12,22,87,2,0,0,283,30,5,-0.5680025436740834,0,0,46,2,22,5,19,3,3.0,30.0,7,0,0,1,0,0,0,0,1,1,3,3,0,7,54,5,3,16,2,51,1,1,0,0,37.0,1.0,0,0,1,0,0,0,0,0,0,0,0,0,37,,,37,0,0,2,2,0,0,1.0,0,0,0,0,0
2021,15,NE,REG,IND,26,45,299,2,2,1,-15,0,0,478,88,15,-0.7569219273809318,-4.482229799032211,0,19,81,0,1,0,4,-4.549264176806901,0,26,44,299,2,0,0,478,88,15,1.986852310778017,0,0,23,12,34,3,14,0,1.0,8.0,1,1,0,6,0,2,0,0,1,1,0,0,0,8,50,4,1,1,1,20,1,1,0,0,25.0,1.0,0,1,0,0,0,0,0,0,0,0,0,0,25,,,25,0,0,2,2,0,0,1.0,0,0,0,0,0
2021,15,NO,REG,TB,13,27,154,0,0,2,-3,0,0,242,49,6,-3.701112126378936,-12.97401773929596,0,31,61,0,0,0,5,-13.578215166221277,0,13,25,154,0,1,0,242,49,6,-0.36616524276941753,0,0,47,3,21,5,32,1,4.0,30.0,7,1,1,6,0,0,0,0,0,0,1,1,0,6,41,2,3,38,0,0,3,3,0,0,42.0,1.0,0,0,2,1,0,0,0,0,0,0,0,0,39;35;42,,,116,0,0,0,0,0,0,,0,0,0,0,0
2021,15,NYG,REG,DAL,19,36,181,0,3,1,-3,0,0,307,61,10,-15.039242561287313,-9.930109481016794,0,24,124,0,1,1,3,-4.100499044544948,0,19,36,181,0,0,0,307,61,10,-14.345970579152993,0,0,40,10,32,3,5,2,3.0,14.0,7,0,0,4,0,0,0,0,0,0,1,1,0,6,34,6,0,0,1,15,2,2,0,0,42.0,1.0,0,0,1,1,0,0,0,0,0,0,0,0,35;42,,,77,0,0,0,0,0,0,,0,0,0,0,0
2021,15,NYJ,REG,MIA,13,24,170,0,0,6,-44,1,1,135,126,8,-12.380846971805857,-13.656569069082087,0,24,102,2,0,0,6,3.0602414566092193,0,13,22,170,0,0,0,135,126,8,2.357267994491849,0,0,34,6,28,0,0,0,1.0,0.0,4,2,38,8,1,0,0,0,0,0,1,1,0,3,32,4,2,23,0,0,1,1,0,0,27.0,1.0,0,1,0,0,0,0,0,0,0,0,0,0,27,,,27,0,0,3,3,0,0,1.0,0,0,0,0,0
2021,15,PHI,REG,WAS,20,26,296,1,1,3,-15,1,1,235,116,12,6.012867632708192,11.264994855110462,0,41,238,2,1,0,13,2.5790847461030353,0,20,26,296,1,0,0,235,116,12,15.542773337664228,0,0,35,4,14,5,20,2,2.0,20.0,7,0,0,4,0,0,0,0,1,2,0,0,0,4,48,3,3,22,3,71,2,2,0,0,37.0,1.0,0,1,1,0,0,0,0,0,0,0,0,0,20;37,,,57,0,0,3,3,0,0,1.0,0,0,0,0,0
2021,15,PIT,REG,TEN,16,25,148,0,0,3,-15,0,0,118,99,7,-7.649893534213611,-7.275545835494995,0,17,35,1,0,0,2,-3.005054457724327,0,16,25,148,0,0,0,118,99,7,-2.9614570597617713,0,0,51,13,27,4,25,4,4.0,36.0,8,1,23,3,0,0,0,0,0,0,3,3,0,5,30,6,3,39,2,38,4,5,1,0,48.0,0.8,0,1,1,2,0,0,0,0,0,0,1,0,36;28;46;48,56,,158,56,0,1,1,0,0,1.0,0,0,0,0,0
2021,15,SEA,REG,LA,17,31,156,0,1,3,-22,0,0,409,81,7,-11.612742018719405,-3.261537104845047,0,19,80,1,0,0,5,-0.3967521336162463,0,17,28,156,0,0,0,409,81,7,-5.745945859642234,0,0,39,7,19,7,42,0,4.0,35.0,6,1,25,3,0,0,0,0,0,0,0,0,0,8,65,4,2,14,0,0,1,1,0,0,39.0,1.0,0,0,1,0,0,0,0,0,0,0,0,0,39,,,39,0,0,1,1,0,0,1.0,0,0,0,0,0
2021,15,SF,REG,ATL,18,24,235,1,0,0,0,0,0,147,148,11,11.613224970973516,9.866681570808092,0,32,162,3,1,0,12,4.521545631578192,0,18,24,235,1,0,0,147,148,11,11.613224970973516,0,0,41,2,12,2,19,1,3.0,23.0,10,0,0,3,0,0,0,0,1,2,1,1,0,5,35,1,2,8,2,13,1,1,0,0,30.0,1.0,0,0,1,0,0,0,0,0,0,0,0,0,30,,,30,0,0,4,4,0,0,1.0,0,0,0,0,0
2021,15,TB,REG,NO,26,48,214,0,1,4,-30,0,0,399,91,13,-16.391219536675397,-14.404374671479067,0,21,118,0,1,1,3,-5.6055450882413425,0,26,48,214,0,0,0,399,91,13,-8.478713639022317,0,0,34,4,28,8,15,1,2.0,3.0,3,0,0,3,0,0,0,0,0,0,0,0,0,3,30,4,7,41,2,33,0,1,1,0,,0.0,0,0,0,0,0,0,0,0,0,1,0,0,,45,,0,45,0,0,0,0,0,,0,0,0,0,0
2021,15,TEN,REG,PIT,23,32,153,0,1,4,-36,1,0,221,77,8,-8.646828363647383,5.219791177660227,0,42,201,1,1,1,15,0.21289808218716644,0,23,32,153,0,2,2,221,77,8,-10.01650625340992,0,0,31,5,15,5,23,0,3.0,15.0,4,0,0,3,0,1,0,0,2,3,0,0,0,7,68,3,2,48,2,40,2,2,0,0,32.0,1.0,0,1,1,0,0,0,0,0,0,0,0,0,26;32,,,58,0,0,1,1,0,0,1.0,0,0,0,0,0
2021,15,WAS,REG,PHI,20,31,194,0,0,2,-20,1,0,197,97,8,-2.7503931065014506,0.7595975697040558,0,21,63,2,1,0,6,-4.258225129189668,0,20,30,194,0,0,0,197,97,8,1.7396046960336213,0,0,43,10,36,3,10,1,3.0,15.0,3,1,0,1,0,0,0,0,2,2,1,1,0,2,25,6,0,0,2,67,1,1,0,0,22.0,1.0,0,1,0,0,0,0,0,0,0,0,0,0,22,,,22,0,0,2,2,0,0,1.0,0,0,0,0,0
2021,16,ARI,REG,IND,27,43,245,1,0,0,0,0,0,272,145,12,-3.767404358577423,-1.4457933413676727,0,21,133,1,0,0,8,7.567249358224217,0,27,39,245,1,0,0,272,145,12,-0.135116820665516,0,0,35,5,27,8,15,0,2.0,5.0,7,0,0,3,0,0,0,0,2,2,0,0,0,11,85,4,1,48,4,81,1,3,2,0,28.0,0.3333333333333333,0,1,0,0,0,0,0,0,0,1,1,0,28,51;41,,28,92,0,1,2,1,0,0.5,0,0,0,0,0
2021,16,ATL,REG,DET,18,24,215,1,0,3,-8,0,0,179,76,10,8.473386036256269,9.006221456961198,0,18,47,1,0,0,4,-1.9825095306150615,0,18,22,215,1,1,1,179,76,10,11.86331877822522,0,0,34,10,36,2,5,0,0.0,0.0,2,1,6,4,0,0,0,0,0,0,0,0,0,2,15,1,1,13,3,79,2,2,0,0,53.0,1.0,0,0,0,1,1,0,0,0,0,0,0,0,53;48,,,101,0,0,2,2,0,0,1.0,0,0,0,0,0
2021,16,BAL,REG,CIN,28,40,304,2,1,1,-9,0,0,281,121,19,14.301222818729002,7.337764952633832,0,16,39,1,2,0,3,-8.680977824056754,0,28,37,304,2,0,0,281,121,19,16.664380852453178,0,0,43,2,32,4,29,0,3.0,27.0,6,0,0,6,0,0,0,0,2,3,0,0,0,6,27,2,0,0,4,61,0,0,0,0,,,0,0,0,0,0,0,0,0,0,0,0,0,,,,0,0,0,3,3,0,0,1.0,0,0,0,0,0
2021,16,BUF,REG,NE,30,47,314,3,0,0,0,0,0,311,147,20,20.626031538519037,4.663865580115208,0,28,114,1,0,0,8,2.3027851428778376,0,30,43,314,3,0,0,311,147,20,22.895710506592728,0,0,33,3,13,2,8,0,1.0,6.0,4,2,22,5,0,0,0,0,0,0,0,0,0,5,45,4,3,34,2,49,2,2,0,0,34.0,1.0,0,1,1,0,0,0,0,0,0,0,0,0,25;34,,,59,0,0,3,3,0,0,1.0,0,0,0,0,0
2021,16,CAR,REG,TB,22,45,251,0,1,7,-45,1,0,388,135,10,-21.219248716674734,-14.30924936782482,0,15,67,0,0,0,4,-1.0261462583439425,0,22,43,251,0,0,0,388,135,10,-7.77034001451337,0,0,33,3,31,5,8,0,0.0,0.0,2,0,0,3,0,0,0,0,1,1,0,0,0,6,32,6,2,22,3,76,2,2,0,0,29.0,1.0,0,2,0,0,0,0,0,0,0,0,0,0,24;29,,,53,0,0,0,0,0,0,,0,0,0,0,0
2021,16,CHI,REG,SEA,24,35,250,1,0,4,-21,1,0,198,165,14,5.539182382183368,2.477973358971732,1,30,88,2,0,0,9,-1.7521605832153,0,24,35,250,1,0,0,198,165,14,10.777390029003596,1,0,30,5,23,3,17,0,2.0,20.0,7,0,0,6,0,0,0,0,1,1,0,0,0,8,73,3,2,28,5,94,1,1,0,0,35.0,1.0,0,0,1,0,0,0,0,0,0,0,0,0,35,,,35,0,0,2,2,0,0,1.0,0,0,0,0,0
2021,16,CIN,REG,BAL,37,46,525,4,0,3,-27,0,0,383,246,26,32.462339002881826,14.204991835614909,0,21,77,1,0,0,4,-3.2113226729852613,0,37,46,525,4,0,0,383,246,26,36.98078883172541,0,0,33,3,23,4,17,1,1.0,9.0,5,1,15,4,0,0,0,0,0,0,0,0,0,5,45,5,2,16,3,45,2,3,1,0,36.0,0.6666666666666666,0,0,2,0,0,0,0,0,0,0,1,0,30;36,50,,66,50,0,5,5,0,0,1.0,0,0,0,0,0
2021,16,CLE,REG,GB,21,36,222,2,4,5,-33,0,0,334,114,15,-1.850796899037587,-6.900944312413533,0,25,219,1,0,0,12,11.914417059539119,0,21,36,222,2,0,0,334,114,15,5.270213843221543,0,0,32,10,26,1,2,0,0.0,0.0,4,0,0,3,0,0,0,0,0,0,0,0,0,6,38,2,3,26,4,83,1,1,0,0,37.0,1.0,0,0,1,0,0,0,0,0,0,0,0,0,37,,,37,0,0,1,2,1,0,0.5,0,0,0,0,0
2021,16,DAL,REG,WAS,30,42,400,5,0,3,-11,0,0,438,163,20,24.942581777489977,6.1573565733142015,0,28,108,1,1,0,8,-0.2531195532355923,0,30,41,400,5,1,0,438,163,20,28.90525824218639,0,1,32,1,15,5,14,1,5.0,16.0,10,2,40,5,1,0,0,0,2,2,0,0,0,3,15,2,1,21,1,20,0,0,0,0,,,0,0,0,0,0,0,0,0,0,0,0,0,,,,0,0,0,8,8,0,0,1.0,0,0,0,0,0
2021,16,DEN,REG,LV,15,22,153,0,0,2,-13,0,0,246,48,4,-2.266850806684689,2.0009857687083157,0,16,18,1,0,0,2,-7.881183814664837,0,15,22,153,0,0,0,246,48,4,1.1500569145144062,0,0,35,3,41,3,11,1,2.0,19.0,4,1,21,2,0,0,0,0,0,0,2,2,0,3,30,3,0,0,1,18,2,3,1,0,55.0,0.6666666666666666,0,0,0,1,1,0,0,0,0,0,1,0,49;55,55,,104,55,0,1,1,0,0,1.0,0,0,0,0,0
2021,16,DET,REG,ATL,25,35,208,1,1,0,0,0,0,242,98,12,4.959988939859908,2.124321460723877,0,33,130,0,0,0,6,0.8377289566004835,0,25,35,208,1,0,0,242,98,12,4.959988939859908,0,0,25,5,23,4,11,1,3.0,8.0,4,0,0,3,0,0,0,0,0,0,1,1,0,6,30,5,1,19,1,25,3,3,0,0,37.0,1.0,0,2,1,0,0,0,0,0,0,0,0,0,26;37;26,,,89,0,0,1,1,0,0,1.0,0,0,0,0,0
2021,16,GB,REG,CLE,24,34,202,3,0,0,0,0,0,177,108,10,5.71987514583647,3.7608586690005135,0,24,109,0,0,0,8,1.5538411692541558,0,24,34,202,3,0,0,177,108,10,5.71987514583647,0,0,43,6,16,5,33,0,5.0,33.0,6,4,30,6,0,0,0,0,0,0,0,0,0,3,29,3,1,9,2,44,1,1,0,0,32.0,1.0,0,0,1,0,0,0,0,0,0,0,0,0,32,,,32,0,0,3,3,0,0,1.0,0,0,0,0,0
2021,16,HOU,REG,LAC,21,27,254,2,0,1,-6,0,0,209,117,14,16.02542242752344,7.640280215828507,0,36,189,2,0,0,10,2.6788063660496846,0,21,27,254,2,0,0,209,117,14,17.815114693901993,0,0,36,4,26,0,0,1,1.0,8.0,2,2,55,4,1,0,0,0,0,0,1,1,0,10,70,2,0,0,1,0,2,3,1,0,51.0,0.6666666666666666,0,1,0,0,1,0,0,0,0,0,1,0,51;25,52,,76,52,0,5,5,0,0,1.0,0,0,0,0,0
2021,16,IND,REG,ARI,18,28,225,2,0,2,-5,0,0,190,87,11,8.960767790061327,-2.7662033481257304,0,33,126,0,0,0,5,-6.793188173673116,0,18,28,225,2,0,0,190,87,11,11.543292495099267,0,0,42,4,14,0,0,0,0.0,0.0,0,0,0,3,0,0,1,0,0,0,0,0,0,5,40,4,0,0,1,16,2,3,1,0,41.0,0.6666666666666666,0,0,1,1,0,0,0,0,0,0,1,0,41;37,53,,78,53,0,2,2,0,0,1.0,0,0,0,0,0
2021,16,JAX,REG,NYJ,26,39,280,0,0,1,-28,1,1,375,67,16,2.938783695678246,11.122535296848842,0,31,132,1,1,0,8,2.3851415174602915,0,26,35,280,0,0,0,375,67,16,14.254485692993292,0,0,39,4,30,1,2,0,1.0,2.0,2,0,0,4,0,0,0,0,1,1,0,0,1,2,10,6,1,4,1,23,3,3,0,0,45.0,1.0,0,1,0,2,0,0,0,0,0,0,0,0,21;45;40,,,106,0,0,0,0,0,0,,0,0,0,0,0
2021,16,KC,REG,PIT,23,30,258,3,0,2,-4,1,0,254,141,16,15.892987490044346,15.115441227781362,0,35,127,1,2,0,11,-0.7293583051393959,0,23,29,258,3,0,0,254,141,16,17.838299382899283,0,0,40,3,29,3,14,1,2.0,21.0,2,1,0,3,0,0,0,0,3,5,2,2,0,5,41,2,1,18,1,20,3,4,1,0,44.0,0.75,0,0,2,1,0,0,0,0,1,0,0,0,44;34;30,39,,108,39,0,3,4,1,0,0.75,0,0,0,0,0
2021,16,LA,REG,MIN,21,37,197,1,3,0,0,0,0,297,98,11,-9.771741315271012,-10.124524904263986,0,33,159,1,1,0,11,5.083092254785491,0,21,37,197,1,0,0,297,98,11,-9.771741315271012,0,1,42,7,17,7,17,2,3.0,20.0,4,1,19,5,0,0,0,0,1,1,0,0,0,1,5,5,2,75,0,0,3,3,0,0,32.0,1.0,0,1,2,0,0,0,0,0,0,0,0,0,32;31;24,,,87,0,0,3,3,0,0,1.0,0,0,0,0,0
2021,16,LAC,REG,HOU,27,35,336,1,2,1,-8,0,0,255,200,19,9.069477499394775,8.031348358182345,1,21,89,2,1,1,4,-6.084289871202328,0,27,34,336,1,0,0,255,200,19,11.184979592614905,1,0,37,8,24,3,11,0,1.0,6.0,2,0,0,3,0,0,0,0,0,0,0,0,0,5,49,3,0,0,5,105,3,3,0,0,50.0,1.0,0,0,1,1,1,0,0,0,0,0,0,0,50;46;35,,,131,0,0,0,0,0,0,,0,0,0,0,0
2021,16,LV,REG,DEN,20,25,201,1,1,2,-19,1,1,141,73,11,-5.2079734207533885,5.258914828300476,0,40,160,1,1,1,11,-2.238487059075851,0,20,25,201,1,0,0,141,73,11,1.9748936319956556,0,0,28,1,9,5,24,0,2.0,13.0,3,0,0,0,0,0,0,0,0,0,0,0,0,3,37,0,1,6,1,23,1,1,0,0,41.0,1.0,0,0,0,1,0,0,0,0,0,0,0,0,41,,,41,0,0,2,2,0,0,1.0,0,0,0,0,0
2021,16,MIA,REG,NO,19,26,198,1,1,3,-25,1,0,197,110,10,3.1584853826325388,2.9962813624968896,0,30,86,0,0,0,2,-9.51601378293708,0,19,26,198,1,0,0,197,110,10,8.724295694781457,0,0,31,2,30,6,37,0,8.0,54.0,14,2,36,4,1,0,0,0,1,1,0,0,0,7,65,3,3,9,1,23,2,3,1,0,48.0,0.6666666666666666,0,0,1,1,0,0,0,0,0,0,1,0,48;34,59,,82,59,0,2,2,0,0,1.0,0,0,0,0,0
2021,16,MIN,REG,LA,27,38,315,1,1,3,-20,2,0,354,155,14,2.0842437916872822,6.911881651197161,0,22,66,1,1,0,6,-6.907824222231284,0,27,35,315,1,0,0,354,155,14,9.054596854806233,0,0,37,7,25,1,1,0,0.0,0.0,5,3,26,8,0,0,0,0,3,4,0,0,0,2,20,4,0,0,3,16,3,3,0,0,44.0,1.0,0,2,0,1,0,0,0,0,0,0,0,0,23;24;44,,,91,0,0,2,2,0,0,1.0,0,0,0,0,0
2021,16,NE,REG,BUF,14,32,145,0,2,1,-6,0,0,314,64,7,-3.0969632330234163,-18.908702317745455,0,27,149,3,1,0,12,8.65748930373229,0,14,31,145,0,0,0,314,64,7,-0.27188220428070053,0,0,41,7,29,1,1,0,0.0,0.0,4,0,0,4,0,0,0,0,1,2,0,0,0,3,30,4,0,0,2,19,0,0,0,0,,,0,0,0,0,0,0,0,0,0,0,0,0,,,,0,0,0,3,3,0,0,1.0,0,0,0,0,0
2021,16,NO,REG,MIA,12,20,135,0,2,8,-54,0,0,76,81,5,-29.729809938871767,-7.278274496396382,0,23,83,0,0,0,3,-4.858360677724704,0,12,18,135,0,0,0,76,81,5,-8.073758587182965,0,0,40,3,29,3,11,1,3.0,25.0,5,1,0,2,0,0,0,0,0,0,0,0,0,7,62,5,3,27,1,26,1,1,0,0,38.0,1.0,0,0,1,0,0,0,0,0,0,0,0,0,38,,,38,0,0,0,0,0,0,,0,0,0,0,0
2021,16,NYG,REG,PHI,23,44,118,1,2,2,-10,1,0,239,57,8,-20.104238166182768,-12.83613632364971,0,27,84,0,0,0,4,-6.1529728179095,0,23,41,118,1,0,0,239,57,8,-12.933342484233435,0,0,39,6,18,0,0,2,1.0,5.0,5,0,0,6,0,0,0,0,1,1,0,0,0,6,40,4,2,16,2,38,1,1,0,0,54.0,1.0,0,0,0,0,1,0,0,0,0,0,0,0,54,,,54,0,0,1,1,0,0,1.0,0,0,0,0,0
2021,16,NYJ,REG,JAX,14,22,102,1,0,1,-2,0,0,101,51,7,-0.7609113129140508,-2.9957136937550137,0,36,273,1,0,0,11,9.320007836387958,0,14,21,102,1,0,0,101,51,7,2.1645964352944236,0,1,43,4,22,0,0,2,1.0,28.0,4,0,0,4,0,0,0,0,0,0,1,1,0,7,81,3,1,12,6,228,2,2,0,0,42.0,1.0,0,1,0,1,0,0,0,0,0,0,0,0,42;20,,,62,0,0,2,3,0,1,0.6666666666666666,0,0,0,0,0
2021,16,PHI,REG,NYG,17,29,199,2,0,1,-5,1,0,226,53,9,1.3048490787027536,-3.9427203791482106,0,30,130,1,0,0,6,0.04164452068451263,0,17,28,199,2,0,0,226,53,9,3.758995381124331,0,0,36,12,28,3,16,1,2.0,10.0,5,2,53,9,1,0,0,0,2,2,0,0,0,11,79,4,4,50,2,30,2,3,1,0,37.0,0.6666666666666666,0,1,1,0,0,0,0,0,0,1,0,0,22;37,41,,59,41,0,4,4,0,0,1.0,0,0,0,0,0
2021,16,PIT,REG,KC,28,43,194,1,1,2,-21,1,1,220,101,13,-12.944073139235405,-3.16392814829236,0,25,130,0,0,0,7,-1.6004478009417653,0,28,42,194,1,1,1,220,101,13,-9.005675406497465,0,0,35,6,40,2,5,1,2.0,4.0,3,0,0,2,0,0,0,0,0,0,0,0,0,5,40,6,1,20,3,61,1,2,1,0,34.0,0.5,0,0,1,0,0,0,0,0,1,0,0,0,34,36,,34,36,0,1,1,0,0,1.0,0,0,0,0,0
2021,16,SEA,REG,CHI,16,27,181,2,0,2,-20,0,0,228,108,9,1.8351038598263125,-3.6240980581001,0,24,170,1,0,0,6,6.348171352699865,0,16,27,181,2,0,0,228,108,9,5.526031906701811,0,0,34,11,43,5,22,1,4.0,21.0,9,0,0,6,0,0,0,0,0,0,0,0,0,7,88,4,1,15,4,92,1,2,1,0,36.0,0.5,0,0,1,0,0,0,0,0,1,0,0,0,36,39,,36,39,0,3,3,0,0,1.0,0,0,0,0,0
2021,16,SF,REG,TEN,26,35,322,1,2,2,-16,0,0,226,241,14,3.3737984425484306,3.1378369671957835,0,21,83,1,0,0,6,1.0946665323281195,0,26,35,322,1,3,0,226,241,14,5.636797848632849,0,0,39,5,17,9,32,0,4.0,21.0,9,0,0,4,0,0,0,0,2,5,0,0,0,5,41,4,1,12,0,0,1,1,0,0,48.0,1.0,0,0,0,1,0,0,0,0,0,0,0,0,48,,,48,0,0,2,2,0,0,1.0,0,0,0,0,0
2021,16,TB,REG,CAR,18,31,232,1,0,0,0,0,0,273,83,12,8.941748715886732,1.1182377050662864,0,31,159,2,0,0,8,2.59209186444059,0,18,29,232,1,0,0,273,83,12,9.840129558645074,0,0,37,4,20,7,44,1,7.0,45.0,11,1,7,8,0,0,0,0,0,0,0,0,0,6,50,6,5,44,0,0,4,4,0,0,48.0,1.0,0,1,1,2,0,0,0,0,0,0,0,0,36;43;21;48,,,148,0,0,2,2,0,0,1.0,0,0,0,0,0
2021,16,TEN,REG,SF,22,30,209,1,0,4,-21,0,0,257,63,11,7.0151092315809915,10.267255107561747,0,24,90,1,0,0,4,-3.688297163631831,0,22,30,209,1,0,0,257,63,11,12.322584615090873,0,0,32,5,25,3,18,2,2.0,16.0,3,2,21,4,0,0,0,0,0,0,0,0,0,6,57,2,0,0,2,57,2,2,0,0,44.0,1.0,0,0,1,1,0,0,0,0,0,0,0,0,38;44,,,82,0,0,2,2,0,0,1.0,1,1,0,0,44
2021,16,WAS,REG,DAL,15,32,188,2,2,5,-16,0,0,243,91,9,-18.00750766909914,-18.20244789123535,0,20,85,0,0,0,4,-0.9593996075564064,0,15,30,188,2,1,0,243,91,9,-10.423998079495504,0,0,40,1,31,4,15,0,3.0,11.0,5,0,0,1,0,0,0,0,1,1,0,0,0,1,13,0,2,14,0,0,0,0,0,0,,,0,0,0,0,0,0,0,0,0,0,0,0,,,,0,0,0,2,2,0,0,1.0,0,0,0,0,0
2021,17,ARI,REG,DAL,27,39,286,2,0,1,-14,0,0,358,114,12,13.152992871545038,7.748634348044524,0,32,127,0,0,0,9,-5.24375979276374,0,27,37,286,2,0,0,358,114,12,16.070356569169316,0,0,36,3,17,4,4,2,1.0,1.0,6,0,0,6,0,0,0,0,0,0,1,1,0,7,45,4,1,-5,0,0,4,4,0,0,53.0,1.0,0,2,1,0,1,0,0,0,0,0,0,0,24;53;26;38,,,141,0,0,1,1,0,0,1.0,0,0,0,0,0
2021,17,ATL,REG,BUF,13,23,197,0,0,5,-28,1,1,201,144,9,-9.711948756549337,-0.3589223325252533,0,22,96,1,0,0,9,-1.0200070506543852,0,13,20,197,0,0,0,201,144,9,5.06581773160724,0,0,31,15,29,1,2,1,1.0,2.0,3,3,25,6,0,0,1,0,0,0,0,0,0,4,27,6,0,0,2,25,2,2,0,0,28.0,1.0,0,2,0,0,0,0,0,0,0,0,0,0,28;24,,,52,0,0,1,1,0,0,1.0,0,0,0,0,0
2021,17,BAL,REG,LA,20,32,197,0,1,5,-35,0,0,280,57,9,-3.936894918737569,0.6735737981467411,0,32,165,0,0,0,10,1.5435841907165013,0,20,29,197,0,0,0,280,57,9,2.2325570062646496,0,0,35,5,17,2,6,1,1.0,9.0,4,2,17,3,1,0,0,0,0,0,1,1,0,4,24,6,0,0,1,22,4,4,0,0,46.0,1.0,0,1,1,2,0,0,0,0,0,0,0,0,22;46;46;34,,,148,0,0,1,1,0,0,1.0,0,0,0,0,0
2021,17,BUF,REG,ATL,11,26,120,0,3,1,-2,0,0,235,32,8,-7.632916023503523,-14.019111295541128,1,44,233,4,0,0,19,13.63123182283016,0,11,24,120,0,0,0,235,32,8,-5.585763421855401,1,0,28,10,18,5,25,1,5.0,28.0,8,0,0,3,0,1,0,0,1,1,1,1,0,7,47,3,2,9,3,74,0,0,0,0,,,0,0,0,0,0,0,0,0,0,0,0,0,,,,0,0,0,3,3,0,0,1.0,0,0,0,0,0
2021,17,CAR,REG,NO,17,26,132,0,1,7,-42,1,1,98,92,8,-16.219666676583458,-4.741552968819936,0,26,88,1,0,0,7,-1.654301819158718,0,17,24,132,0,0,0,98,92,8,-2.1875798483255684,0,0,36,7,25,6,24,0,2.0,15.0,6,0,0,1,0,0,0,0,0,0,0,0,0,1,5,5,0,0,1,18,1,2,1,0,32.0,0.5,0,0,1,0,0,0,0,0,0,1,0,0,32,47,,32,47,0,1,1,0,0,1.0,0,0,0,0,0
2021,17,CHI,REG,NYG,18,36,173,1,2,2,-11,0,0,276,87,10,-8.025601250075102,-10.4994869593418,0,27,87,2,0,0,7,-2.553954366914695,0,18,33,173,1,0,0,276,87,10,-3.5573990167207095,0,0,44,3,19,5,17,3,4.0,30.0,5,2,46,5,0,0,1,0,0,0,2,2,0,5,35,4,1,1,2,22,2,2,0,0,44.0,1.0,0,1,0,1,0,0,0,0,0,0,0,0,21;44,,,65,0,0,3,3,0,0,1.0,0,0,0,0,0
2021,17,CIN,REG,KC,30,40,446,4,0,4,-31,0,0,263,264,12,23.472572657063782,12.98804322355672,0,19,60,0,0,0,5,-4.719373783038463,0,30,38,446,4,0,0,263,264,12,30.583460023657377,0,0,38,1,25,0,0,0,0.0,0.0,4,0,0,5,0,0,0,0,0,0,0,0,0,5,62,5,1,3,0,0,2,2,0,0,46.0,1.0,0,1,0,1,0,0,0,0,0,0,0,0,46;20,,,66,0,0,4,4,0,0,1.0,1,1,0,0,20
2021,17,CLE,REG,PIT,16,38,185,2,2,9,-46,0,0,263,71,8,-15.74576943158172,-20.18674591349231,0,20,93,0,0,0,5,-0.5737559098633938,0,16,36,185,2,0,0,263,71,8,-1.1693585712346248,0,0,38,11,35,4,15,1,2.0,14.0,4,1,1,9,0,0,0,0,0,0,0,0,0,10,77,5,4,29,6,140,0,0,0,0,,,0,0,0,0,0,0,0,0,0,0,0,0,,,,0,0,0,2,2,0,0,1.0,0,0,0,0,0
2021,17,DAL,REG,ARI,25,39,257,3,0,1,-1,0,0,201,125,15,14.902135036246344,-7.062691920682004,1,17,45,0,2,1,4,-9.893600527429953,0,25,38,257,3,0,0,201,125,15,17.498322231986982,1,0,43,4,20,4,29,0,1.0,14.0,4,0,0,4,0,0,0,0,2,3,0,0,0,10,88,5,2,15,3,58,0,1,1,0,,0.0,0,0,0,0,0,0,0,0,0,1,0,0,,43,,0,43,0,2,2,0,0,1.0,0,0,0,0,0
2021,17,DEN,REG,LAC,19,28,246,1,0,1,-10,0,0,219,116,11,-2.9455989897289534,2.1379527118470936,0,27,83,0,0,0,5,-4.679475846874993,0,19,27,246,1,0,0,219,116,11,1.0535060313957523,0,0,31,15,33,2,2,0,0.0,0.0,3,0,0,3,0,1,0,0,0,0,0,0,0,3,23,4,2,4,0,0,2,2,0,0,61.0,1.0,0,1,0,0,0,1,0,0,0,0,0,0,61;23,,,84,0,0,1,1,0,0,1.0,0,0,0,0,0
2021,17,DET,REG,SEA,22,37,262,2,3,0,0,0,0,253,120,12,7.397151582053811,-5.487140599224302,1,22,95,2,0,0,5,-5.459396483085584,0,22,37,262,2,0,0,253,120,12,7.397151582053811,1,0,38,8,34,3,11,0,1.0,4.0,3,0,0,1,0,0,0,0,1,1,0,0,0,4,30,5,0,0,2,74,0,1,1,0,,0.0,0,0,0,0,0,0,0,0,0,0,1,0,,55,,0,55,0,3,3,0,0,1.0,0,0,0,0,0
2021,17,GB,REG,MIN,31,42,307,2,0,0,0,0,0,258,143,17,9.86176408038905,5.304434895515442,0,32,174,2,0,0,11,7.076572576770559,0,31,42,307,2,0,0,258,143,17,9.86176408038905,0,0,31,5,11,6,23,0,2.0,15.0,5,0,0,5,0,0,0,0,0,0,0,0,0,1,5,4,3,33,1,17,3,3,0,0,37.0,1.0,0,0,3,0,0,0,0,0,0,0,0,0,35;36;37,,,108,0,0,4,4,0,0,1.0,0,0,0,0,0
2021,17,HOU,REG,SF,21,32,163,1,1,3,-27,1,0,194,68,6,-16.03667814728904,1.2184575200080872,0,27,86,0,1,0,5,-2.8458997226553038,0,21,30,163,1,0,0,194,68,6,-9.496027392102405,0,0,42,8,24,3,12,0,1.0,8.0,2,1,0,5,0,0,0,0,2,2,0,0,0,5,67,5,2,23,5,98,0,1,1,0,,0.0,0,0,0,0,0,0,0,0,0,1,0,0,,45,,0,45,0,1,1,0,0,1.0,0,0,0,0,0
2021,17,IND,REG,LV,16,27,148,1,0,1,-8,0,0,158,51,7,-5.402740011091197,-1.9679541389147441,0,26,122,1,0,0,9,4.433502132596914,0,16,24,148,1,1,0,158,51,7,-0.00021678260000590477,0,0,40,9,21,2,6,2,2.0,14.0,8,2,19,5,0,0,0,0,0,0,0,0,0,3,25,6,0,0,1,20,2,2,0,0,46.0,1.0,0,0,0,2,0,0,0,0,0,0,0,0,46;41,,,87,0,0,2,2,0,0,1.0,0,0,0,0,0
2021,17,JAX,REG,NE,17,27,193,1,3,2,-20,0,0,194,80,8,-12.075156573230197,-4.292667943697709,0,17,80,0,0,0,2,0.5826505495351739,0,17,26,193,1,0,0,194,80,8,-7.6813809258987025,0,0,40,9,27,1,1,1,0.0,0.0,0,0,0,5,0,0,0,0,0,0,0,0,0,3,25,3,1,3,5,88,1,1,0,0,29.0,1.0,0,1,0,0,0,0,0,0,0,0,0,0,29,,,29,0,0,1,1,0,0,1.0,0,0,0,0,0
2021,17,KC,REG,CIN,26,35,259,2,0,0,0,0,0,297,107,11,11.342784956910595,12.122092834290337,0,23,155,2,0,0,11,9.861714477126952,0,26,34,259,2,0,0,297,107,11,11.98530830617337,0,0,38,2,20,4,31,0,4.0,31.0,10,0,0,3,0,0,0,0,0,0,0,0,0,10,83,4,2,32,5,108,1,1,0,0,34.0,1.0,0,0,1,0,0,0,0,0,0,0,0,0,34,,,34,0,0,4,4,0,0,1.0,0,0,0,0,0
2021,17,LA,REG,BAL,26,35,309,2,2,1,-9,1,1,249,126,14,6.03499570429116,3.866031680788313,0,20,73,1,0,0,6,-0.9506758403149433,0,26,35,309,2,0,0,249,126,14,11.995409509558467,0,0,45,6,22,6,33,1,5.0,35.0,7,1,34,3,0,0,0,0,0,0,1,1,0,4,35,4,1,18,1,18,0,1,1,0,,0.0,0,0,0,0,0,0,0,0,0,0,1,0,,56,,0,56,0,2,2,0,0,1.0,0,0,0,0,0
2021,17,LAC,REG,DEN,22,31,237,2,0,0,0,0,0,187,137,13,14.881550897510877,2.493530511856079,0,35,104,1,0,0,7,-8.712888271838892,0,22,30,237,2,0,0,187,137,13,15.64508414753216,0,1,25,11,33,4,19,0,1.0,10.0,3,0,0,1,0,0,0,0,0,0,1,1,0,3,22,3,2,5,2,148,2,2,0,0,23.0,1.0,1,1,0,0,0,0,0,0,0,0,0,0,19;23,,,42,0,0,4,4,0,0,1.0,0,0,0,0,0
2021,17,LV,REG,IND,24,32,255,1,2,2,-14,0,0,309,98,13,5.09618808104536,8.536315336823463,0,27,85,1,2,0,5,-0.4694821551567836,0,24,32,255,1,0,0,309,98,13,7.8078080611885525,0,0,31,9,15,2,11,1,1.0,8.0,7,0,0,3,0,0,0,0,1,1,0,0,0,6,41,2,3,64,2,43,3,3,0,0,47.0,1.0,0,0,1,2,0,0,0,0,0,0,0,0,47;44;33,,,124,0,0,2,2,0,0,1.0,1,1,0,0,33
2021,17,MIA,REG,TEN,18,39,205,0,1,4,-23,2,1,379,75,11,-15.6798544653188,-18.756243664967386,0,16,74,0,1,0,4,-5.415880432715621,0,18,38,205,0,0,0,379,75,11,-4.856897142890375,0,0,40,6,22,5,17,0,1.0,10.0,2,0,0,2,0,2,0,0,2,3,0,0,0,5,55,4,2,15,2,34,1,2,0,1,39.0,0.5,0,0,1,0,0,0,0,0,0,0,0,0,39,,53,39,0,53,0,0,0,0,,0,0,0,0,0
2021,17,MIN,REG,GB,24,39,194,1,0,2,-15,0,0,233,103,8,-12.669148000583789,-5.4557418903789,0,11,27,0,0,0,2,-1.9023763821460307,0,24,37,194,1,0,0,233,103,8,-9.876012753462419,0,0,44,10,26,2,2,0,0.0,0.0,3,0,0,1,0,0,0,0,0,0,0,0,0,3,23,4,0,0,3,86,1,1,0,0,51.0,1.0,0,0,0,0,1,0,0,0,0,0,0,0,51,,,51,0,0,1,1,0,0,1.0,0,0,0,0,0
2021,17,NE,REG,JAX,25,34,290,3,0,0,0,0,0,248,157,15,22.28717584940909,8.225655284794895,0,36,181,4,0,0,16,7.147649546983419,0,25,33,290,3,0,0,248,157,15,22.660904393802177,0,0,28,4,22,3,25,0,2.0,20.0,3,3,53,5,0,0,0,0,1,1,0,0,0,3,30,1,0,0,3,50,1,1,0,0,43.0,1.0,0,0,0,1,0,0,0,0,0,0,0,0,43,,,43,0,0,5,6,0,1,0.8333333333333334,0,0,0,0,0
2021,17,NO,REG,CAR,17,28,222,1,0,2,-15,0,0,182,103,10,0.8590994298147203,5.67818037841631,0,28,73,0,0,0,4,-11.624079744506162,0,17,23,222,1,0,0,182,103,10,8.204787636947927,0,0,35,4,26,7,32,1,7.0,42.0,8,1,18,3,0,0,0,0,0,0,1,1,0,5,33,4,4,8,2,63,4,4,0,0,41.0,1.0,0,1,1,2,0,0,0,0,0,0,0,0,41;27;41;33,,,142,0,0,0,1,1,0,0.0,0,0,0,0,0
2021,17,NYG,REG,CHI,4,11,24,0,2,4,-30,3,2,55,24,2,-35.56481964356499,-29.181054776365105,0,40,161,0,0,0,9,-1.840792555112741,0,4,11,24,0,0,0,55,24,2,-20.388292170944624,0,0,32,4,32,4,13,0,2.0,11.0,5,2,17,7,0,0,0,0,2,2,0,0,0,3,26,2,2,17,3,53,1,1,0,0,38.0,1.0,0,0,1,0,0,0,0,0,0,0,0,0,38,,,38,0,0,0,0,0,0,,0,0,0,0,0
2021,17,NYJ,REG,TB,19,33,234,1,0,1,-10,0,0,237,148,14,8.402356714839332,-4.6225788195927935,0,26,150,2,0,0,8,-0.2969868572836276,0,19,30,234,1,1,1,237,148,14,13.085267066096637,0,0,34,6,30,4,30,0,1.0,5.0,4,1,30,3,0,0,0,0,0,0,0,0,0,2,14,1,0,0,5,119,1,1,0,0,51.0,1.0,0,0,0,0,1,0,0,0,0,0,0,0,51,,,51,0,0,3,3,0,0,1.0,0,0,0,0,0
2021,17,PHI,REG,WAS,17,26,214,0,0,1,-2,0,0,264,68,9,7.549441437009644,6.680278778076172,0,34,118,2,0,0,10,2.114985251275357,0,17,25,214,0,0,0,264,68,9,11.095339138881226,0,0,37,3,27,3,26,0,3.0,29.0,5,1,0,7,0,0,0,0,0,0,0,0,0,6,42,2,1,7,2,21,2,2,0,0,42.0,1.0,0,0,0,2,0,0,0,0,0,0,0,0,42;41,,,83,0,0,2,2,0,0,1.0,0,0,0,0,0
2021,17,PIT,REG,CLE,24,46,123,1,1,2,-14,1,0,283,83,10,-17.463139853376425,-15.945428868998652,0,31,190,1,0,0,8,8.867143136681989,0,24,46,123,1,0,0,283,83,10,-13.810265353351362,0,0,39,7,21,10,50,0,9.0,46.0,11,2,0,11,0,1,0,0,2,2,0,0,0,5,51,3,5,44,0,0,4,4,0,0,50.0,1.0,0,1,1,1,1,0,0,0,0,0,0,0,22;30;50;48,,,150,0,0,2,2,0,0,1.0,0,0,0,0,0
2021,17,SEA,REG,DET,20,29,236,4,0,1,-4,0,0,217,121,13,15.23654620138826,5.382387233631952,0,41,265,2,0,0,15,7.246687978389673,0,20,28,236,4,0,0,217,121,13,16.932421168651338,0,0,26,10,22,1,1,0,0.0,0.0,5,3,21,9,0,2,0,41,0,0,0,0,0,5,31,1,2,5,2,48,3,3,0,0,51.0,1.0,0,0,1,1,1,0,0,0,0,0,0,0,51;36;42,,,129,0,0,6,6,0,0,1.0,0,0,0,0,0
2021,17,SF,REG,HOU,16,23,249,2,1,1,-8,0,0,267,87,10,8.45800033403297,8.538916577463565,0,37,175,0,0,0,8,-6.531012601315171,0,16,23,249,2,0,0,267,87,10,9.890021070658388,0,0,36,5,35,5,17,2,3.0,27.0,8,1,2,3,0,1,0,0,1,1,0,0,0,7,111,5,4,33,2,35,3,3,0,0,37.0,1.0,0,1,2,0,0,0,0,0,0,0,0,0,37;27;36,,,100,0,0,2,2,0,0,1.0,0,0,0,0,0
2021,17,TB,REG,NYJ,34,50,410,3,1,1,-5,0,0,507,155,21,21.967526440392092,10.025564991697973,0,21,62,0,0,0,5,-4.133562339600641,1,34,49,410,3,0,0,507,155,21,23.779013509279892,0,0,41,5,11,3,12,1,1.0,10.0,4,0,0,2,0,0,0,0,0,0,1,1,0,4,39,6,1,3,1,7,2,2,0,0,39.0,1.0,0,1,1,0,0,0,0,0,0,0,0,0,39;27,,,66,0,0,2,2,0,0,1.0,0,0,0,0,0
2021,17,TEN,REG,MIA,13,18,120,2,0,1,-10,0,0,134,76,7,1.5083645741704368,6.76713420285119,0,40,198,2,1,0,8,2.173119025313602,0,13,18,120,2,0,0,134,76,7,4.064788065968778,0,0,27,9,15,2,14,1,3.0,16.0,3,1,0,7,0,0,0,0,1,2,1,1,0,6,70,3,3,28,1,24,2,2,0,0,44.0,1.0,0,1,0,1,0,0,0,0,0,0,0,0,23;44,,,67,0,0,4,4,0,0,1.0,0,0,0,0,0
2021,17,WAS,REG,PHI,27,36,247,0,1,3,-29,0,0,181,133,14,-4.650787843743796,7.001299279577592,0,22,94,1,0,0,8,2.9477968648425303,0,27,34,247,0,0,0,181,133,14,1.9219711549429657,0,0,35,9,23,4,11,0,1.0,2.0,3,0,0,4,0,0,0,0,0,0,0,0,0,1,4,6,0,0,2,57,3,3,0,0,55.0,1.0,0,0,2,0,1,0,0,0,0,0,0,0,31;39;55,,,125,0,0,1,1,0,0,1.0,0,0,0,0,0
2021,18,ARI,REG,SEA,28,39,240,1,0,5,-53,0,0,252,141,10,-3.556026826142147,0.6918743634835268,0,28,118,1,1,1,10,1.9101728767703836,0,28,39,240,1,0,0,252,141,10,3.841964681113791,0,0,32,5,17,0,0,1,1.0,9.0,7,1,33,3,0,0,0,0,1,1,1,1,1,6,46,3,0,0,2,20,3,3,0,0,41.0,1.0,0,0,2,1,0,0,0,0,0,0,0,0,41;30;36,,,107,0,0,3,3,0,0,1.0,0,0,0,0,0
2021,18,ATL,REG,NO,20,33,216,1,1,3,-21,1,0,341,63,9,-4.429853773434719,1.1204079274208314,0,12,62,1,0,0,3,1.037745516281575,0,20,31,216,1,2,2,341,63,9,-7.813632277480792,0,0,42,7,35,1,1,1,0.0,0.0,0,0,0,2,0,0,0,0,1,1,0,0,0,5,46,2,1,12,4,93,2,2,0,0,54.0,1.0,0,0,0,1,1,0,0,0,0,0,0,0,48;54,,,102,0,0,2,2,0,0,1.0,0,0,0,0,0
2021,18,BAL,REG,PIT,16,32,141,0,2,3,-9,0,0,278,68,5,-17.47344440359021,-14.089116547256708,0,36,249,1,1,1,15,0.40199858795636034,0,16,32,141,0,0,0,278,68,5,-14.34717620775783,0,0,45,5,29,5,19,0,1.0,9.0,2,1,0,3,0,0,0,0,1,2,0,0,0,1,5,6,1,0,5,113,2,2,0,0,46.0,1.0,0,1,0,1,0,0,0,0,0,0,0,0,24;46,,,70,0,0,1,1,0,0,1.0,0,0,0,0,0
2021,18,BUF,REG,NYJ,25,46,254,2,0,0,0,0,0,419,121,16,-0.32444446780459746,-7.8308319383197365,0,33,170,1,0,0,8,-0.04575192171614617,0,25,45,254,2,1,0,419,121,16,0.2344960904240443,0,0,24,7,13,8,71,1,9.0,82.0,10,0,0,3,0,1,0,0,2,2,0,0,0,4,40,4,5,28,0,0,2,2,0,0,41.0,1.0,0,1,0,1,0,0,0,0,0,0,0,0,41;21,,,62,0,0,3,3,0,0,1.0,0,0,0,0,0
2021,18,CAR,REG,TB,29,43,219,2,1,2,-12,0,0,283,151,10,-6.7759534115321,0.45654780807949247,0,26,110,0,1,1,6,-6.9635812899550285,0,29,42,219,2,0,0,283,151,10,-3.194333611347247,0,0,35,7,21,2,4,0,1.0,2.0,2,0,0,1,0,0,0,0,0,0,0,0,0,1,10,3,0,0,4,116,1,1,0,0,35.0,1.0,0,0,1,0,0,0,0,0,0,0,0,0,35,,,35,0,0,2,2,0,0,1.0,0,0,0,0,0
2021,18,CHI,REG,MIN,33,48,325,1,2,7,-59,0,0,332,175,17,-21.10012534762734,0.5460868711056917,1,25,90,0,0,0,5,-1.224311828496866,0,33,46,325,1,0,0,332,175,17,0.18544966376850858,1,0,25,2,24,5,17,1,3.0,23.0,8,0,0,2,0,0,0,0,0,0,0,0,0,2,10,4,4,47,1,36,3,3,0,0,46.0,1.0,0,0,0,3,0,0,0,0,0,0,0,0,43;46;42,,,131,0,0,0,0,0,0,,0,0,0,0,0
2021,18,CIN,REG,CLE,15,29,136,1,0,4,-33,1,0,164,109,4,-11.26088957624258,-16.51341483510774,0,18,79,0,0,0,6,1.7667624985915609,0,15,29,136,1,0,0,164,109,4,-3.669038250304102,0,0,36,17,31,0,0,2,1.0,5.0,3,1,35,3,0,0,0,0,1,1,1,1,1,4,32,5,1,11,2,58,1,1,0,0,36.0,1.0,0,0,1,0,0,0,0,0,0,0,0,0,36,,,36,0,0,1,1,0,0,1.0,0,0,0,0,0
2021,18,CLE,REG,CIN,17,24,176,2,1,1,-5,1,1,106,112,8,-4.781157750170678,2.8572207937637963,0,41,205,1,0,0,15,2.888285941327922,0,17,24,176,2,0,0,106,112,8,3.663593597477302,0,0,27,5,21,4,21,1,4.0,33.0,6,0,0,5,0,1,0,0,1,1,0,0,0,4,46,1,4,20,2,49,0,0,0,0,,,0,0,0,0,0,0,0,0,0,0,0,0,,,,0,0,0,3,3,0,0,1.0,0,0,0,0,0
2021,18,DAL,REG,PHI,22,28,305,5,0,1,-1,0,0,234,91,13,25.97886956764781,14.878533461264201,0,32,171,2,0,0,9,11.447445402212907,0,22,28,305,5,0,0,234,91,13,26.817848305939,0,0,36,9,29,3,30,0,3.0,22.0,7,1,7,2,0,0,0,0,0,0,0,0,0,5,44,3,1,11,3,63,1,1,0,0,48.0,1.0,0,0,0,1,0,0,0,0,0,0,0,0,48,,,48,0,0,6,7,1,0,0.8571428571428571,0,0,0,0,0
2021,18,DEN,REG,KC,13,25,178,0,0,1,-5,0,0,273,80,9,3.8223806385211936,-6.384942928949992,0,28,191,3,1,1,8,-1.7519693200010806,0,13,24,178,0,0,0,273,80,9,5.256329071315035,0,0,34,5,31,1,15,0,1.0,15.0,5,0,0,5,0,0,0,0,0,0,0,0,0,6,45,5,0,0,1,0,1,1,0,0,31.0,1.0,0,0,1,0,0,0,0,0,0,0,0,0,31,,,31,0,0,3,3,0,0,1.0,0,0,0,0,0
2021,18,DET,REG,GB,22,32,313,3,0,1,-8,0,0,248,174,12,12.7226270485042,6.721893158452264,0,26,99,1,0,0,7,-2.2799970228306865,0,22,29,313,3,0,0,248,174,12,18.00552460260935,0,0,39,6,22,1,8,2,4.0,16.0,6,2,26,5,0,0,0,0,0,0,1,1,0,2,15,5,0,0,1,25,3,3,0,0,36.0,1.0,0,1,2,0,0,0,0,0,0,0,0,0,34;36;27,,,97,0,0,4,4,0,0,1.0,0,0,0,0,0
2021,18,GB,REG,DET,24,35,272,3,2,4,-16,1,0,216,173,15,-0.4926176778347594,-3.462606498173305,0,27,122,1,0,0,6,4.592978229033295,1,24,35,272,3,1,1,216,173,15,3.2097569974763887,0,0,38,3,17,3,15,0,1.0,8.0,4,0,0,0,0,0,0,0,1,1,0,0,0,0,0,6,1,23,2,48,1,1,0,0,36.0,1.0,0,0,1,0,0,0,0,0,0,0,0,0,36,,,36,0,0,1,2,1,0,0.5,0,0,0,0,0
2021,18,HOU,REG,TEN,23,33,301,3,0,2,-12,0,0,373,104,11,10.669094356228133,6.786826159805059,1,21,64,0,0,0,7,-0.4926168790388412,0,23,32,301,3,0,0,373,104,11,13.96174057513429,1,0,37,12,26,3,8,0,1.0,6.0,7,0,0,4,0,0,0,0,0,0,0,0,0,4,65,5,3,24,3,62,1,1,0,0,31.0,1.0,0,0,1,0,0,0,0,0,0,0,0,0,31,,,31,0,0,2,2,0,0,1.0,0,0,0,0,0
2021,18,IND,REG,JAX,17,29,185,1,1,6,-46,1,1,299,71,8,-10.902838596556242,-4.762984915026303,1,18,94,0,0,0,4,-4.955519383482169,0,17,29,185,1,1,0,299,71,8,2.3860200545024126,1,0,36,2,28,3,8,0,1.0,6.0,2,0,0,1,0,0,0,0,2,2,0,0,0,4,52,3,1,7,3,99,1,1,0,0,41.0,1.0,0,0,0,1,0,0,0,0,0,0,0,0,41,,,41,0,0,0,0,0,0,,0,0,0,0,0
2021,18,JAX,REG,IND,23,32,223,2,0,1,-6,0,0,185,93,11,8.112452112153731,4.482356645166874,0,31,101,0,0,0,6,-4.040652288557482,0,23,32,223,2,0,0,185,93,11,10.038088658840023,0,0,34,4,16,6,33,3,6.0,46.0,10,1,1,6,0,0,0,0,0,0,1,1,0,6,49,5,0,0,0,0,4,4,0,0,39.0,1.0,0,2,2,0,0,0,0,0,0,0,0,0,22;20;39;31,,,112,0,0,2,2,0,0,1.0,0,0,0,0,0
2021,18,KC,REG,DEN,27,44,270,2,0,1,-15,0,0,278,205,19,12.132854478463273,-3.055672347545624,0,29,135,0,0,0,7,-0.028977715017274086,1,27,42,270,2,0,0,278,205,19,15.488127199263985,0,0,26,4,22,2,6,1,1.0,5.0,2,0,0,4,0,0,0,0,0,0,1,1,1,5,45,2,1,5,0,0,2,2,0,0,51.0,1.0,0,0,1,0,1,0,0,0,0,0,0,0,34;51,,,85,0,0,2,2,0,0,1.0,0,0,0,0,0
2021,18,LA,REG,SF,21,32,238,3,2,5,-37,0,0,278,68,12,12.573336445549572,-1.976138912141323,0,27,64,0,0,0,4,-9.959539102739654,0,21,32,238,3,0,0,278,68,12,20.350132657040376,0,0,38,11,29,5,17,1,3.0,26.0,6,2,10,5,0,0,0,0,0,0,0,0,0,3,15,6,2,40,2,36,1,1,0,0,43.0,1.0,0,0,0,1,0,0,0,0,0,0,0,0,43,,,43,0,0,3,3,0,0,1.0,0,0,0,0,0
2021,18,LAC,REG,LV,34,64,383,3,1,3,-28,0,0,629,125,20,15.891099543017756,-12.732660351321101,1,21,85,1,0,0,5,-5.04343101620907,0,34,64,383,3,0,0,629,125,20,21.717580298891246,1,0,40,10,28,7,23,2,3.0,18.0,6,0,0,4,0,1,0,0,0,0,0,0,0,10,108,5,2,4,2,47,1,2,1,0,41.0,0.5,0,0,0,1,0,0,0,0,0,0,1,0,41,51,,41,51,0,3,3,0,0,1.0,0,0,0,0,0
2021,18,LV,REG,LAC,21,37,190,2,0,3,-18,1,0,276,106,10,-5.367844175481067,-5.3537162867459385,0,34,174,1,0,0,9,0.21515165409546633,0,21,33,190,2,1,0,276,106,10,2.175958012413404,0,0,44,4,20,4,20,1,3.0,28.0,10,1,0,16,0,0,0,0,1,1,1,1,0,4,38,6,3,32,2,40,5,5,0,0,52.0,1.0,0,1,1,2,1,0,0,0,0,0,0,0,24;31;52;40;47,,,194,0,0,2,2,0,0,1.0,1,1,0,0,47
2021,18,MIA,REG,NE,15,22,109,1,0,1,-6,0,0,124,67,7,-2.7533494726204584,1.420521168481736,0,43,195,1,0,0,12,3.61014828007319,0,15,21,109,1,0,0,124,67,7,-0.4724053207583998,0,0,30,11,21,3,17,0,2.0,16.0,3,1,37,5,1,0,0,0,0,0,2,2,1,5,33,6,0,0,2,38,2,2,0,0,49.0,1.0,0,0,1,1,0,0,0,0,0,0,0,0,30;49,,,79,0,0,3,3,0,0,1.0,0,0,0,0,0
2021,18,MIN,REG,CHI,14,22,250,3,0,3,-23,1,0,295,43,8,8.121575125864378,4.1834665196282526,0,22,104,0,0,0,3,-7.028533436125144,0,14,21,250,3,0,0,295,43,8,15.19314980180934,0,0,50,4,34,6,59,0,7.0,59.0,10,2,68,6,1,0,0,0,1,1,0,0,0,4,47,2,0,0,2,38,1,1,0,0,39.0,1.0,0,0,1,0,0,0,0,0,0,0,0,0,39,,,39,0,0,4,4,0,0,1.0,0,0,0,0,0
2021,18,NE,REG,MIA,20,30,261,1,1,2,-16,0,0,243,105,8,1.4800337619064812,-1.8380134304364522,0,27,134,2,1,1,12,1.7115655092929956,0,20,30,261,1,1,1,243,105,8,-2.3574042385735083,0,0,33,18,32,3,9,0,1.0,6.0,1,0,0,2,0,0,0,0,0,1,0,0,0,8,78,6,2,20,1,24,1,1,0,0,43.0,1.0,0,0,0,1,0,0,0,0,0,0,0,0,43,,,43,0,0,3,3,0,0,1.0,0,0,0,0,0
2021,18,NO,REG,ATL,16,24,178,3,0,1,-4,1,0,193,102,9,12.443085875632672,7.464185616244441,0,46,195,0,0,0,10,-2.447576978436313,0,16,23,178,3,0,0,193,102,9,15.048654485652788,0,0,26,3,19,1,8,3,3.0,21.0,9,1,17,5,0,2,0,0,1,1,2,2,0,4,40,2,0,0,3,41,3,4,1,0,37.0,0.75,0,1,2,0,0,0,0,0,1,0,0,0,37;27;33,34,,97,34,0,3,3,0,0,1.0,0,0,0,0,0
2021,18,NYG,REG,WAS,15,31,103,1,2,3,-20,1,1,215,63,4,-19.281744870066177,-16.412039697170258,0,25,94,0,0,0,4,-7.471215916390065,0,15,30,103,1,0,0,215,63,4,-9.882634034263901,0,0,32,7,37,4,22,0,3.0,21.0,6,0,0,3,0,0,0,0,0,0,0,0,0,3,21,5,1,16,4,94,0,0,0,0,,,0,0,0,0,0,0,0,0,0,0,0,0,,,,0,0,0,1,1,0,0,1.0,0,0,0,0,0
2021,18,NYJ,REG,BUF,7,20,87,1,0,9,-82,1,0,136,33,3,-18.223562742236517,-31.188570041405526,0,17,48,0,0,0,1,-5.639801709156018,0,7,19,87,1,0,0,136,33,3,-0.8663760810159147,0,0,34,15,29,3,6,1,0.0,0.0,5,0,0,4,0,0,0,0,1,1,0,0,0,4,27,0,2,5,1,7,1,1,0,0,49.0,1.0,0,0,0,1,0,0,0,0,0,0,0,0,49,,,49,0,0,1,1,0,0,1.0,0,0,0,0,0
2021,18,PHI,REG,DAL,20,34,188,2,1,3,-22,0,0,220,96,11,1.8040636354844657,-8.700645232901854,0,33,149,1,0,0,9,5.115086815610994,0,20,34,188,2,0,0,220,96,11,6.270051808415596,0,0,35,5,25,4,6,0,1.0,1.0,2,0,0,1,0,0,0,0,0,0,0,0,0,3,30,1,1,0,3,84,2,2,0,0,40.0,1.0,0,0,1,1,0,0,0,0,0,0,0,0,38;40,,,78,0,0,2,2,0,0,1.0,0,0,0,0,0
2021,18,PIT,REG,BAL,30,44,244,1,1,1,-9,0,0,283,125,14,2.885277848894475,-0.6906401704658162,0,30,79,0,0,0,5,-8.665724392643481,0,30,44,244,1,0,0,283,125,14,4.775034635298653,0,0,49,3,21,5,15,1,3.0,9.0,7,2,0,7,0,0,0,0,0,0,1,1,0,6,43,5,2,29,3,66,3,3,0,0,40.0,1.0,0,1,1,1,0,0,0,0,0,0,0,0,28;40;36,,,104,0,0,1,1,0,0,1.0,1,1,0,0,36
2021,18,SEA,REG,ARI,15,26,238,3,1,1,-9,1,1,318,80,10,2.6251355657122537,0.3849747089239267,0,30,202,2,0,0,9,4.7330859820358455,0,15,26,238,3,0,0,318,80,10,9.876214619330268,0,0,45,11,23,7,55,1,5.0,53.0,7,0,0,5,0,0,0,0,0,0,1,1,0,4,30,4,2,20,0,0,1,1,0,0,38.0,1.0,0,0,1,0,0,0,0,0,0,0,0,0,38,,,38,0,0,5,5,0,0,1.0,0,0,0,0,0
2021,18,SF,REG,LA,24,33,340,2,2,3,-26,1,0,293,172,15,6.168897364730644,6.508750282227993,0,31,135,1,0,0,8,1.468535089516081,0,24,32,340,2,0,0,293,172,15,11.008581329745667,0,0,39,7,27,6,27,0,5.0,37.0,13,2,0,3,0,0,0,0,1,1,0,0,0,6,56,8,1,14,1,11,2,2,0,0,42.0,1.0,0,1,0,1,0,0,0,0,0,0,0,0,42;24,,,66,0,0,3,3,0,0,1.0,1,1,0,0,24
2021,18,TB,REG,CAR,29,39,326,3,0,1,-2,0,0,310,147,15,15.672267777902448,9.978025681094119,0,20,85,2,0,0,6,-0.9143751463561784,0,29,38,326,3,0,0,310,147,15,17.149594762652555,0,0,45,3,21,6,22,1,2.0,12.0,6,1,17,6,0,0,0,0,0,0,1,1,0,2,10,2,1,4,3,75,2,3,1,0,40.0,0.6666666666666666,0,0,1,1,0,0,0,0,0,1,0,0,39;40,46,,79,46,0,5,5,0,0,1.0,0,0,0,0,0
2021,18,TEN,REG,HOU,23,32,287,4,0,1,-6,0,0,327,106,16,18.735545415315684,7.87210101261735,0,32,124,0,1,0,7,-4.120572013722267,0,23,32,287,4,0,0,327,106,16,21.105217694654968,0,0,36,6,18,6,25,0,2.0,12.0,3,0,0,1,0,1,0,0,2,2,0,0,0,5,42,3,4,23,3,58,0,1,1,0,,0.0,0,0,0,0,0,0,0,0,0,1,0,0,,42,,0,42,0,4,4,0,0,1.0,0,0,0,0,0
2021,18,WAS,REG,NYG,9,18,120,0,0,3,-21,0,0,144,59,4,-8.297408074542608,-8.703857309678021,0,37,226,1,1,0,13,6.636722620711792,0,9,17,120,0,0,0,144,59,4,-3.150393949583367,0,0,23,8,38,4,10,0,2.0,13.0,10,2,39,7,1,0,0,0,2,3,1,1,0,3,29,2,4,23,2,33,3,3,0,0,43.0,1.0,0,2,0,1,0,0,0,0,0,0,0,0,23;43;23,,,89,0,0,1,1,0,0,1.0,0,0,0,0,0
2021,19,ARI,POST,LA,19,34,137,0,2,2,-15,0,0,279,94,7,-21.975805635680445,-15.29535975526361,1,18,61,1,0,0,6,0.573550041357521,0,19,34,137,0,0,0,279,89,7,-18.194050431833602,1,0,34,7,35,6,21,0,1.0,7.0,3,0,0,0,0,1,0,0,1,1,0,0,0,7,50,2,1,0,1,15,1,1,0,0,55.0,1.0,0,0,0,0,1,0,0,0,0,0,0,0,55,,,55,0,0,0,0,0,0,,0,0,0,0,0
2021,19,BUF,POST,NE,21,25,308,5,0,0,0,0,0,230,90,13,22.96922262487351,17.967855095863342,0,29,174,2,0,0,14,16.197870780393714,0,21,25,308,5,0,0,230,90,13,22.96922262487351,0,0,31,14,22,3,16,0,3.0,16.0,5,2,0,4,0,0,0,0,0,0,0,0,0,3,47,3,2,54,4,35,0,0,0,0,,,0,0,0,0,0,0,0,0,0,0,0,0,,,,0,0,0,5,7,0,2,0.7142857142857143,0,0,0,0,0
2021,19,CIN,POST,LV,24,34,244,2,0,2,-19,0,0,291,90,14,10.013772191553588,11.20355436578393,0,25,83,0,0,0,5,-3.0064105022052874,0,24,32,244,2,0,0,291,90,14,15.379303285752899,0,0,34,8,22,2,14,1,3.0,28.0,3,1,2,9,0,0,0,0,0,0,1,1,0,7,56,2,2,26,5,103,4,4,0,0,43.0,1.0,0,1,2,1,0,0,0,0,0,0,0,0,31;30;43;28,,,132,0,0,2,2,0,0,1.0,0,0,0,0,0
2021,19,DAL,POST,SF,24,44,270,1,1,5,-40,1,0,380,106,13,-10.199188383023074,-8.393809412206922,0,21,77,1,0,0,7,-1.064229531912133,0,24,42,270,1,1,0,380,106,13,-0.4183938373642102,0,0,28,11,45,2,12,0,0.0,0.0,4,1,23,4,0,0,0,0,1,1,0,0,0,14,89,5,1,5,2,50,1,1,0,0,51.0,1.0,0,0,0,0,1,0,0,0,0,0,0,0,51,,,51,0,0,2,2,0,0,1.0,0,0,0,0,0
2021,19,KC,POST,PIT,31,40,406,6,1,3,-34,0,0,196,277,19,19.727522391855018,11.472588542260622,0,22,106,0,1,0,7,-5.866618900821777,0,31,38,406,6,0,0,196,277,19,26.130183049972402,0,0,40,6,22,3,16,1,2.0,14.0,4,0,0,2,0,0,0,0,1,2,1,1,0,3,25,2,4,62,2,50,0,0,0,0,,,0,0,0,0,0,0,0,0,0,0,0,0,,,,0,0,0,6,6,0,0,1.0,0,0,0,0,0
2021,19,LA,POST,ARI,14,18,242,2,0,1,-7,0,0,204,106,11,14.790221179428045,14.033001330163744,0,38,140,1,0,0,6,-9.180143287248436,0,14,18,242,2,0,0,204,106,11,17.11115246528061,0,0,28,2,18,3,11,0,2.0,15.0,5,2,3,6,1,0,0,0,0,0,0,0,0,6,48,3,2,19,2,28,2,2,0,0,46.0,1.0,0,0,1,1,0,0,0,0,0,0,0,0,37;46,,,83,0,0,4,4,0,0,1.0,0,0,0,0,0
2021,19,LV,POST,CIN,29,54,310,1,1,3,-28,1,1,411,123,15,-0.04562368275105766,-6.101179427030135,0,14,103,0,0,0,4,2.9632109054364264,0,29,49,310,1,0,0,411,123,15,11.511876958314359,0,0,32,6,38,4,21,0,2.0,19.0,5,0,0,2,0,1,0,0,1,1,0,0,0,7,46,5,1,0,4,73,4,4,0,0,47.0,1.0,0,2,1,1,0,0,0,0,0,0,0,0,47;28;34;28,,,137,0,0,1,1,0,0,1.0,0,0,0,0,0
2021,19,NE,POST,BUF,24,38,232,2,2,3,-16,0,0,243,101,13,3.488060396735427,4.772640807288034,0,20,89,0,0,0,5,1.0825991737947334,0,24,35,232,2,0,0,243,101,13,8.710168322286336,0,0,32,8,16,0,0,0,0.0,0.0,1,0,0,1,0,0,0,0,0,0,0,0,0,5,34,3,0,0,5,103,1,1,0,0,44.0,1.0,0,0,0,1,0,0,0,0,0,0,0,0,44,,,44,0,0,2,2,0,0,1.0,0,0,0,0,0
2021,19,PHI,POST,TB,23,43,258,1,2,2,-14,1,0,465,172,10,-5.500413996647578,-7.538635162420051,1,17,95,1,0,0,3,-0.34833317215088755,0,23,43,258,1,0,0,465,172,10,-3.2709056434831583,1,0,42,8,40,6,25,0,4.0,28.0,6,0,0,2,0,2,0,0,2,2,0,0,0,4,45,5,5,35,3,57,0,0,0,0,,,0,0,0,0,0,0,0,0,0,0,0,0,,,,0,0,0,1,1,0,0,1.0,0,0,0,0,0
2021,19,PIT,POST,KC,29,44,215,2,0,2,-14,0,0,320,108,15,-3.630831637128722,-0.39772526784376666,0,20,56,0,1,0,4,0.8662951293517835,0,29,44,215,2,1,1,320,108,15,-4.696987411996815,0,0,47,0,18,8,47,1,3.0,34.0,7,1,10,4,0,0,0,0,1,1,1,1,1,4,45,3,2,13,3,66,0,0,0,0,,,0,0,0,0,0,0,0,0,0,0,0,0,,,,0,0,0,3,3,0,0,1.0,0,0,0,0,0
2021,19,SF,POST,DAL,16,25,172,0,1,0,0,0,0,154,89,10,0.15928061730018528,-5.260265469551086,0,38,169,2,0,0,9,-3.274933241213287,0,16,25,172,0,0,0,154,89,10,0.15928061730018528,0,0,41,0,20,3,22,1,5.0,40.0,14,1,0,3,0,0,0,0,0,0,0,0,0,9,58,4,1,11,2,29,3,3,0,0,53.0,1.0,0,0,0,1,2,0,0,0,0,0,0,0,53;40;52,,,145,0,0,2,2,0,0,1.0,0,0,0,0,0
2021,19,TB,POST,PHI,29,37,271,2,0,4,-28,0,0,167,147,14,8.226544965945209,8.176805989609825,0,31,106,2,0,0,8,-4.2145126486429945,0,29,36,271,2,0,0,167,147,14,13.34702360042138,0,0,41,1,11,5,18,1,2.0,14.0,10,2,17,7,0,0,0,0,0,0,1,1,0,4,35,4,4,13,1,16,1,1,0,0,34.0,1.0,0,0,1,0,0,0,0,0,0,0,0,0,34,,,34,0,0,4,4,0,0,1.0,0,0,0,0,0
2021,20,BUF,POST,KC,27,37,329,4,0,2,-16,1,0,298,135,14,18.199110316971318,5.867679336586514,1,24,109,1,0,0,9,7.118361145025119,0,27,37,329,4,0,0,298,135,14,21.617256774261595,1,0,44,5,27,5,15,1,2.0,8.0,4,0,0,0,0,0,0,0,1,1,0,0,0,3,15,6,0,0,1,22,0,0,0,0,,,0,0,0,0,0,0,0,0,0,0,0,0,,,,0,0,0,4,4,0,0,1.0,0,0,0,0,0
2021,20,CIN,POST,TEN,28,37,348,0,1,9,-68,0,0,161,234,13,-5.045335825946561,6.3791556017739435,0,18,65,1,0,0,4,-0.20437323036260158,0,28,35,348,0,0,0,161,234,13,9.291215269336458,0,0,35,8,12,3,9,0,1.0,7.0,5,3,19,5,0,0,0,0,0,0,0,0,0,6,46,6,0,0,3,82,4,4,0,0,54.0,1.0,0,0,1,1,2,0,0,0,0,0,0,0,38;45;54;52,,,189,0,0,1,1,0,0,1.0,1,1,0,0,52
2021,20,GB,POST,SF,20,29,225,0,0,5,-29,1,0,220,128,8,-1.088238972845795,3.354271142571061,0,20,67,1,0,0,5,-0.26197095890529454,0,20,27,225,0,1,1,220,128,8,1.4128780789324082,0,0,35,12,20,7,29,0,4.0,25.0,7,1,0,4,0,0,0,0,1,1,0,0,0,5,25,6,2,11,3,66,1,2,0,1,33.0,0.5,0,0,1,0,0,0,0,0,0,0,0,0,33,,39,33,0,39,1,1,0,0,1.0,0,0,0,0,0
2021,20,KC,POST,BUF,33,44,378,3,0,2,-8,0,0,226,227,21,21.348480939990313,7.4755809136799405,0,27,182,2,1,0,7,6.284665390142569,0,33,42,378,3,0,0,226,227,21,24.190331363535424,0,0,33,4,28,3,13,1,2.0,16.0,2,0,0,3,0,0,0,0,1,1,0,0,0,1,10,3,2,60,1,26,3,4,1,0,49.0,0.75,0,1,1,1,0,0,0,0,0,0,1,0,39;28;49,50,,116,50,0,3,4,1,0,0.75,0,0,0,0,0
2021,20,LA,POST,TB,28,38,366,2,0,2,-11,0,0,297,149,17,17.441331197245983,13.222994117273224,0,30,73,1,2,2,6,-20.3108225332058,0,28,36,366,2,1,1,297,149,17,13.756822518407903,0,0,36,6,24,5,22,1,3.0,21.0,6,1,0,6,0,0,0,0,0,1,1,1,0,4,45,5,3,60,1,19,3,4,1,0,40.0,0.75,0,1,1,1,0,0,0,0,0,1,0,0,26;40;30,47,,96,47,0,3,3,0,0,1.0,1,1,0,0,30
2021,20,SF,POST,GB,11,19,131,0,1,4,-25,0,0,109,86,7,-7.507692491535707,-9.271073341369629,0,29,106,0,0,0,6,-5.894786405743001,0,11,18,131,0,0,0,109,86,7,0.35779354568323685,0,1,37,10,16,5,26,2,5.0,29.0,6,0,0,2,0,0,0,6,0,0,1,1,0,5,40,5,3,22,3,91,2,2,0,0,45.0,1.0,0,1,0,1,0,0,0,0,0,0,0,0,29;45,,,74,0,0,1,1,0,0,1.0,1,1,0,0,45
2021,20,TB,POST,LA,30,54,329,1,1,3,-21,1,1,429,170,14,-13.955662030788911,-9.732525922217459,0,14,51,2,0,0,5,3.386352167610312,0,30,53,329,1,0,0,429,170,14,-4.365320993416784,0,0,43,5,27,5,21,3,2.0,11.0,8,0,0,2,0,0,0,0,0,0,4,4,0,4,61,4,2,7,4,62,2,3,1,0,45.0,0.6666666666666666,0,0,1,1,0,0,0,0,0,1,0,0,45;31,48,,76,48,0,3,3,0,0,1.0,0,0,0,0,0
2021,20,TEN,POST,CIN,15,24,220,1,3,1,-7,0,0,261,47,9,-4.451318063815745,-0.2720341086387634,0,27,140,1,0,0,7,-4.131828563593328,0,15,24,220,1,0,0,261,47,9,-2.3415895295754696,0,0,41,10,24,6,58,0,9.0,68.0,13,1,15,4,0,0,0,0,0,0,0,0,0,2,15,5,3,5,1,26,1,1,0,0,34.0,1.0,0,0,1,0,0,0,0,0,0,0,0,0,34,,,34,0,0,1,1,0,0,1.0,0,0,0,0,0
2021,21,CIN,POST,KC,23,38,250,2,1,1,-7,0,0,213,158,12,3.9135277947046405,-1.8473353650834825,1,27,116,0,0,0,8,1.3860468270737738,0,23,36,250,2,0,0,213,158,12,6.253267744263502,1,0,37,3,31,2,13,1,4.0,39.0,5,2,8,5,0,0,0,0,0,0,0,0,0,4,30,4,2,22,1,26,4,4,0,0,52.0,1.0,0,0,3,0,1,0,0,0,0,0,0,0,32;31;52;31,,,146,0,0,1,1,0,0,1.0,1,1,0,0,31
2021,21,KC,POST,CIN,26,39,275,3,2,4,-39,1,0,274,121,17,-6.372242317138303,0.6652315726151338,0,24,139,0,0,0,6,4.338426207192242,0,26,37,275,3,0,0,274,121,17,2.3414470312418416,0,0,37,2,30,2,9,0,1.0,7.0,4,1,0,7,0,0,0,0,2,2,0,0,0,2,11,6,0,0,2,38,1,1,0,0,44.0,1.0,0,0,0,1,0,0,0,0,0,0,0,0,44,,,44,0,0,3,3,0,0,1.0,0,0,0,0,0
2021,21,LA,POST,SF,31,45,337,2,1,2,-11,0,0,396,152,17,13.104126548690717,6.444983681042989,0,29,70,0,0,0,5,-12.47414473182289,0,31,42,337,2,0,0,396,152,17,18.95971225319011,0,0,24,4,24,4,6,0,0.0,0.0,3,1,6,7,0,0,0,0,0,0,0,0,0,2,10,4,0,0,1,24,2,3,1,0,40.0,0.6666666666666666,0,0,1,1,0,0,0,0,0,0,1,0,40;30,54,,70,54,0,2,2,0,0,1.0,0,0,0,0,0
2021,21,SF,POST,LA,16,30,232,2,1,0,0,0,0,163,143,13,6.097215062356554,-18.026170648377516,0,20,50,0,0,0,1,-9.073355706744632,0,16,29,232,2,0,0,163,143,13,6.194037419161759,0,0,38,8,28,4,13,0,2.0,11.0,9,1,23,3,0,0,0,0,0,0,0,0,0,6,54,6,1,9,2,26,1,1,0,0,38.0,1.0,0,0,1,0,0,0,0,0,0,0,0,0,38,,,38,0,0,2,2,0,0,1.0,0,0,0,0,0
2021,22,CIN,POST,LA,23,34,269,2,0,7,-43,0,0,220,144,10,-5.851192014770551,-1.2407132170417092,0,20,79,0,0,0,5,-1.3252928290166892,0,23,33,269,2,0,0,220,144,10,5.873083633791032,0,0,37,10,20,8,23,0,2.0,13.0,5,2,1,4,0,0,0,0,0,0,0,0,0,4,31,3,2,28,0,0,2,2,0,0,38.0,1.0,0,1,1,0,0,0,0,0,0,0,0,0,29;38,,,67,0,0,2,2,0,0,1.0,0,0,0,0,0
2021,22,LA,POST,CIN,26,41,283,3,2,2,-13,0,0,336,150,14,3.6258970136744804,-2.291201949119568,0,23,43,0,0,0,2,-8.289257604104932,0,26,40,283,3,0,0,336,150,14,8.078711884363079,0,0,36,9,19,8,46,0,7.0,43.0,11,0,0,4,0,0,0,0,0,0,0,0,0,2,10,3,4,25,1,17,1,1,0,0,41.0,1.0,0,0,0,1,0,0,0,0,0,0,0,0,41,,,41,0,0,2,2,0,0,1.0,0,0,0,0,0
2022,1,ARI,REG,KC,24,38,205,2,0,3,-26,0,0,267,115,12,-1.1582145034624265,-1.55948292877939,1,22,103,1,1,0,7,1.6093396928627044,0,24,36,205,2,0,0,267,115,12,6.232551274734083,1,0,44,7,21,2,7,3,0.0,0.0,6,0,0,2,0,0,0,0,3,4,1,1,0,5,49,2,1,-1,2,68,0,0,0,0,,,0,0,0,0,0,0,0,0,0,0,0,0,,,,0,0,0,1,1,0,0,1.0,0,0,0,0,0
2022,1,ATL,REG,NO,20,33,215,0,0,0,0,0,0,282,78,8,5.021303329926311,-6.941740773618221,0,38,201,2,2,1,14,-0.7080252392333932,0,20,32,215,0,1,1,282,78,8,-1.02539736836058,0,0,28,5,27,4,33,1,4.0,35.0,8,0,0,2,0,0,0,1,1,1,1,1,0,8,55,6,3,42,0,0,4,5,0,1,54.0,0.8,0,1,0,1,2,0,0,0,0,0,0,0,54;50;40;27,,63,171,0,63,2,2,0,0,1.0,0,1,0,1,63
2022,1,BAL,REG,NYJ,17,30,213,3,1,2,-2,0,0,360,66,8,4.239652403625634,-3.64747181020934,0,21,63,0,1,0,4,-3.8565872762119398,0,17,29,213,3,0,0,360,66,8,6.71898582879917,0,0,47,6,22,3,9,2,3.0,12.0,10,1,33,4,0,0,0,0,1,1,1,1,0,5,29,4,2,17,0,0,1,1,0,0,24.0,1.0,0,1,0,0,0,0,0,0,0,0,0,0,24,,,24,0,0,3,3,0,0,1.0,0,0,0,0,0
2022,1,BUF,REG,LA,26,31,297,3,2,2,-5,0,0,227,114,15,13.646457606582526,11.333648764318035,0,25,121,1,2,2,7,-3.651649557519704,0,26,31,297,3,0,0,227,114,15,15.523194902698133,0,0,45,5,23,7,42,0,7.0,49.0,16,3,29,6,0,0,0,0,0,0,0,0,0,5,35,3,1,20,0,0,1,1,0,0,41.0,1.0,0,0,0,1,0,0,0,0,0,0,0,0,41,,,41,0,0,4,4,0,0,1.0,0,0,0,0,0
2022,1,CAR,REG,CLE,16,27,235,1,1,4,-28,1,0,171,145,7,-1.6186219101946335,-9.173728984135847,0,19,54,2,2,0,7,2.3916371844177875,0,16,26,235,1,0,0,171,145,7,6.597083789558383,0,0,41,2,42,4,13,0,1.0,9.0,5,0,0,4,0,0,0,0,5,7,0,0,0,8,96,4,1,10,2,35,1,1,0,0,34.0,1.0,0,0,1,0,0,0,0,0,0,0,0,0,34,,,34,0,0,3,3,0,0,1.0,0,0,0,0,0
2022,1,CHI,REG,SF,8,17,121,2,1,2,-16,0,0,162,67,4,-1.6956854593008757,-16.01456929655636,0,37,99,1,0,0,6,-3.7272746876697056,0,8,17,121,2,0,0,162,67,4,2.7346491632051766,0,0,48,4,12,3,10,1,2.0,9.0,4,1,26,3,0,0,0,0,0,0,1,1,0,3,24,1,1,0,2,48,0,0,0,0,,,0,0,0,0,0,0,0,0,0,0,0,0,,,,0,0,0,1,3,2,0,0.3333333333333333,0,0,0,0,0
2022,1,CIN,REG,PIT,33,53,338,2,4,7,-39,2,1,372,177,22,-16.125692450532757,-0.7078968691376021,1,34,133,0,0,0,5,-4.552216346230125,0,33,53,338,2,0,0,372,177,22,-0.6427449835982819,1,0,36,5,17,2,3,1,1.0,2.0,5,0,0,4,0,0,0,0,1,1,0,0,0,4,27,7,5,31,0,0,2,3,1,0,59.0,0.6666666666666666,0,1,0,0,1,0,0,1,0,0,0,0,59;26,29,,85,29,0,0,1,0,1,0.0,0,0,0,0,0
2022,1,CLE,REG,CAR,18,34,147,1,0,1,-9,0,0,248,57,7,-7.346917288764646,-2.9308709502220154,0,39,217,1,0,0,11,8.442012805489632,0,18,30,147,1,0,0,248,57,7,-4.616756236279408,0,0,27,2,18,5,16,1,4.0,28.0,6,1,-4,7,0,1,0,0,1,1,0,0,0,9,71,6,5,29,1,29,4,4,0,0,58.0,1.0,0,1,2,0,1,0,0,0,0,0,0,0,26;34;36;58,,,154,0,0,2,2,0,0,1.0,1,1,0,0,58
2022,1,DAL,REG,TB,21,42,198,0,1,4,-25,0,0,357,69,8,-20.043329542940292,-17.343835096533706,0,18,71,0,0,0,4,-1.5507767101516947,0,21,41,198,0,0,0,357,69,8,-11.118886013719994,0,0,40,4,24,4,25,0,2.0,17.0,4,1,0,3,0,0,0,0,0,0,0,0,0,10,73,4,1,3,4,77,1,1,0,0,51.0,1.0,0,0,0,0,1,0,0,0,0,0,0,0,51,,,51,0,0,0,0,0,0,,0,0,0,0,0
2022,1,DEN,REG,SEA,29,42,340,1,0,2,-10,0,0,275,230,13,15.1618857017008,7.822624539456716,0,20,103,0,2,2,5,-9.784021826810203,0,29,41,340,1,0,0,275,230,13,17.19950035749817,0,0,26,8,24,3,26,3,2.0,18.0,4,0,0,2,0,0,0,0,0,0,1,1,0,12,106,6,1,3,3,51,3,4,1,0,40.0,0.75,0,1,1,1,0,0,0,0,0,0,0,1,30;40;26,64,,96,64,0,1,1,0,0,1.0,0,1,1,0,64
2022,1,DET,REG,PHI,21,37,215,2,1,1,-10,1,0,306,119,12,-2.1120760421908926,-11.99930358577419,0,28,181,3,0,0,9,10.210879182355711,0,21,37,215,2,0,0,306,119,12,0.42864501362782903,0,0,44,8,22,2,6,0,1.0,4.0,5,0,0,5,0,0,0,0,1,1,0,0,0,7,65,5,3,15,0,0,0,0,0,0,,,0,0,0,0,0,0,0,0,0,0,0,0,,,,0,0,0,5,5,0,0,1.0,0,0,0,0,0
2022,1,GB,REG,MIN,26,39,260,0,1,4,-33,1,1,219,170,13,-11.937146772979759,-0.07905210767473493,0,18,111,1,0,0,8,0.6472562649287283,0,26,35,260,0,0,0,219,170,13,2.78697473948705,0,0,40,8,20,1,8,0,1.0,8.0,8,0,0,1,0,0,0,0,0,0,0,0,0,2,10,5,1,12,1,14,0,0,0,0,,,0,0,0,0,0,0,0,0,0,0,0,0,,,,0,0,0,1,1,0,0,1.0,0,0,0,0,0
2022,1,HOU,REG,IND,23,37,240,2,0,3,-18,1,1,266,81,12,-6.464837897088398,-6.728735069433848,0,28,77,0,0,0,4,-5.302811652130913,0,23,36,240,2,0,0,266,81,12,2.099262833319119,0,0,49,9,39,5,14,2,2.0,12.0,7,1,14,11,0,0,0,0,0,0,1,1,0,6,40,6,0,0,0,0,2,2,0,0,45.0,1.0,0,0,0,2,0,0,0,0,0,0,0,0,45;43,,,88,0,0,2,2,0,0,1.0,0,0,0,0,0
2022,1,IND,REG,HOU,32,50,352,1,1,2,-12,1,0,313,176,20,3.004784380851166,-4.770667577276424,0,38,177,1,2,1,13,-3.815214450820349,0,32,49,352,1,0,0,313,176,20,6.69507712881924,0,0,42,7,11,5,19,1,3.0,18.0,5,0,0,2,0,1,0,0,4,6,1,1,0,7,89,5,5,34,0,0,2,3,1,0,45.0,0.6666666666666666,0,1,0,1,0,0,0,0,0,1,0,0,45;27,42,,72,42,0,2,2,0,0,1.0,0,0,0,0,0
2022,1,JAX,REG,WAS,24,42,275,1,1,2,-15,0,0,362,88,14,-0.8246542957077593,2.682269364595413,0,18,123,1,0,0,6,4.298666787974071,0,24,38,275,1,1,0,362,88,14,7.480810728955376,0,0,43,4,16,4,20,1,1.0,8.0,4,2,12,6,0,0,0,0,0,0,1,1,0,13,90,5,1,2,0,0,3,4,1,0,45.0,0.75,0,0,1,2,0,0,0,0,1,0,0,0,33;43;45,37,,121,37,0,1,1,0,0,1.0,0,0,0,0,0
2022,1,KC,REG,ARI,30,39,360,5,0,0,0,0,0,304,192,23,33.18852514473006,11.784186730018028,0,27,128,1,2,0,9,-1.0484876045084093,0,30,39,360,5,2,1,304,192,23,28.897122761022594,0,0,38,3,15,4,27,1,3.0,26.0,6,0,0,7,0,0,0,0,3,3,0,0,0,3,25,3,5,44,2,45,1,1,0,0,54.0,1.0,0,0,0,0,1,0,0,0,0,0,0,0,54,,,54,0,0,5,6,1,0,0.8333333333333334,0,0,0,0,0
2022,1,LA,REG,BUF,29,41,240,1,3,7,-49,1,0,239,124,14,-16.745452827553688,-0.5920314934195542,0,18,52,0,0,0,3,-1.2681049961829558,0,29,41,240,1,0,0,239,124,14,-5.41127288005171,0,0,39,7,19,2,5,2,2.0,5.0,2,2,5,3,0,0,0,0,1,1,2,2,0,4,30,3,0,0,4,67,1,1,0,0,57.0,1.0,0,0,0,0,1,0,0,0,0,0,0,0,57,,,57,0,0,1,1,0,0,1.0,0,0,0,0,0
2022,1,LAC,REG,LV,26,34,279,3,0,0,0,0,0,238,117,13,14.94356691871826,6.435642172308529,0,31,76,0,0,0,5,-12.556690368161071,0,26,34,279,3,1,0,238,117,13,14.94356691871826,0,0,31,8,12,5,28,3,6.0,39.0,9,3,22,6,0,0,0,0,0,0,0,0,0,5,21,2,0,0,1,15,1,2,1,0,43.0,0.5,0,0,0,1,0,0,0,0,0,1,0,0,43,49,,43,49,0,3,3,0,0,1.0,0,0,0,0,0
2022,1,LV,REG,LAC,22,37,295,2,3,6,-39,2,0,341,126,17,-7.297522948725512,-2.382502555847168,0,13,64,0,0,0,1,-0.6569763558800332,0,22,35,295,2,1,0,341,126,17,4.87838816244957,0,0,36,17,21,4,11,1,0.0,0.0,3,0,0,1,0,0,0,0,3,3,0,0,0,3,11,3,2,4,0,0,2,2,0,0,55.0,1.0,0,1,0,0,1,0,0,0,0,0,0,0,23;55,,,78,0,0,1,1,0,0,1.0,0,0,0,0,0
2022,1,MIA,REG,NE,23,33,270,1,0,3,-28,1,0,275,118,13,5.8563312284282425,8.032114563449737,0,23,65,0,0,0,3,-7.950295378046576,0,23,31,270,1,1,0,275,118,13,13.470366855632365,0,0,29,10,24,4,16,2,2.0,20.0,3,1,31,6,0,0,0,0,1,1,2,2,1,4,20,2,0,0,2,28,2,2,0,0,49.0,1.0,0,0,0,2,0,0,0,0,0,0,0,0,43;49,,,92,0,0,2,2,0,0,1.0,0,0,0,0,0
2022,1,MIN,REG,GB,23,32,277,2,0,1,-8,0,0,164,152,12,9.272198556757568,5.163186596285913,0,28,126,0,0,0,7,-1.4292993732378818,0,23,31,277,2,0,0,164,152,12,11.843522342572024,0,0,32,6,26,3,22,1,4.0,33.0,5,1,0,3,0,0,0,0,0,0,1,1,0,3,20,3,1,7,1,25,3,3,0,0,56.0,1.0,0,2,0,0,1,0,0,0,0,0,0,0,28;56;29,,,113,0,0,2,2,0,0,1.0,0,0,0,0,0
2022,1,NE,REG,MIA,21,30,213,1,1,2,-20,1,1,279,87,10,-4.493520617485046,2.9488237698872886,0,22,78,0,0,0,5,-4.639336024178192,0,21,30,213,1,1,1,279,87,10,-0.26335749111603945,0,0,37,3,17,6,31,2,3.0,28.0,7,0,0,0,0,0,0,0,0,0,0,0,0,3,15,5,2,12,1,28,0,0,0,0,,,0,0,0,0,0,0,0,0,0,0,0,0,,,,0,0,0,1,1,0,0,1.0,0,0,0,0,0
2022,1,NO,REG,ATL,23,34,269,2,0,4,-35,0,0,293,62,12,2.2887728355077313,7.236052863299847,1,19,151,1,0,0,5,5.864207510065287,0,23,32,269,2,1,1,293,62,12,7.146218382471796,1,0,46,9,17,1,2,2,0.0,0.0,1,0,0,2,0,0,0,0,0,0,2,2,0,8,99,5,1,12,0,0,2,3,1,0,51.0,0.6666666666666666,0,0,0,1,1,0,0,0,0,1,0,0,49;51,44,,100,44,0,1,1,0,0,1.0,1,1,0,0,51
2022,1,NYG,REG,TEN,17,21,188,2,1,5,-32,1,1,120,92,7,-6.831767932235263,13.360895287422906,1,32,238,1,1,0,11,7.964748042679392,0,17,21,188,2,0,0,120,92,7,4.027582840339281,1,0,34,11,21,1,2,0,1.0,0.0,5,0,0,2,0,0,0,0,0,0,1,1,0,8,45,4,5,62,2,41,0,0,0,0,,,0,0,0,0,0,0,0,0,0,0,0,0,,,,0,0,0,1,1,0,0,1.0,0,0,0,0,0
2022,1,NYJ,REG,BAL,37,59,309,1,1,3,-12,0,0,286,139,18,-7.11291638909344,-4.062917201142562,0,17,83,0,0,0,4,-3.999719105195254,0,37,57,309,1,2,1,286,139,18,-4.834632641714704,0,0,26,8,16,2,2,1,2.0,2.0,4,1,0,4,0,0,0,0,1,1,0,0,0,6,81,1,2,30,2,48,1,2,1,0,45.0,0.5,0,0,0,1,0,0,0,0,0,1,0,0,45,45,,45,45,0,0,1,1,0,0.0,0,0,0,0,0
2022,1,PHI,REG,DET,18,32,243,0,0,1,-4,0,0,130,143,12,3.5803245294125725,-10.007202728041287,0,39,216,4,0,0,13,14.58838899427792,0,18,29,243,0,0,0,130,143,12,6.890268282066935,0,0,37,2,18,3,5,0,1.0,10.0,6,1,27,4,1,0,0,0,0,0,0,0,0,10,61,5,2,13,3,38,1,1,0,0,23.0,1.0,0,1,0,0,0,0,0,0,0,0,0,0,23,,,23,0,0,5,5,0,0,1.0,0,0,0,0,0
2022,1,PIT,REG,CIN,21,38,194,1,0,1,-2,0,0,301,77,9,-5.6246129767072155,-7.084987453512244,0,22,75,0,0,0,4,-2.3055275199876633,0,21,37,194,1,1,0,301,77,9,-4.37285936259774,0,0,55,8,30,7,31,2,7.0,39.0,11,4,31,9,1,0,0,0,0,0,1,1,0,8,59,5,1,20,1,1,3,4,1,0,53.0,0.75,0,1,0,1,1,0,0,0,0,0,1,0,20;48;53,55,,121,55,0,2,2,0,0,1.0,1,1,0,0,53
2022,1,SEA,REG,DEN,23,28,195,2,0,2,-18,1,0,144,89,9,8.274173974503805,12.449767302583766,0,19,76,0,1,0,3,-2.3396413009031676,0,23,27,195,2,1,1,144,89,9,6.46819842581362,0,0,42,8,18,4,15,2,2.0,10.0,8,0,0,4,0,0,0,0,2,2,2,2,0,5,77,4,0,0,3,77,1,1,0,0,49.0,1.0,0,0,0,1,0,0,0,0,0,0,0,0,49,,,49,0,0,2,2,0,0,1.0,0,0,0,0,0
2022,1,SF,REG,CHI,13,28,164,0,1,2,-9,0,0,204,57,5,-9.12234195836053,-18.238767981529236,0,37,176,1,2,1,12,-1.8990002882783301,0,13,26,164,0,0,0,204,57,5,-3.9372159103804734,0,0,36,2,14,6,23,0,2.0,16.0,3,1,1,2,0,0,0,0,1,1,0,0,0,12,99,6,2,23,2,42,1,1,0,0,25.0,1.0,0,1,0,0,0,0,0,0,0,0,0,0,25,,,25,0,0,1,1,0,0,1.0,0,0,0,0,0
2022,1,TB,REG,DAL,18,27,212,1,1,2,-17,0,0,305,87,9,1.0508535547742515,3.290234671698676,0,33,152,0,0,0,9,-1.6673043784052823,0,18,27,212,1,0,0,305,87,9,4.5721893040187,0,0,39,3,15,7,37,0,4.0,25.0,8,1,15,6,0,0,0,0,0,0,0,0,0,5,25,1,3,28,0,0,4,5,1,0,47.0,0.8,0,1,1,2,0,0,0,0,1,0,0,0,44;38;29;47,36,,158,36,0,1,1,0,0,1.0,0,0,0,0,0
2022,1,TEN,REG,NYG,20,33,266,2,0,1,0,0,0,296,103,13,7.819076049187833,-0.14203359042444536,0,26,93,0,1,0,4,-5.953963885549456,0,20,31,266,2,0,0,296,103,13,8.882199734558567,0,0,39,11,27,5,24,2,5.0,32.0,8,1,0,2,0,1,0,0,1,2,1,1,0,7,50,3,4,62,2,33,2,3,1,0,46.0,0.6666666666666666,0,1,0,1,0,0,0,0,0,1,0,0,46;23,47,,69,47,0,2,2,0,0,1.0,0,1,1,0,47
2022,1,WAS,REG,JAX,27,41,313,4,2,1,-8,0,0,290,178,16,8.649848221597727,-0.1603639707332704,1,28,85,0,1,1,7,-5.36607699067099,0,27,41,313,4,0,0,290,178,16,11.073203795691487,1,0,38,3,11,2,15,1,2.0,15.0,10,1,1,5,0,0,0,0,0,0,0,0,0,6,63,4,2,22,2,44,0,0,0,0,,,0,0,0,0,0,0,0,0,0,0,0,0,,,,0,0,0,2,2,0,0,1.0,0,0,0,0,0
2022,2,ARI,REG,LV,31,49,277,1,1,1,-7,0,0,243,162,13,-7.864719920253148,-5.577398804908103,1,28,143,2,0,0,12,10.386310130401515,1,31,47,277,1,0,0,243,162,13,-1.970226886842167,1,0,32,4,22,3,18,2,1.0,8.0,7,0,0,4,0,0,0,0,0,0,1,1,1,12,120,6,2,21,2,40,0,0,0,0,,,0,0,0,0,0,0,0,0,0,0,0,0,,,,0,0,0,1,1,0,0,1.0,0,0,0,0,0
2022,2,ATL,REG,LA,17,26,196,2,2,3,-25,1,1,205,82,11,-1.6671894489049937,1.291427731513977,1,27,90,0,0,0,5,-6.951366198423784,0,17,25,196,2,0,0,205,82,11,2.308997776238243,1,1,31,9,35,3,30,1,1.0,0.0,2,2,21,3,0,0,1,26,1,2,1,1,0,5,29,4,0,0,1,27,1,2,1,0,26.0,0.5,0,1,0,0,0,0,0,0,0,1,0,0,26,44,,26,44,0,2,2,0,0,1.0,0,0,0,0,0
2022,2,BAL,REG,MIA,21,29,318,3,0,0,0,0,0,314,146,13,17.830529062946766,6.943367781310246,0,25,155,1,1,0,7,-3.3931663123948965,0,21,29,318,3,0,0,314,146,13,17.830529062946766,0,1,37,3,23,3,15,0,1.0,8.0,2,2,0,7,0,0,0,0,1,2,0,0,0,1,5,4,1,5,1,103,1,1,0,0,51.0,1.0,0,0,0,0,1,0,0,0,0,0,0,0,51,,,51,0,0,5,5,0,0,1.0,0,0,0,0,0
2022,2,BUF,REG,TEN,26,40,317,4,0,1,-4,0,0,304,97,13,14.330213572659318,0.6582037760661199,0,24,101,0,0,0,6,-4.856604322558269,0,26,39,317,4,0,0,304,97,13,16.10585353343447,0,0,30,7,13,8,28,0,2.0,16.0,3,2,43,7,1,0,0,0,0,0,2,2,0,8,49,3,4,41,0,0,2,2,0,0,49.0,1.0,0,0,1,1,0,0,0,0,0,0,0,0,49;37,,,86,0,0,5,5,0,0,1.0,0,0,0,0,0
2022,2,CAR,REG,NYG,14,29,145,1,0,2,-16,0,0,222,61,7,-7.698745249576778,-15.719078205249927,0,23,146,0,1,0,7,7.592324269586243,0,14,27,145,1,1,1,222,61,7,-4.924404518675008,0,0,38,10,28,8,33,0,3.0,14.0,9,0,0,2,0,0,0,0,0,0,0,0,0,5,38,4,2,17,3,75,3,3,0,0,38.0,1.0,0,0,3,0,0,0,0,0,0,0,0,0,31;32;38,,,101,0,0,1,1,0,0,1.0,0,0,0,0,0
2022,2,CHI,REG,GB,7,11,70,0,1,3,-22,0,0,121,33,2,-6.4240904148318805,-1.7208876934918491,0,27,180,1,1,0,11,3.2861995265733346,0,7,11,70,0,0,0,121,33,2,-1.7311779854935594,0,0,38,10,30,8,30,0,3.0,23.0,4,0,0,1,0,0,0,0,1,1,1,1,0,7,50,4,0,0,5,115,1,1,0,0,44.0,1.0,0,0,0,1,0,0,0,0,0,0,0,0,44,,,44,0,0,1,1,0,0,1.0,0,0,0,0,0
2022,2,CIN,REG,DAL,24,36,199,1,0,6,-34,1,0,201,108,13,0.9298977017478964,-2.2513983930860246,1,25,89,0,0,0,3,2.0279858766007237,0,24,35,199,1,0,0,201,108,13,8.626312248034658,1,0,41,2,10,4,15,1,1.0,5.0,5,0,0,3,0,0,0,0,1,1,1,1,0,7,35,2,1,20,0,0,3,3,0,0,50.0,1.0,0,0,0,2,1,0,0,0,0,0,0,0,43;50;46,,,139,0,0,0,0,0,0,,0,0,0,0,0
2022,2,CLE,REG,NYJ,22,27,229,1,1,1,-8,0,0,146,120,15,13.851839648246909,15.041757292217678,0,37,184,3,0,0,12,4.954866668849718,0,22,27,229,1,0,0,146,120,15,14.979426561541999,0,0,42,1,7,5,17,2,2.0,15.0,5,0,0,5,0,0,0,0,0,0,1,1,0,5,38,3,2,13,2,67,1,1,0,0,22.0,1.0,0,1,0,0,0,0,0,0,0,0,0,0,22,,,22,0,0,3,4,1,0,0.75,0,0,0,0,0
2022,2,DAL,REG,CIN,19,31,235,1,0,1,-5,0,0,178,116,11,8.252576284839286,-6.370207866032918,0,27,107,1,0,0,7,-2.8147054568107706,0,19,30,235,1,1,1,178,116,11,4.539753130764774,0,0,40,1,25,8,39,1,6.0,34.0,9,0,0,4,0,0,0,0,0,0,0,0,0,5,45,6,2,34,0,0,2,2,0,0,54.0,1.0,0,0,0,0,2,0,0,0,0,0,0,0,54;50,,,104,0,0,2,2,0,0,1.0,1,1,0,0,50
2022,2,DEN,REG,HOU,14,31,219,1,1,3,-18,0,0,276,69,11,0.30989935824112735,-12.60143518447876,0,31,149,0,0,0,7,-3.4893400818109512,0,14,28,219,1,0,0,276,69,11,7.131742613775877,0,0,32,4,16,3,12,2,3.0,23.0,6,0,0,4,0,0,0,0,0,0,0,0,0,13,100,3,4,59,1,17,3,3,0,0,50.0,1.0,0,2,0,0,1,0,0,0,0,0,0,0,20;24;50,,,94,0,0,1,1,0,0,1.0,0,0,0,0,0
2022,2,DET,REG,WAS,20,34,256,4,0,3,-22,0,0,287,130,12,1.220533122167696,-6.575407087802887,0,24,191,0,0,0,5,0.18684292135310598,0,20,34,256,4,0,0,287,130,12,5.9454354733217105,0,0,42,12,26,4,25,1,5.0,29.0,11,1,0,2,0,0,1,0,0,0,0,0,0,1,5,2,1,8,2,85,2,2,0,0,48.0,1.0,0,0,1,1,0,0,0,0,0,0,0,0,35;48,,,83,0,0,4,4,0,0,1.0,0,0,0,0,0
2022,2,GB,REG,CHI,19,25,234,2,0,3,-23,0,0,139,130,10,11.532070951268867,4.686913371086121,0,38,203,1,1,1,15,-0.10409279118175618,0,19,25,234,2,0,0,139,130,10,15.212568853673577,0,0,28,6,18,6,34,0,3.0,22.0,5,1,0,2,0,1,0,0,2,4,0,0,0,3,25,5,3,20,1,24,2,2,0,0,40.0,1.0,0,1,0,1,0,0,0,0,0,0,0,0,40;28,,,68,0,0,3,3,0,0,1.0,0,0,0,0,0
2022,2,HOU,REG,DEN,19,38,177,0,0,3,-23,2,0,324,83,6,-11.454928964852702,-13.692901907740412,0,18,80,0,0,0,7,0.9115269432077184,0,19,37,177,0,0,0,324,83,6,-6.253054109005138,0,0,35,8,24,3,16,0,3.0,18.0,7,1,0,6,0,0,0,0,2,2,0,0,0,8,94,4,1,7,1,22,3,3,0,0,44.0,1.0,0,1,0,2,0,0,0,0,0,0,0,0,40;44;24,,,108,0,0,0,0,0,0,,0,0,0,0,0
2022,2,IND,REG,JAX,16,30,195,0,3,5,-31,1,0,256,64,6,-20.349193572357763,-5.6293871896020296,0,13,54,0,0,0,3,-0.6313210379739758,0,16,29,195,0,0,0,256,64,6,-12.302835324953776,0,0,51,5,17,7,9,0,0.0,0.0,2,0,0,3,0,2,0,0,1,1,0,0,0,5,30,4,3,19,3,58,0,0,0,0,,,0,0,0,0,0,0,0,0,0,0,0,0,,,,0,0,0,0,0,0,0,,0,0,0,0,0
2022,2,JAX,REG,IND,25,30,235,2,0,0,0,0,0,197,137,14,17.55709814446109,14.291357398033142,0,37,96,1,0,0,6,-10.236190392024582,0,25,30,235,2,0,0,197,137,14,17.55709814446109,0,0,29,3,17,5,33,1,5.0,31.0,11,3,24,11,0,0,0,0,0,0,0,0,0,3,19,3,2,7,0,0,1,1,0,0,52.0,1.0,0,0,0,0,1,0,0,0,0,0,0,0,52,,,52,0,0,3,3,0,0,1.0,0,0,0,0,0
2022,2,KC,REG,LAC,24,35,235,2,0,1,-9,0,0,249,103,11,4.842983256522691,4.277011752128601,0,18,93,0,0,0,2,-2.626028408005368,0,24,34,235,2,0,0,249,103,11,7.369047292703888,0,0,44,2,28,4,15,0,2.0,8.0,8,1,99,6,1,0,0,0,0,0,0,0,0,6,54,0,2,6,0,0,2,2,0,0,31.0,1.0,1,0,1,0,0,0,0,0,0,0,0,0,19;31,,,50,0,0,3,3,0,0,1.0,0,0,0,0,0
2022,2,LA,REG,ATL,27,36,272,3,2,1,0,0,0,249,122,16,6.490207429602901,7.881441542080471,0,26,65,1,0,0,6,-0.6620441596605815,0,27,35,272,3,1,1,249,122,16,2.4761525159470463,0,0,30,8,28,4,21,1,3.0,25.0,6,2,76,3,0,0,0,0,0,0,1,1,0,3,61,5,1,-1,1,15,1,1,0,0,20.0,1.0,0,1,0,0,0,0,0,0,0,0,0,0,20,,,20,0,0,4,4,0,0,1.0,0,0,0,0,0
2022,2,LAC,REG,KC,33,48,334,3,1,2,-8,0,0,251,178,15,-0.9218983927798559,4.18819441743519,0,24,75,0,0,0,5,1.58587467065081,0,33,46,334,3,0,0,251,178,15,4.547684987954693,0,0,28,4,20,2,13,0,1.0,9.0,4,0,0,3,0,0,0,0,0,0,0,0,0,3,25,2,2,17,2,43,1,1,0,0,31.0,1.0,0,0,1,0,0,0,0,0,0,0,0,0,31,,,31,0,0,3,3,0,0,1.0,0,0,0,0,0
2022,2,LV,REG,ARI,25,39,252,2,0,1,-8,0,0,233,146,14,4.559405542950982,-5.870755284260481,0,21,80,0,0,0,5,-1.2130112897139043,0,25,39,252,2,2,1,233,146,14,-1.3438713126407031,0,0,43,2,34,1,7,0,1.0,7.0,5,1,7,7,0,0,0,0,1,1,0,0,0,10,68,7,0,0,0,0,3,3,0,0,55.0,1.0,0,1,1,0,1,0,0,0,0,0,0,0,32;55;25,,,112,0,0,2,2,0,0,1.0,0,0,0,0,0
2022,2,MIA,REG,BAL,36,50,469,6,2,1,-8,0,0,362,220,22,26.893467999441782,3.1503377556800842,0,18,86,0,0,0,5,4.039420544024324,0,36,50,469,6,0,0,362,220,22,28.426769364770735,0,0,31,5,21,2,2,0,0.0,0.0,0,0,0,2,0,0,0,0,0,0,0,0,0,8,51,5,1,8,1,18,0,0,0,0,,,0,0,0,0,0,0,0,0,0,0,0,0,,,,0,0,0,6,6,0,0,1.0,0,0,0,0,0
2022,2,MIN,REG,PHI,27,46,221,1,3,2,-19,1,0,270,104,16,-14.012142173654865,-7.50509950849745,0,11,62,0,0,0,3,1.4072229624143802,0,27,45,221,1,0,0,270,104,16,-7.686124744825065,0,0,56,7,15,7,19,0,3.0,10.0,6,1,19,2,0,0,0,27,1,1,0,0,0,5,25,3,2,5,2,42,0,0,0,0,,,0,0,0,0,0,0,0,0,0,0,0,0,,,,0,0,0,1,1,0,0,1.0,0,0,0,0,0
2022,2,NE,REG,PIT,21,35,252,1,1,0,0,0,0,327,86,10,5.173929219022855,-5.1140595008345215,0,31,124,1,0,0,9,0.14005318575073034,0,21,34,252,1,0,0,327,86,10,7.007347094016612,0,0,27,5,29,3,16,0,3.0,16.0,3,1,13,7,0,0,0,0,0,0,1,1,0,7,55,4,3,21,3,85,1,2,1,0,28.0,0.5,0,1,0,0,0,0,0,0,0,0,1,0,28,52,,28,52,0,2,2,0,0,1.0,0,0,0,0,0
2022,2,NO,REG,TB,25,40,236,1,3,6,-28,1,0,534,62,10,-16.173835056306178,-2.2543680667877197,0,20,100,0,1,1,6,-5.774535671807826,0,25,40,236,1,2,1,534,62,10,-15.9366710954307,0,0,31,2,34,3,3,0,1.0,2.0,3,0,0,6,0,0,0,0,1,1,1,1,0,9,60,3,1,-6,2,65,1,1,0,0,31.0,1.0,0,0,1,0,0,0,0,0,0,0,0,0,31,,,31,0,0,1,1,0,0,1.0,0,0,0,0,0
2022,2,NYG,REG,CAR,22,34,176,1,0,3,-14,0,0,201,69,8,-2.6626167686558873,-1.638153102248907,0,33,103,0,0,0,8,-7.784589289550668,0,22,32,176,1,0,0,201,69,8,2.8441450147363128,0,0,33,4,16,4,19,3,2.0,16.0,4,0,0,4,0,0,0,0,0,0,2,2,0,8,62,1,0,0,0,0,4,4,0,0,56.0,1.0,0,0,2,0,2,0,0,0,0,0,0,0,36;33;52;56,,,177,0,0,1,1,0,0,1.0,0,0,0,0,0
2022,2,NYJ,REG,CLE,27,45,324,4,0,2,-15,1,1,425,131,16,16.154207426053315,0.9876313944195592,0,20,93,0,0,0,3,1.6420931167667732,0,27,43,324,4,1,0,425,131,16,22.877418612467434,0,0,40,7,29,2,8,0,1.0,8.0,5,1,14,3,0,0,0,0,1,1,0,0,0,8,57,6,1,16,3,75,1,1,0,0,57.0,1.0,0,0,0,0,1,0,0,0,0,0,0,0,57,,,57,0,0,4,4,0,0,1.0,0,0,0,0,0
2022,2,PHI,REG,MIN,26,31,333,1,1,3,-10,0,0,287,141,13,11.850195301556024,15.000109903274044,0,34,163,2,1,0,11,4.933305451620291,0,26,31,333,1,0,0,287,141,13,15.0615006679194,0,0,31,2,22,3,9,1,2.0,19.0,7,3,21,11,0,0,0,0,1,2,0,0,0,8,60,3,3,14,2,13,1,2,0,1,38.0,0.5,0,0,1,0,0,0,0,0,0,0,0,0,38,,41,38,0,41,3,3,0,0,1.0,0,0,0,0,0
2022,2,PIT,REG,NE,21,33,168,1,1,3,-16,0,0,258,76,11,-4.774560925955614,-4.909001290798187,1,22,91,0,0,0,5,1.081212905002758,0,21,32,168,1,0,0,258,76,11,-1.2153104452146586,1,0,35,5,33,0,0,0,0.0,0.0,3,1,13,5,0,1,0,0,0,0,0,0,0,3,20,5,1,0,0,0,2,2,0,0,52.0,1.0,0,0,1,0,1,0,0,0,0,0,0,0,36;52,,,88,0,0,0,0,0,0,,0,0,0,0,0
2022,2,SEA,REG,SF,24,31,197,0,2,2,-17,0,0,170,84,10,-12.785000242321985,11.902240812778473,0,14,36,0,0,0,3,-3.794949387462111,0,24,30,197,0,0,0,170,84,10,-7.906785610859515,0,1,49,9,19,7,15,1,1.0,0.0,4,0,0,2,0,1,0,86,0,0,0,0,0,10,106,6,1,0,3,46,0,0,0,0,,,0,0,0,0,0,0,0,0,0,0,0,0,,,,0,0,0,1,1,0,0,1.0,0,0,0,0,0
2022,2,SF,REG,SEA,15,24,184,1,0,1,0,0,0,180,110,8,1.6110540224646304,-3.375514099995295,0,45,189,2,1,0,12,0.36184876352174555,0,15,24,184,1,0,0,180,110,8,2.665117472660457,0,0,30,4,18,6,24,0,2.0,17.0,9,2,23,5,0,0,0,0,2,2,1,1,0,1,26,2,3,23,0,0,2,3,0,1,33.0,0.6666666666666666,0,1,1,0,0,0,0,0,0,0,0,0,20;33,,20,53,0,20,3,3,0,0,1.0,0,0,0,0,0
2022,2,TB,REG,NO,18,34,190,1,0,1,-2,0,0,314,85,8,2.4287069754605843,-13.116214401794203,0,30,72,0,1,1,3,-20.559661232691724,0,18,33,190,1,0,0,314,85,8,4.4097510055104,0,0,35,1,29,3,17,3,6.0,28.0,9,3,92,6,1,0,0,0,0,0,2,2,0,8,101,0,2,17,1,14,2,2,0,0,47.0,1.0,0,0,0,2,0,0,0,0,0,0,0,0,47;47,,,94,0,0,2,2,0,0,1.0,0,0,0,0,0
2022,2,TEN,REG,BUF,12,24,123,0,2,2,-16,0,0,203,43,6,-13.474289584555663,-15.225819401119066,0,27,80,1,1,1,6,-6.67878994718194,0,12,23,123,0,0,0,203,43,6,-10.030698670831043,0,0,41,6,12,2,9,0,1.0,4.0,3,0,0,4,0,2,0,0,1,1,0,0,0,9,87,1,2,0,2,40,0,0,0,0,,,0,0,0,0,0,0,0,0,0,0,0,0,,,,0,0,0,1,1,0,0,1.0,0,0,0,0,0
2022,2,WAS,REG,DET,30,46,337,3,1,5,-29,1,0,415,138,15,2.447075802920386,0.4541925408623435,1,21,88,1,0,0,6,1.2977709710830823,0,30,44,337,3,0,0,415,138,15,13.570678491931409,1,0,32,3,23,3,22,0,3.0,22.0,10,0,0,5,0,0,0,0,0,0,0,0,0,2,17,3,3,33,6,128,0,0,0,0,,,0,0,0,0,0,0,0,0,0,0,0,0,,,,0,0,0,1,2,1,0,0.5,0,0,0,0,0
2022,3,ARI,REG,LA,37,58,314,0,0,2,-19,0,0,356,166,15,-4.847388461670525,-5.4510592872446235,0,21,70,0,0,0,8,1.8719848146720324,0,37,55,314,0,0,0,356,166,15,1.2070950076140798,0,0,29,4,18,3,13,1,1.0,10.0,5,0,0,0,0,0,0,0,1,1,1,1,0,6,50,5,3,12,0,0,4,4,0,0,49.0,1.0,0,1,1,2,0,0,0,0,0,0,0,0,23;43;49;31,,,146,0,0,0,0,0,0,,0,0,0,0,0
2022,3,ATL,REG,SEA,13,20,229,1,1,3,-22,1,0,329,93,13,14.931650731732255,12.668762708965101,0,31,179,2,1,1,9,1.6858298902516253,0,13,19,229,1,0,0,329,93,13,19.860114861267963,0,0,44,6,18,5,25,0,2.0,17.0,5,1,12,8,0,0,0,0,1,1,0,0,0,2,15,0,1,6,0,0,2,2,0,0,54.0,1.0,0,0,0,1,1,0,0,0,0,0,0,0,41;54,,,95,0,0,3,3,0,0,1.0,0,0,0,0,0
2022,3,BAL,REG,NE,18,29,218,4,1,4,-12,0,0,276,113,11,7.165284686279039,4.0227853589587745,0,26,188,1,0,0,8,11.054779803031124,0,18,27,218,4,1,1,276,113,11,6.722014592051993,0,0,45,3,17,5,26,2,3.0,19.0,4,3,8,6,0,0,0,0,0,0,1,1,0,2,10,2,2,55,1,25,1,1,0,0,56.0,1.0,0,0,0,0,1,0,0,0,0,0,0,0,56,,,56,0,0,4,5,1,0,0.8,0,0,0,0,0
2022,3,BUF,REG,MIA,42,63,400,2,0,4,-18,2,1,378,210,21,6.244457545121078,4.33328768663239,0,23,115,0,1,0,10,3.3039236422628164,0,42,57,400,2,0,0,378,210,21,19.072248330617025,0,0,22,3,19,2,9,0,2.0,15.0,3,0,0,3,0,1,1,0,3,4,0,0,0,7,52,6,3,32,1,17,1,2,0,1,30.0,0.5,0,0,1,0,0,0,0,0,0,0,0,0,30,,38,30,0,38,2,2,0,0,1.0,0,0,0,0,0
2022,3,CAR,REG,NO,12,25,170,1,0,3,-22,0,0,157,146,5,-4.784538739791833,-19.410808011889458,0,31,145,0,0,0,7,-3.1941818412886933,0,12,24,170,1,0,0,157,146,5,-0.8282983858606257,0,0,40,2,14,3,13,1,1.0,11.0,6,2,0,8,0,0,0,0,0,0,1,1,1,4,40,4,3,22,2,54,3,3,0,0,48.0,1.0,0,0,1,2,0,0,0,0,0,0,0,0,45;48;34,,,127,0,0,1,1,0,0,1.0,0,0,0,0,0
2022,3,CHI,REG,HOU,8,17,106,0,2,5,-24,0,0,153,45,5,-7.725099677134398,-18.994330801069736,0,40,281,2,1,0,15,5.64998476683994,0,8,16,106,0,0,0,153,45,5,-0.6918645281111822,0,0,25,9,33,4,18,3,1.0,8.0,3,2,18,6,0,0,0,0,2,3,0,0,0,6,32,2,2,1,3,52,3,3,0,0,50.0,1.0,0,0,1,1,1,0,0,0,0,0,0,0,47;50;30,,,127,0,0,2,2,0,0,1.0,1,1,0,0,30
2022,3,CIN,REG,NYJ,23,36,275,3,0,2,-14,0,0,279,129,12,16.391320567352906,4.036683227334704,0,28,69,0,0,0,6,-8.106324765264253,0,23,35,275,3,1,1,279,129,12,14.347202432233118,0,0,39,6,24,5,11,3,4.0,33.0,10,2,42,8,0,1,0,0,1,1,2,2,0,5,30,5,2,23,0,0,2,3,1,0,43.0,0.6666666666666666,0,1,0,1,0,0,0,0,0,1,0,0,22;43,41,,65,41,0,3,3,0,0,1.0,0,0,0,0,0
2022,3,CLE,REG,PIT,21,31,220,2,0,2,-15,0,0,201,119,12,1.4553319280582349,-0.775478636064837,0,38,171,1,0,0,10,6.467135793180205,0,21,31,220,2,0,0,201,119,12,5.673901432329962,0,0,27,8,18,2,5,1,1.0,3.0,2,0,0,4,0,0,0,0,0,0,1,1,1,5,24,4,2,11,2,27,1,1,0,0,34.0,1.0,0,0,1,0,0,0,0,0,0,0,0,0,34,,,34,0,0,2,3,1,0,0.6666666666666666,0,0,0,0,0
2022,3,DAL,REG,NYG,21,31,215,1,0,0,0,0,0,251,92,12,3.3870945778639845,4.315011004606883,0,30,176,1,0,0,9,5.492947179765906,0,21,30,215,1,0,0,251,92,12,3.9578007214899964,0,0,45,2,8,6,29,0,5.0,27.0,12,1,7,5,0,0,0,0,0,0,0,0,0,8,70,3,1,28,1,24,3,4,1,0,44.0,0.75,0,2,0,1,0,0,0,0,0,0,1,0,26;28;44,59,,98,59,0,2,2,0,0,1.0,0,0,0,0,0
2022,3,DEN,REG,SF,20,33,184,0,0,4,-24,0,0,246,89,8,-11.769869906098062,-4.8573266714811325,0,33,101,1,1,0,5,-8.25798084449271,0,20,32,184,0,1,0,246,89,8,-4.978073292031364,0,0,27,8,24,5,33,1,4.0,32.0,6,1,1,6,0,0,1,0,2,2,2,2,0,5,30,4,1,9,1,14,1,2,1,0,55.0,0.5,0,0,0,0,1,0,0,0,0,0,1,0,55,53,,55,53,0,0,0,0,0,,0,0,0,0,0
2022,3,DET,REG,MIN,25,41,277,1,1,0,0,0,0,349,132,14,7.573382338863795,-1.3211958311699532,0,35,139,2,0,0,6,-4.477363706035689,0,25,37,277,1,0,0,349,132,14,9.239989896019452,0,0,35,14,20,1,10,0,1.0,10.0,7,0,0,3,0,0,0,0,0,0,1,1,0,7,59,4,2,23,3,60,1,3,2,0,40.0,0.3333333333333333,0,0,0,1,0,0,0,0,0,1,1,0,40,48;54,,40,102,0,3,3,0,0,1.0,0,0,0,0,0
2022,3,GB,REG,TB,27,35,255,2,1,1,-7,0,0,177,178,11,4.507947998121381,10.921984735657187,0,25,67,0,0,0,4,-7.538503345043864,0,27,34,255,2,2,1,177,178,11,2.623922173777828,0,0,37,1,17,5,24,2,3.0,20.0,4,0,0,3,0,0,0,0,1,1,2,2,0,8,65,5,2,21,0,0,0,0,0,0,,,0,0,0,0,0,0,0,0,0,0,0,0,,,,0,0,0,2,2,0,0,1.0,0,0,0,0,0
2022,3,HOU,REG,CHI,20,32,245,1,2,1,-8,0,0,238,141,9,-5.738881866280412,-2.3164170403634348,0,24,92,1,2,0,6,0.32811154325959624,0,20,31,245,1,0,0,238,141,9,-2.871596021294085,0,0,37,10,22,5,29,0,5.0,24.0,8,2,22,3,0,1,0,0,3,3,0,0,0,3,25,5,1,31,0,0,2,2,0,0,39.0,1.0,0,1,1,0,0,0,0,0,0,0,0,0,39;23,,,62,0,0,2,2,0,0,1.0,0,0,0,0,0
2022,3,IND,REG,KC,27,37,222,2,0,5,-45,2,1,178,103,12,-4.035991191169194,2.017368624607722,0,27,82,0,0,0,5,-6.89726418844657,0,27,36,222,2,0,0,178,103,12,8.370536765173131,0,0,38,3,19,4,12,0,1.0,5.0,5,1,0,6,0,0,0,0,1,1,1,1,0,4,34,2,1,10,2,57,2,2,0,0,51.0,1.0,0,0,0,1,1,0,0,0,0,0,0,0,43;51,,,94,0,0,2,2,0,0,1.0,0,0,0,0,0
2022,3,JAX,REG,LAC,28,39,262,3,0,0,0,0,0,186,172,16,14.726599713194862,2.213003917744285,1,36,151,1,0,0,8,1.3501588015138934,0,28,38,262,3,0,0,186,172,16,15.724512120523702,1,0,30,7,13,2,8,1,1.0,11.0,6,1,10,9,0,0,0,0,0,0,1,1,0,2,10,1,3,18,0,0,3,3,0,0,23.0,1.0,0,3,0,0,0,0,0,0,0,0,0,0,22;23;23,,,68,0,0,3,3,0,0,1.0,0,0,0,0,0
2022,3,KC,REG,IND,20,36,262,1,1,1,-5,0,0,293,162,12,4.202813777472393,-6.757246364246715,1,23,58,1,0,0,6,-2.043155547333299,0,20,33,262,1,0,0,293,162,12,7.949852663892787,1,0,34,11,41,4,25,2,5.0,45.0,10,0,0,1,0,1,0,0,1,1,1,1,0,6,45,4,2,12,5,94,1,2,1,0,26.0,0.5,0,1,0,0,0,0,0,0,1,0,0,0,26,34,,26,34,0,0,1,1,0,0.0,0,0,0,0,0
2022,3,LA,REG,ARI,18,25,249,0,0,1,-10,0,0,220,180,10,10.104670594767429,6.151381611824036,0,20,100,2,1,1,5,-2.7040285373223014,0,18,25,249,0,0,0,220,180,10,12.304157746811159,0,0,52,6,16,4,21,0,2.0,19.0,5,0,0,3,0,0,0,0,0,0,0,0,0,6,35,4,4,44,1,31,2,2,0,0,40.0,1.0,0,1,0,1,0,0,0,0,0,0,0,0,22;40,,,62,0,0,2,2,0,0,1.0,0,0,0,0,0
2022,3,LAC,REG,JAX,25,45,297,1,1,1,-11,1,1,352,173,13,-9.057817167235074,-6.741548202386716,0,12,26,0,0,0,3,-5.774581962090451,0,25,41,297,1,0,0,352,173,13,-0.6703096337150782,0,0,44,9,25,5,9,0,0.0,0.0,2,0,0,4,0,0,0,0,0,0,0,0,0,7,54,2,1,6,2,41,1,1,0,0,25.0,1.0,0,1,0,0,0,0,0,0,0,0,0,0,25,,,25,0,0,1,1,0,0,1.0,0,0,0,0,0
2022,3,LV,REG,TEN,27,45,307,2,1,1,-7,0,0,399,95,14,5.4272458797724985,6.291560465242805,0,19,96,0,1,0,7,1.193021609535208,0,27,41,307,2,0,0,399,95,14,7.494768337398681,0,0,30,11,19,1,3,1,1.0,12.0,5,1,13,5,0,0,0,0,0,0,0,0,0,6,44,4,1,13,1,23,3,3,0,0,35.0,1.0,0,1,2,0,0,0,0,0,0,0,0,0,21;32;35,,,88,0,0,1,1,0,0,1.0,0,0,0,0,0
2022,3,MIA,REG,BUF,13,20,186,1,0,2,-15,0,0,179,44,8,6.804223442450166,-3.547494113445282,0,17,41,2,0,0,4,-1.5777344451344106,0,13,20,186,1,0,0,179,44,8,8.754872674646322,0,0,52,8,28,2,3,2,4.0,18.0,11,0,0,9,0,0,0,0,0,0,1,1,0,4,20,6,0,0,3,54,0,0,0,0,,,0,0,0,0,0,0,0,0,0,0,0,0,,,,0,0,0,3,3,0,0,1.0,0,0,0,0,0
2022,3,MIN,REG,DET,24,41,260,2,0,1,-10,0,0,334,119,16,-1.3892486248680438,-4.949590724867743,0,25,123,2,1,1,10,-0.35691658945870586,0,24,37,260,2,0,0,334,119,16,3.449538867205563,0,0,43,15,23,4,9,0,0.0,0.0,2,1,0,7,0,1,0,0,1,1,0,0,0,3,15,6,2,20,5,115,0,2,2,0,,0.0,0,0,0,0,0,0,0,0,0,0,2,0,,56;56,,0,112,0,4,4,0,0,1.0,0,0,0,0,0
2022,3,NE,REG,BAL,22,32,321,0,3,3,-19,0,0,386,111,12,-0.06652070157899115,6.43150620162487,0,28,145,3,0,0,10,4.419780611642636,0,22,32,321,0,2,1,386,111,12,0.7602198592413351,0,0,32,6,18,4,16,1,4.0,12.0,5,1,15,2,0,1,0,0,2,2,1,1,0,3,16,5,2,13,2,45,2,2,0,0,50.0,1.0,0,0,1,0,1,0,0,0,0,0,0,0,35;50,,,85,0,0,2,2,0,0,1.0,0,0,0,0,0
2022,3,NO,REG,CAR,25,41,353,1,2,1,-11,0,0,488,78,14,7.925139243444096,4.1905217827894745,0,22,84,1,3,1,6,-11.858931054535788,0,25,39,353,1,0,0,488,78,14,11.113114431108466,0,0,34,4,30,3,15,0,3.0,22.0,6,0,0,4,0,0,0,0,2,3,0,0,0,7,58,5,2,17,3,56,0,2,1,1,,0.0,0,0,0,0,0,0,0,0,0,1,0,0,,48,30,0,48,30,2,2,0,0,1.0,0,0,0,0,0
2022,3,NYG,REG,DAL,20,37,196,0,1,5,-27,0,0,266,121,8,-11.688326053001752,-6.584755703806877,0,25,167,1,0,0,11,7.112320865271613,0,20,32,196,0,0,0,266,121,8,-0.9673281445515518,0,0,24,13,37,0,0,0,0.0,0.0,2,0,0,3,0,0,0,0,0,0,0,0,0,8,57,4,2,1,0,0,3,4,0,1,51.0,0.75,0,0,0,1,2,0,0,0,0,0,0,0,42;51;51,,47,144,0,47,1,1,0,0,1.0,0,0,0,0,0
2022,3,NYJ,REG,CIN,28,52,285,0,2,4,-33,3,2,524,120,13,-23.438705922635535,-4.26085302606225,0,20,76,0,0,0,4,-0.9690781486569904,0,28,48,285,0,0,0,524,120,13,-10.602944899512426,0,0,36,8,20,6,27,1,2.0,14.0,9,0,0,4,0,0,0,0,1,1,1,1,0,4,55,6,1,10,1,20,4,4,0,0,52.0,1.0,0,0,0,2,2,0,0,0,0,0,0,0,50;40;52;43,,,185,0,0,0,0,0,0,,0,0,0,0,0
2022,3,PHI,REG,WAS,22,35,340,3,0,3,-12,0,0,392,153,16,15.406067822882267,4.08487955436987,0,30,72,0,0,0,3,-15.392150702682557,0,22,34,340,3,0,0,392,153,16,21.167727727847467,0,0,42,6,20,6,34,2,9.0,58.0,17,0,0,4,0,1,0,0,1,1,1,1,0,5,52,3,6,46,0,0,1,1,0,0,32.0,1.0,0,0,1,0,0,0,0,0,0,0,0,0,32,,,32,0,0,3,3,0,0,1.0,0,0,0,0,0
2022,3,PIT,REG,CLE,20,32,207,0,0,1,-3,0,0,392,22,10,-1.414333593808747,0.1488775946199894,0,22,104,2,1,0,9,6.26062554505188,0,20,32,207,0,0,0,392,22,10,-6.993774306461033,0,0,43,9,27,3,14,0,2.0,15.0,4,0,0,4,0,0,0,0,1,1,0,0,0,5,25,6,0,0,1,18,1,2,1,0,34.0,0.5,0,0,1,0,0,0,0,0,0,1,0,0,34,49,,34,49,0,2,2,0,0,1.0,0,0,0,0,0
2022,3,SEA,REG,ATL,32,44,325,2,1,2,-17,0,0,412,102,15,11.882529247147998,9.71766391938383,0,23,112,0,0,0,8,1.3932487106067128,0,32,44,325,2,0,0,412,102,15,15.337861283801997,0,0,29,7,19,2,15,1,3.0,22.0,6,1,7,2,0,0,0,0,0,0,1,1,0,6,47,4,0,0,2,52,3,3,0,0,32.0,1.0,0,1,2,0,0,0,0,0,0,0,0,0,32;31;25,,,88,0,0,2,2,0,0,1.0,0,0,0,0,0
2022,3,SF,REG,DEN,18,29,211,1,1,4,-32,0,0,242,82,9,-5.718365225647711,-6.491429024729236,0,19,88,0,1,1,4,-6.510520787560381,0,18,29,211,1,1,1,242,82,9,-3.750698675981392,0,0,33,10,38,5,30,2,4.0,24.0,9,0,0,5,0,1,0,0,1,1,0,0,0,7,40,4,5,40,2,23,1,1,0,0,51.0,1.0,0,0,0,0,1,0,0,0,0,0,0,0,51,,,51,0,0,1,1,0,0,1.0,0,0,0,0,0
2022,3,TB,REG,GB,31,42,271,1,0,3,-20,0,0,236,124,15,0.1297493004336464,4.887816309928894,0,14,34,0,1,0,2,-4.266597459529294,0,31,40,271,1,2,2,236,124,15,-1.656978672243394,0,0,41,5,19,3,10,2,1.0,7.0,6,1,0,1,0,0,0,0,1,2,1,1,0,6,40,4,3,26,1,20,2,2,0,0,45.0,1.0,0,0,0,2,0,0,0,0,0,0,0,0,45;45,,,90,0,0,0,0,0,0,,0,0,0,0,0
2022,3,TEN,REG,LV,19,27,264,1,1,1,-12,1,0,192,130,13,12.199781181290746,6.321289447637705,0,27,109,2,0,0,6,-3.8361951793719546,0,19,26,264,1,0,0,192,130,13,13.851908780634403,0,0,32,8,22,3,12,1,1.0,7.0,5,1,24,6,0,0,0,0,1,1,0,0,0,7,85,6,1,21,1,29,1,1,0,0,48.0,1.0,0,0,0,1,0,0,0,0,0,0,0,0,48,,,48,0,0,3,3,0,0,1.0,0,0,0,0,0
2022,3,WAS,REG,PHI,25,43,211,0,0,9,-58,2,1,339,61,11,-21.639163096915464,-7.614117647920336,0,22,87,1,0,0,5,-1.6307613979442976,0,25,42,211,0,0,0,339,61,11,-0.8982817463837564,0,0,42,4,24,5,16,0,3.0,12.0,6,0,0,7,0,0,1,0,1,1,0,0,0,4,48,5,0,0,1,29,0,0,0,0,,,0,0,0,0,0,0,0,0,0,0,0,0,,,,0,0,0,0,0,0,0,,0,0,0,0,0
2022,4,ARI,REG,CAR,23,32,207,2,1,1,-1,0,0,180,87,10,-1.5253838152232309,5.536934060435141,0,37,132,1,1,0,9,-5.0723191369907,0,23,31,207,2,0,0,180,87,10,0.5324651217857648,0,0,28,4,22,3,19,1,2.0,17.0,3,2,24,8,0,0,0,0,1,1,1,1,0,7,61,3,3,12,2,43,2,2,0,0,39.0,1.0,0,0,2,0,0,0,0,0,0,0,0,0,33;39,,,72,0,0,2,2,0,0,1.0,0,0,0,0,0
2022,4,ATL,REG,CLE,7,19,139,0,1,1,-8,0,0,242,56,6,-5.13430580927494,-20.022118588288624,0,35,202,2,0,0,11,7.0422470506242725,0,7,18,139,0,0,0,242,56,6,-2.7647104452477493,0,0,40,5,33,2,14,1,1.0,8.0,7,1,0,4,0,0,0,0,1,1,1,1,0,1,15,1,1,18,0,0,3,3,0,0,45.0,1.0,0,1,1,1,0,0,0,0,0,0,0,0,30;21;45,,,96,0,0,2,2,0,0,1.0,0,0,0,0,0
2022,4,BAL,REG,BUF,20,29,144,1,2,2,-10,0,0,133,72,7,-9.215596661476843,-0.1654899546078273,0,33,162,1,0,0,13,6.634822606894886,0,20,28,144,1,0,0,133,72,7,-5.337622104998445,0,0,33,0,18,3,17,1,1.0,12.0,5,1,26,8,0,0,0,0,0,0,1,1,0,9,70,3,0,0,2,40,2,2,0,0,51.0,1.0,0,0,0,1,1,0,0,0,0,0,0,0,42;51,,,93,0,0,2,2,0,0,1.0,0,0,0,0,0
2022,4,BUF,REG,BAL,19,36,213,1,1,1,-12,0,0,268,93,14,2.057222143869666,-11.103929403950186,0,25,125,1,2,1,8,-3.4434295853384347,0,19,34,213,1,0,0,268,93,14,4.758601223299564,0,0,42,2,24,5,13,0,2.0,10.0,5,2,0,4,0,0,0,0,1,1,0,0,0,4,31,2,1,7,2,46,3,3,0,0,39.0,1.0,0,1,2,0,0,0,0,0,0,0,0,0,38;39;21,,,98,0,0,2,2,0,0,1.0,1,1,0,0,21
2022,4,CAR,REG,ARI,22,36,197,1,2,2,-17,0,0,214,106,8,-13.312966976399572,-10.249755448765224,0,13,40,0,1,1,4,-11.14367799309548,0,22,36,197,1,0,0,214,106,8,-9.491870503549968,0,0,43,2,36,5,12,1,1.0,1.0,1,1,33,3,1,1,0,0,1,2,0,0,0,6,76,5,2,28,4,62,1,1,0,0,54.0,1.0,0,0,0,0,1,0,0,0,0,0,0,0,54,,,54,0,0,1,1,0,0,1.0,0,0,0,0,0
2022,4,CHI,REG,NYG,11,22,174,0,0,6,-19,1,1,218,74,6,-5.692618864195197,-7.758471965789795,0,32,149,0,0,0,7,0.4785809503174683,0,11,20,174,0,1,1,218,74,6,6.101139205522827,0,0,35,9,33,1,11,2,1.0,11.0,2,1,-3,1,0,1,0,0,3,7,1,1,0,5,65,6,2,19,2,44,4,4,0,0,40.0,1.0,0,2,1,1,0,0,0,0,0,0,0,0,29;22;40;35,,,126,0,0,0,0,0,0,,0,0,0,0,0
2022,4,CIN,REG,MIA,21,32,310,2,0,1,-6,0,0,325,149,11,16.374134036724662,3.331374190747738,0,30,67,1,0,0,4,-9.542226496824032,0,21,32,310,2,0,0,325,149,11,18.56159006386364,0,0,38,2,16,4,15,0,1.0,10.0,9,2,46,5,0,0,0,0,0,0,0,0,0,6,74,3,1,23,0,0,2,2,0,0,57.0,1.0,1,0,0,0,1,0,0,0,0,0,0,0,19;57,,,76,0,0,3,3,0,0,1.0,0,0,0,0,0
2022,4,CLE,REG,ATL,21,35,234,0,1,1,-8,0,0,281,74,9,-1.004216203155044,-5.525882158960615,0,35,177,2,0,0,13,9.660102166497381,0,21,35,234,0,1,1,281,74,9,-4.829418389805175,0,0,33,4,12,5,17,0,1.0,8.0,5,1,0,5,0,0,0,0,0,0,0,0,0,7,51,3,2,7,2,34,2,2,0,0,45.0,1.0,0,1,0,1,0,0,0,0,0,0,0,0,29;45,,,74,0,0,2,2,0,0,1.0,0,0,0,0,0
2022,4,DAL,REG,WAS,15,27,223,2,0,1,-6,0,0,215,85,9,1.6457277057111948,-7.8718271393042345,0,29,62,0,0,0,2,-12.088842527569888,0,15,26,223,2,0,0,215,85,9,5.232488433632696,0,0,46,2,18,6,21,1,2.0,15.0,11,2,4,4,0,0,0,0,0,0,0,0,0,4,20,0,1,-3,0,0,4,4,0,0,53.0,1.0,0,2,0,1,1,0,0,0,0,0,0,0,53;45;28;29,,,155,0,0,1,2,0,1,0.5,0,0,0,0,0
2022,4,DEN,REG,LV,17,25,237,2,0,3,-23,0,0,284,70,7,-1.0258299756387474,0.2783467769622803,0,20,85,1,1,1,5,-8.14897477714112,0,17,25,237,2,0,0,284,70,7,5.180104628292635,0,0,45,7,25,6,26,0,2.0,15.0,5,0,0,4,0,0,0,0,0,0,0,0,0,7,50,3,3,66,0,0,1,1,0,0,28.0,1.0,0,1,0,0,0,0,0,0,0,0,0,0,28,,,28,0,0,2,3,1,0,0.6666666666666666,0,0,0,0,0
2022,4,DET,REG,SEA,27,40,384,4,1,1,-9,0,0,393,167,19,17.710765299761338,3.0753419185296083,1,25,145,2,0,0,6,5.89037413896597,1,27,39,384,4,1,1,393,167,19,14.669126991236483,1,0,41,6,14,3,8,1,0.0,0.0,3,0,0,3,0,0,0,0,0,0,1,1,0,8,59,6,0,0,3,62,1,1,0,0,49.0,1.0,0,0,0,1,0,0,0,0,0,0,0,0,49,,,49,0,0,2,4,2,0,0.5,0,0,0,0,0
2022,4,GB,REG,NE,21,35,251,2,1,1,-7,0,0,357,123,12,0.4257561758064674,0.5234921351075172,0,35,199,1,0,0,10,5.394113918672861,0,21,32,251,2,2,1,357,123,12,-0.07140766249298958,0,0,40,7,25,6,24,1,4.0,32.0,6,0,0,0,0,0,0,0,1,1,1,1,0,4,40,6,2,11,3,66,2,2,0,0,38.0,1.0,0,0,2,0,0,0,0,0,0,0,0,0,38;31,,,69,0,0,3,3,0,0,1.0,1,1,0,0,31
2022,4,HOU,REG,LAC,26,35,246,2,2,4,-31,1,0,256,107,11,-8.713956958995084,5.257619874817984,0,14,131,1,0,0,2,5.118998403137084,0,26,35,246,2,0,0,256,107,11,-0.7040121105116546,0,0,32,15,25,3,7,1,1.0,2.0,2,0,0,2,0,0,0,0,1,1,1,1,0,9,67,5,2,8,1,24,1,2,1,0,40.0,0.5,0,0,0,1,0,0,0,0,0,1,0,0,40,46,,40,46,0,3,3,0,0,1.0,0,0,0,0,0
2022,4,IND,REG,TEN,27,37,356,2,1,3,-29,2,1,236,151,17,8.751449945375946,4.664951645665699,0,23,38,0,1,1,3,-13.818293811113108,0,27,36,356,2,0,0,236,151,17,17.911198870133376,0,0,27,8,28,3,24,0,3.0,21.0,5,0,0,0,0,0,0,0,1,1,0,0,0,7,50,4,2,20,0,0,1,2,1,0,27.0,0.5,0,1,0,0,0,0,0,0,0,0,1,0,27,51,,27,51,0,2,2,0,0,1.0,0,0,0,0,0
2022,4,JAX,REG,PHI,11,23,174,2,1,4,-26,3,3,183,89,9,-8.892259932064917,-20.709057217058927,0,19,71,0,2,1,4,-6.324237727618311,0,11,23,174,2,0,0,183,89,9,4.527628515730612,0,0,41,6,44,6,17,0,2.0,13.0,5,1,59,5,1,0,0,0,1,1,0,0,0,4,38,5,2,8,3,70,0,0,0,0,,,0,0,0,0,0,0,0,0,0,0,0,0,,,,0,0,0,3,3,0,0,1.0,0,0,0,0,0
2022,4,KC,REG,TB,23,37,249,3,1,3,-21,0,0,262,123,17,8.595868970133946,1.5372101874912487,0,37,189,2,0,0,8,10.644858189305523,0,23,34,249,3,0,0,262,123,17,12.879159608751419,0,0,36,3,15,2,6,2,1.0,12.0,5,0,0,4,0,0,0,0,0,0,2,2,0,4,32,5,1,12,3,91,2,2,0,0,44.0,1.0,0,0,1,1,0,0,0,0,0,0,0,0,44;32,,,76,0,0,5,5,0,0,1.0,0,0,0,0,0
2022,4,LA,REG,SF,32,48,254,0,1,7,-54,1,1,253,130,16,-12.835558592648432,-1.5725785866379738,0,18,57,0,0,0,3,-3.1964808131834976,0,32,48,254,0,0,0,253,130,16,-1.3024533155995432,0,0,24,8,22,2,3,1,0.0,0.0,1,0,0,3,0,0,0,0,0,0,0,0,0,1,5,3,0,0,3,58,3,3,0,0,39.0,1.0,0,2,1,0,0,0,0,0,0,0,0,0,39;29;26,,,94,0,0,0,0,0,0,,0,0,0,0,0
2022,4,LAC,REG,HOU,27,39,340,2,0,1,-2,0,0,294,161,15,16.72019481801938,4.195729542422939,0,27,81,2,1,0,6,-5.033059903333196,0,27,37,340,2,0,0,294,161,15,18.74888733963992,0,0,29,6,24,6,33,1,4.0,31.0,10,2,39,5,0,0,0,0,1,1,0,0,0,6,61,4,2,24,4,68,2,2,0,0,37.0,1.0,0,1,1,0,0,0,0,0,0,0,0,0,23;37,,,60,0,0,4,4,0,0,1.0,0,0,0,0,0
2022,4,LV,REG,DEN,21,34,188,0,0,2,-15,0,0,278,81,11,-3.3126586472813533,-0.26650379101435345,0,38,212,2,0,0,14,2.823407827905612,0,21,30,188,0,0,0,278,81,11,4.269871874299309,0,0,28,1,21,7,30,1,3.0,23.0,4,0,0,1,0,0,0,0,0,0,1,1,1,4,25,3,3,7,2,49,4,4,0,0,39.0,1.0,0,2,2,0,0,0,0,0,0,0,0,0,26;39;22;30,,,117,0,0,2,3,1,0,0.6666666666666666,0,0,0,0,0
2022,4,MIA,REG,CIN,22,37,303,1,2,1,-10,0,0,380,114,13,-1.27106822175913,-0.2802039600080914,0,22,85,0,0,0,3,-1.014058047963772,0,22,36,303,1,0,0,380,114,13,0.8154718639700815,0,0,33,3,27,2,8,0,1.0,6.0,3,0,0,2,0,0,0,0,0,0,0,0,0,6,41,5,1,6,2,42,3,4,0,1,48.0,0.75,0,2,0,1,0,0,0,0,0,0,0,0,23;48;20,,52,91,0,52,0,1,1,0,0.0,0,0,0,0,0
2022,4,MIN,REG,NO,26,39,286,1,1,3,-23,0,0,291,101,15,1.907625132380819,6.674367019108364,0,25,81,1,0,0,3,-2.9482336279432593,0,26,35,286,1,0,0,291,101,15,12.18208245405771,0,0,31,7,27,2,8,2,2.0,9.0,3,0,0,5,0,0,0,0,0,0,2,2,0,5,35,4,2,23,2,53,5,5,0,0,47.0,1.0,0,2,1,2,0,0,0,0,0,0,0,0,28;36;24;46;47,,,181,0,0,1,2,1,0,0.5,1,1,0,0,47
2022,4,NE,REG,GB,15,21,136,1,0,4,-32,1,1,115,75,6,-6.8855368701307835,4.656888395547867,0,33,167,1,0,0,10,8.19226346357027,0,15,20,136,1,0,0,115,75,6,1.6065952231609466,0,0,35,10,38,1,7,1,1.0,7.0,3,1,40,2,1,0,0,0,0,0,1,1,0,7,75,7,2,49,4,111,1,1,0,0,37.0,1.0,0,0,1,0,0,0,0,0,0,0,0,0,37,,,37,0,0,3,3,0,0,1.0,0,0,0,0,0
2022,4,NO,REG,MIN,20,28,236,1,0,2,-9,1,1,311,56,11,7.587017989876083,8.306271476405007,1,27,111,2,0,0,8,2.6292090183123946,0,20,28,236,1,0,0,311,56,11,14.144794107980895,1,0,42,2,22,3,17,0,3.0,23.0,8,1,3,2,0,1,0,0,0,0,0,0,0,10,102,4,1,2,2,41,1,2,1,0,60.0,0.5,0,0,0,0,0,1,0,0,0,0,0,1,60,61,,60,61,0,2,2,0,0,1.0,0,0,0,0,0
2022,4,NYG,REG,CHI,9,16,82,0,1,1,-11,0,0,155,49,5,-2.6799178503570147,-5.74501911799113,0,44,262,2,1,0,14,7.0095405907988475,0,9,15,82,0,0,0,155,49,5,-0.29961358540458605,0,0,36,5,27,6,25,3,5.0,19.0,9,0,0,3,0,1,0,0,0,0,3,3,0,7,55,4,2,5,2,33,2,3,1,0,44.0,0.6666666666666666,0,0,0,2,0,0,0,0,1,0,0,0,44;43,37,,87,37,0,2,2,0,0,1.0,0,0,0,0,0
2022,4,NYJ,REG,PIT,19,37,254,2,2,1,-4,0,0,333,97,12,2.3473215623687587,-5.157012379530705,0,29,98,1,0,0,5,0.1636900665180292,0,19,33,254,2,0,0,333,97,12,6.75561543939855,0,0,31,7,39,3,26,1,3.0,26.0,7,4,4,8,0,0,0,0,1,1,0,0,0,7,64,4,0,0,1,14,1,1,0,0,38.0,1.0,0,0,1,0,0,0,0,0,0,0,0,0,38,,,38,0,0,3,3,0,0,1.0,0,0,0,0,0
2022,4,PHI,REG,JAX,16,25,204,0,1,2,-13,0,0,156,129,8,-12.090294387107127,-2.771796410282453,0,50,210,4,1,0,15,5.777658706880175,0,16,24,204,0,0,0,156,129,8,-8.281170186967932,0,0,26,4,14,2,3,3,3.0,15.0,3,1,5,4,0,0,0,0,1,2,4,4,0,3,20,2,1,2,3,69,1,1,0,0,28.0,1.0,0,1,0,0,0,0,0,0,0,0,0,0,28,,,28,0,0,2,3,1,0,0.6666666666666666,0,0,0,0,0
2022,4,PIT,REG,NYJ,17,26,204,0,4,3,-26,0,0,376,65,11,-5.207385622326651,7.1144691705703735,0,31,119,2,1,0,9,0.3839202456874773,0,17,25,204,0,0,0,376,65,11,-0.2189901333185844,0,0,33,6,28,4,10,0,1.0,4.0,6,2,60,4,0,1,0,0,2,3,0,0,0,8,55,6,3,16,1,7,2,2,0,0,59.0,1.0,0,0,0,0,2,0,0,0,0,0,0,0,51;59,,,110,0,0,2,2,0,0,1.0,0,0,0,0,0
2022,4,SEA,REG,DET,23,30,320,2,0,0,0,0,0,320,114,14,21.017963533494445,13.11806399246742,0,33,235,3,0,0,12,13.162847360013984,0,23,29,320,2,0,0,320,114,14,23.24658267511503,0,0,30,12,28,1,9,1,1.0,9.0,3,1,40,4,1,1,0,0,0,0,1,1,0,11,76,5,1,7,0,0,2,3,1,0,56.0,0.6666666666666666,0,1,0,0,1,0,0,0,1,0,0,0,56;25,39,,81,39,0,6,6,0,0,1.0,0,0,0,0,0
2022,4,SF,REG,LA,16,27,239,1,0,0,0,0,0,151,195,9,10.709715162152204,-8.402827501296997,0,22,88,1,0,0,4,-1.1082068460527807,0,16,25,239,1,0,0,151,195,9,11.527888893480192,0,0,48,2,18,9,55,1,7.0,54.0,11,1,52,5,1,0,0,0,1,1,1,1,0,4,25,4,2,34,1,21,1,2,1,0,25.0,0.5,0,1,0,0,0,0,0,0,0,1,0,0,25,42,,25,42,0,3,3,0,0,1.0,0,0,0,0,0
2022,4,TB,REG,KC,39,52,385,3,0,1,-12,1,1,326,205,23,9.511334128834488,5.98216698719905,0,6,3,1,0,0,2,-1.2294634003774263,0,39,52,385,3,0,0,326,205,23,15.332064738595573,0,0,45,4,32,4,23,0,3.0,21.0,6,1,33,4,0,0,0,0,0,0,0,0,0,5,40,4,0,0,2,51,1,1,0,0,45.0,1.0,0,0,0,1,0,0,0,0,0,0,0,0,45,,,45,0,0,4,4,0,0,1.0,0,0,0,0,0
2022,4,TEN,REG,IND,17,21,137,2,0,3,-21,0,0,90,86,9,-0.25513168909855466,9.470296189898537,0,28,127,1,0,0,7,0.9341439315467142,0,17,21,137,2,0,0,90,86,9,6.72834014820365,0,0,35,7,27,3,17,3,3.0,29.0,5,1,0,3,0,0,0,0,0,0,2,2,0,6,40,3,0,0,4,105,1,1,0,0,44.0,1.0,0,0,0,1,0,0,0,0,0,0,0,0,44,,,44,0,0,3,3,0,0,1.0,0,0,0,0,0
2022,4,WAS,REG,DAL,25,42,170,1,2,2,-15,0,0,297,113,10,-17.398125747048347,-6.166894398629665,0,27,142,0,0,0,6,-1.4499340670881793,0,25,40,170,1,1,0,297,113,10,-10.895463594647175,0,0,33,1,25,7,24,0,1.0,6.0,4,0,0,4,0,0,0,0,1,1,0,0,0,11,136,5,2,8,1,18,1,1,0,0,45.0,1.0,0,0,0,1,0,0,0,0,0,0,0,0,45,,,45,0,0,1,1,0,0,1.0,0,0,0,0,0
2022,5,ARI,REG,PHI,28,42,250,1,1,1,-11,0,0,293,144,16,6.109667795351785,1.829055108522114,0,26,124,1,0,0,7,-0.12381219299277291,0,28,38,250,1,0,0,293,144,16,10.780822381361897,0,0,42,5,33,5,16,0,2.0,21.0,6,0,0,4,0,0,0,0,0,0,0,0,0,2,15,6,1,10,1,19,1,2,1,0,20.0,0.5,0,1,0,0,0,0,0,0,0,1,0,0,20,43,,20,43,0,2,2,0,0,1.0,0,0,0,0,0
2022,5,ATL,REG,TB,14,25,147,1,0,5,-37,1,0,227,63,7,-1.4270499427833339,-6.350860744714737,1,31,151,1,0,0,10,6.576294122147374,0,14,24,147,1,0,0,227,63,7,7.8415174108087085,1,0,42,5,21,1,2,0,0.0,0.0,4,0,0,3,0,0,0,0,1,1,0,0,0,6,55,6,1,28,3,69,0,1,1,0,,0.0,0,0,0,0,0,0,0,0,0,0,1,0,,52,,0,52,0,1,1,0,0,1.0,0,0,0,0,0
2022,5,BAL,REG,CIN,19,32,174,1,1,1,-4,0,0,295,75,7,-5.673329834344466,4.638587379897082,0,28,155,0,0,0,13,3.0093763253708827,0,19,27,174,1,0,0,295,75,7,-2.3254308393645524,0,0,36,4,20,4,28,0,3.0,27.0,5,1,11,5,0,0,0,0,1,1,0,0,0,6,48,3,1,4,1,15,4,4,0,0,58.0,1.0,0,1,1,1,1,0,0,0,0,0,0,0,37;58;25;43,,,163,0,0,1,1,0,0,1.0,1,1,0,0,43
2022,5,BUF,REG,PIT,22,36,432,4,1,0,0,0,0,452,207,15,20.961507221161636,-0.3224215573734707,0,18,120,1,0,0,4,6.704902823956218,0,22,36,432,4,1,1,452,207,15,13.853595291004066,0,0,38,12,20,4,19,0,3.0,17.0,7,1,0,10,0,0,0,0,0,0,1,1,0,5,28,3,0,0,2,36,1,2,0,1,35.0,0.5,0,0,1,0,0,0,0,0,0,0,0,0,35,,49,35,0,49,5,5,0,0,1.0,0,0,0,0,0
2022,5,CAR,REG,SF,25,42,275,0,1,6,-31,0,0,347,123,10,-11.872238338286806,-4.763588681817055,0,17,64,1,0,0,4,0.33903949508396913,0,25,40,275,0,0,0,347,123,10,-0.3717485711672852,0,0,33,3,23,4,11,1,2.0,9.0,5,0,0,5,0,2,0,1,2,2,1,1,0,5,33,4,0,0,7,200,3,4,1,0,43.0,0.75,0,0,2,1,0,0,0,0,0,1,0,0,43;37;34,41,,114,41,0,0,0,0,0,,0,0,0,0,0
2022,5,CHI,REG,MIN,15,21,208,1,0,2,-15,1,0,173,121,9,7.49708183631057,2.3953582559313094,0,24,78,1,1,0,6,-1.6036104508734061,0,15,21,208,1,1,1,173,121,9,4.709056645606068,0,0,43,10,30,3,12,1,1.0,7.0,3,1,18,3,0,0,0,0,2,3,0,0,0,6,40,3,0,0,2,39,3,3,0,0,51.0,1.0,0,0,0,1,2,0,0,0,0,0,0,0,50;43;51,,,144,0,0,1,1,0,0,1.0,0,0,0,0,0
2022,5,CIN,REG,BAL,24,35,217,1,1,3,-27,0,0,120,161,10,-6.958786668817591,-1.5256566159865435,0,21,101,1,0,0,7,3.0946511419315357,0,24,34,217,1,0,0,120,161,10,-1.0093082752719056,0,0,34,7,21,1,4,0,1.0,4.0,4,1,0,3,0,0,0,0,0,0,0,0,0,4,20,6,0,0,2,54,1,1,0,0,40.0,1.0,0,0,0,1,0,0,0,0,0,0,0,0,40,,,40,0,0,2,2,0,0,1.0,0,0,0,0,0
2022,5,CLE,REG,LAC,21,34,230,1,1,0,0,0,0,312,58,15,6.987483583680025,4.218448605388403,0,31,213,3,0,0,11,4.416400167043321,0,21,32,230,1,0,0,312,58,15,7.588253180320046,0,0,39,10,24,1,1,0,1.0,1.0,2,0,0,4,0,0,0,0,0,0,0,0,0,6,65,5,0,0,3,64,0,2,2,0,,0.0,0,0,0,0,0,0,0,0,0,1,1,0,,45;54,,0,99,0,4,4,0,0,1.0,0,1,1,0,54
2022,5,DAL,REG,LA,10,16,102,0,0,3,-26,2,0,117,41,4,-6.667604514324781,-5.060111545026302,0,34,163,1,0,0,6,0.5983587778611109,0,10,16,102,0,0,0,117,41,4,-1.4687087942582782,0,0,42,2,14,6,26,2,5.0,35.0,11,1,3,2,0,0,0,14,2,2,2,2,1,5,42,3,1,12,0,0,3,3,0,0,40.0,1.0,0,0,2,1,0,0,0,0,0,0,0,0,33;40;36,,,109,0,0,1,1,0,0,1.0,0,0,0,0,0
2022,5,DEN,REG,IND,21,39,274,0,2,4,-24,1,0,366,176,11,-13.004933542307592,-8.439243428016963,0,28,125,0,0,0,6,-1.5424321976897772,0,21,38,274,0,0,0,366,176,11,-6.020410050024405,0,0,40,2,40,7,34,3,6.0,51.0,12,2,25,5,0,0,0,0,2,2,0,0,0,7,49,3,2,6,1,20,3,4,0,1,45.0,0.75,0,0,1,2,0,0,0,0,0,0,0,0,33;44;45,,34,122,0,34,0,0,0,0,,0,0,0,0,0
2022,5,DET,REG,NE,19,35,229,0,1,2,-18,1,1,290,116,9,-20.695974567322992,0.6835004975718837,0,27,101,0,0,0,7,-6.797284513420891,0,19,31,229,0,0,0,290,116,9,-6.9801179029163904,0,0,37,8,18,4,8,0,0.0,0.0,0,1,0,2,0,0,0,0,0,0,0,0,0,7,82,4,2,16,2,67,0,0,0,0,,,0,0,0,0,0,0,0,0,0,0,0,0,,,,0,0,0,0,0,0,0,,0,0,0,0,0
2022,5,GB,REG,NYG,25,39,222,2,0,2,-15,1,0,291,150,15,2.8204905224904886,-2.4850547313690186,0,20,94,0,0,0,5,1.151510859024711,0,25,39,222,2,0,0,291,150,15,5.496801242703712,0,0,43,2,12,4,12,0,1.0,4.0,4,0,0,1,0,1,1,0,2,2,0,0,0,7,37,6,1,11,3,53,2,2,0,0,48.0,1.0,0,0,0,2,0,0,0,0,0,0,0,0,46;48,,,94,0,0,2,2,0,0,1.0,0,0,0,0,0
2022,5,HOU,REG,JAX,16,24,140,0,0,1,-8,0,0,132,79,6,-2.518987307273534,-1.7401573558648427,0,31,116,1,0,0,7,-0.9380226692103741,0,16,24,140,0,0,0,132,79,6,-1.28440589033508,0,0,43,6,20,2,5,0,0.0,0.0,1,2,38,8,0,0,0,0,0,0,0,0,0,4,25,2,2,13,1,24,2,2,0,0,51.0,1.0,0,0,0,0,2,0,0,0,0,0,0,0,50;51,,,101,0,0,1,1,0,0,1.0,0,0,0,0,0
2022,5,IND,REG,DEN,26,41,251,0,2,6,-51,2,0,260,113,14,-11.321442014726886,2.9908047782050238,0,26,106,0,0,0,4,-3.641532378593565,0,26,36,251,0,1,0,260,113,14,1.6370304418478583,0,0,41,4,26,4,13,2,4.0,24.0,8,2,35,8,0,1,0,0,4,4,0,0,0,8,64,7,3,22,0,0,4,4,0,0,52.0,1.0,0,0,1,1,2,0,0,0,0,0,0,0,52;51;31;48,,,182,0,0,0,0,0,0,,1,1,0,0,48
2022,5,JAX,REG,HOU,25,47,286,0,2,0,0,0,0,457,137,15,-7.782484845041413,-10.698282752524722,0,26,136,0,0,0,6,-0.17779934435384348,0,25,44,286,0,0,0,457,137,15,-6.33404713516884,0,0,33,11,23,1,8,0,1.0,8.0,5,0,0,2,0,0,0,0,0,0,0,0,0,6,48,5,2,21,3,62,2,2,0,0,45.0,1.0,0,1,0,1,0,0,0,0,0,0,0,0,26;45,,,71,0,0,0,0,0,0,,0,0,0,0,0
2022,5,KC,REG,LV,29,43,292,4,0,3,-27,0,0,274,150,18,13.877725843447788,1.9614888798622858,0,23,103,0,0,0,7,-1.087603266001679,0,29,42,292,4,0,0,274,150,18,20.139953941390942,0,0,33,4,18,2,18,1,2.0,18.0,7,0,0,1,0,0,0,0,0,0,0,0,0,5,72,3,1,7,1,19,1,2,1,0,59.0,0.5,0,0,0,0,1,0,0,0,0,1,0,0,59,41,,59,41,0,3,3,0,0,1.0,0,0,0,0,0
2022,5,LA,REG,DAL,29,44,320,1,1,5,-35,2,2,353,178,10,-12.234628323004024,-1.3363451475188846,0,15,38,0,0,0,2,-5.192356019280851,0,29,42,320,1,0,0,353,178,10,4.850199439849795,0,0,28,5,27,3,13,2,3.0,26.0,6,0,0,3,0,0,0,0,0,0,0,0,0,3,25,5,3,19,0,0,1,2,1,0,29.0,0.5,0,1,0,0,0,0,0,0,0,0,1,0,29,51,,29,51,0,1,1,0,0,1.0,0,0,0,0,0
2022,5,LAC,REG,CLE,22,34,228,1,0,1,-1,0,0,177,145,13,4.425161087423596,0.2662697524735422,0,34,238,2,0,0,9,15.174729897233192,0,22,33,228,1,0,0,177,145,13,5.964152230884912,0,0,36,9,21,1,4,0,0.0,0.0,3,1,18,2,0,0,0,0,0,0,0,0,0,4,17,2,1,12,2,39,3,3,0,0,28.0,1.0,0,3,0,0,0,0,0,0,0,0,0,0,28;25;27,,,80,0,0,3,3,0,0,1.0,0,0,0,0,0
2022,5,LV,REG,KC,19,30,241,2,0,2,-18,0,0,308,102,6,6.783733626532439,8.01311124254156,0,24,155,1,0,0,9,2.7582801885684094,0,19,27,241,2,1,0,308,102,6,12.081528053440223,0,0,42,2,18,4,29,0,3.0,27.0,6,0,0,2,0,0,0,0,0,0,0,0,0,11,99,5,1,3,1,16,3,3,0,0,53.0,1.0,0,0,0,1,2,0,0,0,0,0,0,0,53;50;47,,,150,0,0,2,2,0,0,1.0,0,0,0,0,0
2022,5,MIA,REG,NYJ,19,34,166,0,1,2,-8,1,1,223,72,8,-17.901346378506947,-3.210231475532055,0,26,137,2,0,0,8,4.462899712962098,0,19,32,166,0,0,0,223,72,8,-7.307860371960645,0,0,33,4,20,5,31,0,2.0,23.0,3,0,0,2,0,0,0,0,0,0,0,0,0,11,102,3,1,-2,0,0,1,2,1,0,46.0,0.5,0,0,0,1,0,0,0,0,0,0,1,0,46,54,,46,54,0,2,2,0,0,1.0,0,0,0,0,0
2022,5,MIN,REG,CHI,33,42,319,1,1,1,-7,0,0,180,175,18,14.385746876101658,7.591836880414914,1,31,117,3,0,0,10,0.3654946316382848,0,33,39,319,1,0,0,180,175,18,17.197374110964784,1,0,28,5,21,3,11,2,2.0,15.0,3,0,0,2,0,1,0,0,1,1,1,1,0,7,70,3,1,0,3,72,0,2,1,1,,0.0,0,0,0,0,0,0,0,0,0,0,1,0,,53,51,0,53,51,3,3,0,0,1.0,0,0,0,0,0
2022,5,NE,REG,DET,17,21,188,1,1,0,0,0,0,183,98,11,6.5563407146323245,13.202619552612305,0,35,176,0,1,0,8,-2.402074468946698,0,17,21,188,1,0,0,183,98,11,6.5563407146323245,0,0,34,9,27,3,17,1,2.0,18.0,6,1,0,3,0,0,0,0,1,2,1,1,1,6,46,5,1,12,0,0,5,5,0,0,44.0,1.0,0,1,3,1,0,0,0,0,0,0,0,0,37;32;44;37;29,,,179,0,0,2,2,0,0,1.0,0,0,0,0,0
2022,5,NO,REG,SEA,17,25,209,2,1,1,-6,0,0,200,112,9,2.6696400522253176,-0.5623552799224854,0,48,235,3,0,0,14,5.37891816218337,1,17,25,209,2,1,1,200,112,9,0.6498384138451592,0,0,26,8,18,3,24,2,3.0,23.0,4,0,0,2,0,0,0,0,1,1,1,1,0,6,57,3,2,25,5,100,1,1,0,0,56.0,1.0,0,0,0,0,1,0,0,0,0,0,0,0,56,,,56,0,0,4,4,0,0,1.0,0,0,0,0,0
2022,5,NYG,REG,GB,21,27,217,0,0,1,-4,0,0,139,119,12,13.387008378190762,11.300029548314901,0,31,125,3,0,0,9,2.207185698583634,0,21,26,217,0,0,0,139,119,12,14.823112925044802,0,0,32,9,23,4,13,2,2.0,15.0,6,0,0,7,0,2,0,0,0,0,0,0,0,6,63,2,1,0,3,56,2,2,0,0,48.0,1.0,0,0,1,1,0,0,0,0,0,0,0,0,48;37,,,85,0,0,3,3,0,0,1.0,0,0,0,0,0
2022,5,NYJ,REG,MIA,14,21,210,0,0,2,-23,0,0,197,134,9,0.8782214904508039,0.6028362682887486,0,33,135,5,0,0,8,6.351811716973316,0,14,21,210,0,0,0,197,134,9,5.701539855713625,0,0,33,4,22,2,5,1,2.0,8.0,16,1,3,4,0,0,1,0,0,0,1,1,0,5,105,3,0,0,3,67,1,1,0,0,34.0,1.0,0,0,1,0,0,0,0,0,0,0,0,0,34,,,34,0,0,5,5,0,0,1.0,0,0,0,0,0
2022,5,PHI,REG,ARI,26,36,239,0,0,2,-21,0,0,137,166,12,3.7543420593864907,1.075596406179316,0,33,139,2,0,0,13,6.227028571127448,0,26,34,239,0,0,0,137,166,12,10.041635300163708,0,0,44,4,16,8,30,0,1.0,11.0,2,1,0,3,0,1,0,0,1,1,0,0,0,3,30,3,3,22,0,0,2,2,0,0,42.0,1.0,0,1,0,1,0,0,0,0,0,0,0,0,42;23,,,65,0,0,2,2,0,0,1.0,0,0,0,0,0
2022,5,PIT,REG,BUF,34,52,327,0,1,3,-17,0,0,363,137,19,-2.237646419579787,1.3903942178277409,0,17,54,0,0,0,3,-6.54968069633469,0,34,51,327,0,0,0,363,137,19,2.5210709515128564,0,0,26,4,12,2,5,1,0.0,0.0,1,1,0,7,0,0,0,0,0,0,1,1,0,6,54,2,0,0,2,19,1,3,2,0,29.0,0.3333333333333333,0,1,0,0,0,0,0,0,1,1,0,0,29,33;45,,29,78,0,0,0,0,0,,0,0,0,0,0
2022,5,SEA,REG,NO,16,25,268,3,0,3,-23,0,0,300,70,9,7.879468324569198,2.2066564609607062,0,21,151,1,0,0,4,-2.1974565602916805,0,16,24,268,3,1,1,300,70,9,9.334019327976886,0,0,44,5,33,1,6,2,1.0,6.0,5,1,0,4,0,2,0,0,0,0,1,1,0,12,85,6,0,0,1,21,2,2,0,0,56.0,1.0,0,0,1,0,1,0,0,0,0,0,0,0,56;31,,,87,0,0,2,3,1,0,0.6666666666666666,0,0,0,0,0
2022,5,SF,REG,CAR,18,30,253,2,0,2,-9,0,0,230,148,12,18.338088222325844,-5.8723051349322,0,29,153,2,0,0,9,2.182222956500482,0,18,30,253,2,1,1,230,148,12,16.5017838422004,0,0,37,2,32,6,28,1,6.0,31.0,11,1,41,8,1,0,0,0,1,1,0,0,0,9,50,3,2,8,1,5,1,2,0,1,49.0,0.5,0,0,0,1,0,0,0,0,0,0,0,0,49,,43,49,0,43,4,5,1,0,0.8,0,0,0,0,0
2022,5,TB,REG,ATL,35,52,351,1,0,0,0,0,0,362,178,17,14.042589801922093,0.7075718641281128,1,23,69,1,0,0,7,-6.668581839301623,0,35,50,351,1,0,0,362,178,17,16.146277145808213,1,0,35,8,24,7,34,1,5.0,37.0,10,0,0,2,0,0,0,0,0,0,0,0,0,6,45,2,2,40,1,18,2,2,0,0,44.0,1.0,0,1,0,1,0,0,0,0,0,0,0,0,21;44,,,65,0,0,1,1,0,0,1.0,0,0,0,0,0
2022,5,TEN,REG,WAS,15,25,181,1,0,5,-45,0,0,228,79,6,-0.5835138324473519,5.1537783897441365,0,32,105,2,0,0,9,-0.47350015930715017,0,15,23,181,1,0,0,228,79,6,9.982162265776424,0,0,34,5,25,1,9,0,3.0,17.0,7,1,0,6,0,0,0,0,0,0,0,0,0,8,69,3,1,0,0,0,0,0,0,0,,,0,0,0,0,0,0,0,0,0,0,0,0,,,,0,0,0,3,3,0,0,1.0,0,0,0,0,0
2022,5,WAS,REG,TEN,25,38,359,2,1,3,-17,0,0,351,148,11,0.6536756718123797,1.469611155020224,0,17,43,0,2,0,6,-3.268154451792854,0,25,37,359,2,0,0,351,148,11,4.666996455169283,0,0,36,4,24,7,42,0,5.0,45.0,13,0,0,1,0,0,0,0,3,4,0,0,0,9,71,4,5,29,3,46,1,1,0,0,50.0,1.0,0,0,0,0,1,0,0,0,0,0,0,0,50,,,50,0,0,2,2,0,0,1.0,0,0,0,0,0
2022,6,ARI,REG,SEA,23,37,222,0,1,6,-51,1,0,333,114,10,-11.67277624398421,0.5603321724467807,0,28,144,0,1,1,6,-2.760740322759375,0,23,36,222,0,1,0,333,114,10,-0.41357701561364646,0,0,37,10,24,8,43,1,5.0,37.0,7,0,0,6,0,0,0,0,1,1,1,1,1,6,53,5,3,15,2,44,1,1,0,0,23.0,1.0,0,1,0,0,0,0,0,0,0,0,0,0,23,,,23,0,0,0,1,1,0,0.0,0,0,0,0,0
2022,6,ATL,REG,SF,13,14,129,2,0,2,-8,0,0,77,57,7,5.209142462699674,19.393275465284074,0,40,168,1,0,0,10,1.6415876390528865,0,13,14,129,2,0,0,77,57,7,7.823045356781222,0,0,29,7,29,1,2,1,0.0,0.0,4,2,41,8,0,1,0,0,1,1,1,1,1,5,40,3,2,48,1,28,0,0,0,0,,,0,0,0,0,0,0,0,0,0,0,0,0,,,,0,0,0,4,4,0,0,1.0,0,0,0,0,0
2022,6,BAL,REG,NYG,17,32,210,1,1,2,-15,1,1,310,69,13,-1.5918914329522036,-7.810871158876727,0,24,211,1,0,0,10,8.733393473929027,0,17,32,210,1,0,0,310,69,13,4.141953977567076,0,0,40,5,17,5,25,1,4.0,18.0,5,0,0,2,0,0,0,0,1,1,1,1,0,10,74,5,1,12,0,0,2,3,1,0,34.0,0.6666666666666666,0,1,1,0,0,0,0,0,0,0,1,0,34;23,56,,57,56,0,2,2,0,0,1.0,0,0,0,0,0
2022,6,BUF,REG,KC,27,40,329,3,0,1,-11,0,0,295,120,18,11.16020657922873,5.17005371420007,0,31,125,0,1,1,9,-6.123832200362813,0,27,38,329,3,0,0,295,120,18,13.766029813883693,0,0,42,2,14,4,22,0,3.0,19.0,9,2,2,5,0,0,0,0,0,1,0,0,0,7,35,3,2,6,1,26,1,1,0,0,39.0,1.0,0,0,1,0,0,0,0,0,0,0,0,0,39,,,39,0,0,3,3,0,0,1.0,0,0,0,0,0
2022,6,CAR,REG,LA,13,21,119,0,1,2,-9,0,0,19,136,5,-12.94753316348893,-16.345901432491484,0,21,93,0,0,0,3,-2.1749389457982033,0,13,21,119,0,0,0,19,136,5,-10.717940555433831,0,0,37,7,25,3,5,0,1.0,4.0,3,1,30,3,1,0,0,0,0,0,0,0,0,3,30,3,3,12,1,24,1,1,0,0,42.0,1.0,0,0,0,1,0,0,0,0,0,0,0,0,42,,,42,0,0,1,1,0,0,1.0,0,0,0,0,0
2022,6,CHI,REG,WAS,14,27,190,1,1,5,-36,1,0,275,65,9,-14.378979887493188,-6.0833086761144495,0,37,237,0,0,0,9,6.671468000189634,0,14,26,190,1,0,0,275,65,9,-6.812994984764373,0,0,32,5,25,3,15,1,3.0,13.0,3,0,0,4,0,1,0,0,1,1,0,0,0,4,42,6,3,16,1,22,0,0,0,0,,,0,0,0,0,0,0,0,0,0,0,0,0,,,,0,0,0,1,1,0,0,1.0,0,0,0,0,0
2022,6,CIN,REG,NO,28,37,300,3,0,3,-27,0,0,228,176,13,9.791535757581352,6.43404804997974,0,14,75,1,0,0,7,5.492002682236489,0,28,36,300,3,0,0,228,176,13,16.76691832246177,0,0,34,4,36,5,7,0,1.0,7.0,5,0,0,4,0,1,0,0,0,0,0,0,0,3,30,4,2,33,3,62,1,1,0,0,52.0,1.0,0,0,0,0,1,0,0,0,0,0,0,0,52,,,52,0,0,3,3,0,0,1.0,0,0,0,0,0
2022,6,CLE,REG,NE,21,45,266,1,2,4,-8,2,1,527,78,12,-11.611608906550218,-9.05688859167553,0,18,70,0,0,0,2,-7.591975708254522,0,21,42,266,1,0,0,527,78,12,1.6206654259077715,0,0,40,2,28,4,16,1,2.0,8.0,2,0,0,3,0,1,0,0,0,0,1,1,0,7,63,2,2,7,5,106,3,3,0,0,51.0,1.0,0,0,1,1,1,0,0,0,0,0,0,0,39;48;51,,,138,0,0,0,0,0,0,,0,0,0,0,0
2022,6,DAL,REG,PHI,18,38,181,1,3,0,0,0,0,315,80,12,-8.38204789838014,-17.277889879974158,0,26,134,1,0,0,8,4.258342277258635,0,18,37,181,1,0,0,315,80,12,-7.95565029164968,0,0,39,6,28,4,25,0,4.0,23.0,4,0,0,3,0,0,0,0,0,0,0,0,0,10,72,4,3,36,3,96,1,2,1,0,30.0,0.5,0,0,1,0,0,0,0,0,0,0,1,0,30,59,,30,59,0,2,2,0,0,1.0,0,0,0,0,0
2022,6,DEN,REG,LAC,15,28,188,1,0,4,-28,0,0,267,72,8,-6.826642543824236,-4.908023715019226,0,23,98,0,0,0,3,-1.5991792706772685,0,15,25,188,1,0,0,267,72,8,4.246463243770725,0,0,48,13,23,4,18,0,2.0,14.0,8,1,-6,9,0,3,0,0,2,2,0,0,0,10,151,7,2,0,1,26,3,3,0,0,51.0,1.0,0,1,0,1,1,0,0,0,0,0,0,0,51;27;48,,,126,0,0,1,1,0,0,1.0,0,0,0,0,0
2022,6,GB,REG,NYJ,28,45,254,1,0,4,-36,1,0,370,104,9,-16.359639027062652,-4.37310818921436,0,20,60,0,1,1,5,-7.236143233621574,0,28,44,254,1,0,0,370,104,9,-6.9859402812084515,0,0,30,10,18,2,11,0,2.0,11.0,2,0,0,5,0,0,0,0,1,1,0,0,0,7,42,5,5,22,1,32,1,2,0,1,29.0,0.5,0,1,0,0,0,0,0,0,0,0,0,0,29,,47,29,0,47,1,1,0,0,1.0,0,0,0,0,0
2022,6,IND,REG,JAX,42,58,389,3,0,0,0,0,0,299,209,22,16.710375011160323,3.612009116581508,0,16,45,1,0,0,4,-1.0051734670558945,1,42,56,389,3,1,0,299,212,22,19.784666086681938,0,0,34,11,31,8,41,1,4.0,29.0,4,0,0,0,0,1,0,0,2,2,1,1,0,7,52,4,2,19,3,68,2,2,0,0,42.0,1.0,0,1,0,1,0,0,0,0,0,0,0,0,28;42,,,70,0,0,2,2,0,0,1.0,0,0,0,0,0
2022,6,JAX,REG,IND,20,22,165,1,0,4,-29,0,0,87,109,8,0.6260113908066415,15.334389291026376,0,33,243,3,0,0,13,11.344586179009639,0,20,22,165,1,1,1,87,118,8,8.004361527375412,0,0,40,8,30,3,8,1,0.0,0.0,6,0,0,7,0,0,0,0,1,1,0,0,0,4,44,4,1,8,4,78,0,0,0,0,,,0,0,0,0,0,0,0,0,0,0,0,0,,,,0,0,0,3,3,0,0,1.0,0,0,0,0,0
2022,6,KC,REG,BUF,25,40,338,2,2,3,-19,0,0,211,208,16,4.380725265152572,1.8451128687177385,0,18,68,0,0,0,4,-1.5015254674853313,0,25,35,338,2,0,0,211,208,16,11.718504907875607,0,0,42,2,28,5,16,0,1.0,11.0,4,0,0,5,0,1,0,0,1,1,1,1,0,5,58,6,2,16,4,52,2,3,1,0,62.0,0.6666666666666666,0,0,0,1,0,1,0,0,0,0,1,0,62;44,51,,106,51,0,2,2,0,0,1.0,0,0,0,0,0
2022,6,LA,REG,CAR,26,33,253,1,1,1,-4,0,0,146,153,16,3.050174951131148,8.306047608775478,0,29,111,2,0,0,5,-2.558144655020442,0,26,31,253,1,0,0,146,153,16,8.5768366278351,0,0,19,9,31,2,10,0,2.0,9.0,3,1,0,4,0,0,0,0,0,0,0,0,0,7,49,5,1,15,1,22,1,1,0,0,21.0,1.0,0,1,0,0,0,0,0,0,0,0,0,0,21,,,21,0,0,3,3,0,0,1.0,0,0,0,0,0
2022,6,LAC,REG,DEN,37,57,238,0,1,2,-14,0,0,337,148,10,-15.727187131576509,-5.2796947956085205,0,24,73,1,0,0,7,2.4057703533908352,0,37,55,238,0,0,0,337,148,10,-11.21461420662076,0,0,31,7,17,7,34,1,4.0,28.0,6,0,0,3,0,0,0,0,0,0,1,1,0,9,89,3,3,39,2,45,4,4,0,0,39.0,1.0,0,0,4,0,0,0,0,0,0,0,0,0,37;31;35;39,,,142,0,0,1,1,0,0,1.0,1,1,0,0,39
2022,6,MIA,REG,MIN,30,47,418,2,2,6,-33,0,0,410,184,18,0.4750573658338618,0.26320066716935897,0,20,73,0,0,0,5,-4.674108194303699,0,30,45,418,2,1,1,410,184,18,9.072466348165902,0,0,27,4,22,4,22,1,3.0,19.0,7,0,0,5,0,1,0,0,1,1,0,0,0,10,97,4,3,2,1,25,1,2,1,0,44.0,0.5,0,0,0,1,0,0,0,0,0,0,1,0,44,52,,44,52,0,1,1,0,0,1.0,0,0,0,0,0
2022,6,MIN,REG,MIA,20,30,175,2,0,3,-19,0,0,167,99,7,-4.474486189924965,1.3035392122609275,1,17,78,1,0,0,2,-2.3601682434091344,0,20,28,175,2,1,0,167,96,7,1.2083444174933247,1,0,43,6,18,6,34,1,6.0,33.0,13,2,6,9,0,0,0,0,1,1,1,1,0,2,20,5,3,36,0,0,1,1,0,0,34.0,1.0,0,0,1,0,0,0,0,0,0,0,0,0,34,,,34,0,0,1,2,1,0,0.5,0,0,0,0,0
2022,6,NE,REG,CLE,24,34,309,2,0,2,-8,1,1,172,165,14,8.40883939124592,9.834722357411538,0,29,98,3,0,0,3,1.9019984197511803,0,24,31,309,2,0,0,172,165,14,17.394100691035202,0,0,33,8,16,2,6,1,3.0,6.0,9,2,15,8,0,0,0,0,0,0,2,2,0,12,92,2,3,35,2,39,1,2,1,0,19.0,0.5,1,0,0,0,0,0,0,0,0,1,0,0,19,45,,19,45,0,5,5,0,0,1.0,0,0,0,0,0
2022,6,NO,REG,CIN,19,36,178,1,0,1,-7,0,0,292,72,12,3.709324978702793,-6.358889995082732,0,34,228,1,0,0,9,3.9977954233181663,0,19,31,178,1,0,0,292,72,12,8.894656678179444,0,0,38,2,10,3,27,1,3.0,27.0,6,0,0,3,0,0,0,0,0,0,1,1,0,4,34,5,1,6,1,20,4,4,0,0,37.0,1.0,0,0,4,0,0,0,0,0,0,0,0,0,35;30;37;31,,,133,0,0,2,2,0,0,1.0,0,0,0,0,0
2022,6,NYG,REG,BAL,19,27,173,2,0,4,-18,1,1,179,78,11,10.190285123558876,9.880761504173279,0,31,83,1,0,0,5,-8.604842316737631,0,19,25,173,2,0,0,179,78,11,15.584292918501887,0,0,35,3,13,4,16,1,2.0,15.0,2,1,27,5,0,0,0,0,0,0,1,1,0,3,25,3,1,8,1,47,1,1,0,0,34.0,1.0,0,0,1,0,0,0,0,0,0,0,0,0,34,,,34,0,0,3,3,0,0,1.0,0,0,0,0,0
2022,6,NYJ,REG,GB,10,18,110,0,0,2,-11,0,0,111,51,4,-3.818349740925833,-9.774994674850912,0,33,179,2,0,0,9,3.477098558563739,0,10,17,110,0,0,0,111,51,4,-0.17705038561637632,0,1,39,8,24,5,35,1,4.0,36.0,9,0,0,6,0,0,0,20,0,0,1,1,0,7,79,2,3,34,1,29,2,3,1,0,32.0,0.6666666666666666,0,1,1,0,0,0,0,0,0,0,1,0,32;23,53,,55,53,0,3,3,0,0,1.0,0,0,0,0,0
2022,6,PHI,REG,DAL,15,25,155,2,0,4,-23,0,0,133,108,9,3.2378780841827393,-5.299765142527494,0,39,136,1,1,0,10,-5.390561759555302,0,15,22,155,2,0,0,133,108,9,11.457239330746233,0,0,33,6,24,0,0,0,0.0,0.0,4,3,13,12,0,0,0,0,1,2,0,0,0,2,10,1,1,14,0,0,2,2,0,0,51.0,1.0,0,0,1,0,1,0,0,0,0,0,0,0,51;34,,,85,0,0,2,2,0,0,1.0,0,0,0,0,0
2022,6,PIT,REG,TB,20,30,211,2,0,2,-18,0,0,187,84,11,7.57687760247012,4.984492615417198,0,29,77,0,0,0,4,-9.071976329258177,0,20,27,211,2,0,0,187,84,11,12.45757606995852,0,0,43,6,22,2,7,1,2.0,14.0,5,0,0,4,0,0,0,0,1,2,0,0,0,7,45,3,3,23,3,112,2,2,0,0,55.0,1.0,0,1,0,0,1,0,0,0,0,0,0,0,55;25,,,80,0,0,2,2,0,0,1.0,0,0,0,0,0
2022,6,SEA,REG,ARI,20,31,197,0,0,5,-37,0,0,213,98,10,-6.304714037811303,-2.9719106356302896,0,30,136,1,2,1,9,-6.273740844594315,0,20,30,197,0,0,0,213,98,10,4.225182692562376,0,0,46,10,22,8,51,3,6.0,51.0,7,1,0,4,0,0,0,0,1,1,1,1,0,6,44,5,1,8,0,0,4,4,0,0,39.0,1.0,0,1,3,0,0,0,0,0,0,0,0,0,39;27;34;32,,,132,0,0,1,1,0,0,1.0,0,0,0,0,0
2022,6,SF,REG,ATL,29,41,296,2,2,0,0,0,0,309,216,15,3.5641740828286856,-0.6857507112549572,0,16,50,0,1,1,4,-10.443172087194398,0,29,41,296,2,0,0,309,216,15,3.5641740828286856,0,0,38,14,26,2,9,1,2.0,8.0,2,0,0,0,0,0,0,0,0,0,0,0,0,5,30,6,1,35,3,74,0,0,0,0,,,0,0,0,0,0,0,0,0,0,0,0,0,,,,0,0,0,2,2,0,0,1.0,0,0,0,0,0
2022,6,TB,REG,PIT,25,40,243,1,0,2,-14,1,0,302,87,11,7.77279103205027,0.7883790779758144,0,26,75,0,0,0,7,-3.007275353418663,0,25,37,243,1,0,0,302,87,11,10.287535321302247,0,0,34,8,26,5,31,0,2.0,18.0,2,0,0,3,0,0,0,0,1,1,0,0,0,6,42,5,3,14,2,54,4,4,0,0,54.0,1.0,0,2,1,0,1,0,0,0,0,0,0,0,30;27;54;24,,,135,0,0,0,0,0,0,,0,0,0,0,0
2022,6,WAS,REG,CHI,12,22,99,0,0,3,-13,0,0,137,72,5,-8.918802357812334,-16.338907317681745,0,28,128,1,1,0,7,3.065819924176683,0,12,22,99,0,0,0,137,72,5,-3.026038041173403,0,0,42,3,27,4,32,1,5.0,36.0,12,1,1,5,0,0,0,0,1,1,1,1,0,7,36,4,3,35,1,27,2,3,1,0,38.0,0.6666666666666666,0,1,1,0,0,0,0,0,0,1,0,0,38;28,48,,66,48,0,0,0,0,0,,0,0,0,0,0
2022,7,ARI,REG,NO,20,29,204,1,0,2,-15,0,0,216,94,9,2.8524733772355115,-1.190057294122104,1,29,137,2,0,0,10,4.33068049610313,1,20,29,204,1,1,0,216,94,9,6.396971552618126,1,0,41,4,18,4,6,0,0.0,0.0,3,3,94,9,2,0,0,0,2,2,0,0,0,4,20,5,0,0,2,48,2,2,0,0,50.0,1.0,0,1,0,0,1,0,0,0,0,0,0,0,50;28,,,78,0,0,2,3,1,0,0.6666666666666666,0,0,0,0,0
2022,7,ATL,REG,CIN,8,13,124,1,0,3,-17,0,0,109,43,5,1.1048315801890567,3.7149044374624887,0,29,107,1,1,0,7,-0.440937301289523,0,8,12,124,1,0,0,109,43,5,6.850313148810528,0,0,38,7,27,3,22,0,3.0,22.0,6,0,0,4,0,0,0,0,1,1,0,0,0,3,22,4,2,64,0,0,1,1,0,0,43.0,1.0,0,0,0,1,0,0,0,0,0,0,0,0,43,,,43,0,0,2,2,0,0,1.0,0,0,0,0,0
2022,7,BAL,REG,CLE,9,16,120,0,0,3,-26,0,0,85,56,5,-4.271262691552633,-10.159978084266186,0,44,160,2,1,1,11,-0.20492816471960396,0,9,16,120,0,0,0,85,56,5,0.6606455634246826,0,0,34,9,23,5,23,3,5.0,35.0,5,0,0,1,0,0,0,0,0,0,2,2,0,3,53,5,1,46,0,0,3,3,0,0,55.0,1.0,0,0,2,0,1,0,0,0,0,0,0,0,32;34;55,,,121,0,0,2,2,0,0,1.0,0,0,0,0,0
2022,7,CAR,REG,TB,16,22,177,2,0,1,-7,0,0,187,80,8,5.268874500063248,10.714196165402731,0,27,173,1,0,0,5,1.51530440087663,0,16,21,177,2,0,0,187,80,8,8.308638226473704,0,0,39,7,19,2,20,0,1.0,14.0,3,0,0,1,0,0,0,0,0,0,0,0,0,3,15,2,1,0,0,0,0,0,0,0,,,0,0,0,0,0,0,0,0,0,0,0,0,,,,0,0,0,3,3,0,0,1.0,0,0,0,0,0
2022,7,CHI,REG,NE,13,21,179,1,1,4,-32,2,0,205,69,10,2.3912916775378066,-1.2561982586270286,0,45,243,2,2,0,14,4.136830515530008,0,13,21,179,1,0,0,205,69,10,7.963598944938708,0,0,34,1,13,2,9,0,1.0,8.0,3,3,52,7,0,1,0,0,4,5,1,1,0,4,35,2,3,33,2,49,4,4,0,0,50.0,1.0,0,1,1,1,1,0,0,0,0,0,0,0,42;23;38;50,,,153,0,0,3,3,0,0,1.0,0,0,0,0,0
2022,7,CIN,REG,ATL,34,42,481,3,0,3,-22,0,0,363,169,22,27.025639946310548,14.742475748062134,0,21,78,2,0,0,5,-5.166163208778016,0,34,42,481,3,0,0,363,169,22,30.864363928412786,0,0,29,6,16,4,20,0,3.0,17.0,5,0,0,2,0,0,0,0,0,0,0,0,0,5,17,4,3,40,2,31,0,0,0,0,,,0,0,0,0,0,0,0,0,0,0,0,0,,,,0,0,0,5,5,0,0,1.0,0,0,0,0,0
2022,7,CLE,REG,BAL,22,27,258,0,0,5,-35,2,1,178,104,8,0.48328262874270544,17.50530183315277,0,24,113,2,0,0,8,3.8896231803810224,0,22,25,258,0,1,1,178,104,8,9.893169788148239,0,0,43,5,17,7,34,1,3.0,26.0,5,0,0,4,0,0,0,0,1,1,1,1,0,6,45,5,2,14,1,27,2,3,0,1,41.0,0.6666666666666666,0,0,1,1,0,0,0,0,0,0,0,0,41;37,,60,78,0,60,2,2,0,0,1.0,0,0,0,0,0
2022,7,DAL,REG,DET,19,25,207,1,0,2,-16,0,0,270,79,10,9.683365625620354,10.018054008483887,0,32,139,2,0,0,8,-4.753873493708299,0,19,25,207,1,1,1,270,79,10,9.890166748926276,0,0,42,2,18,5,22,4,5.0,33.0,5,2,3,4,0,1,0,0,1,1,3,3,0,7,55,2,2,66,0,0,1,1,0,0,22.0,1.0,0,1,0,0,0,0,0,0,0,0,0,0,22,,,22,0,0,3,3,0,0,1.0,0,0,0,0,0
2022,7,DEN,REG,NYJ,24,46,225,0,1,1,-6,0,0,486,95,10,-12.780681907441332,-9.252744581964281,0,28,105,1,0,0,7,0.48080521140946075,0,24,45,225,0,0,0,486,95,10,-10.499509174851566,0,0,29,2,24,2,15,0,3.0,16.0,5,0,0,1,0,0,0,0,1,1,0,0,0,4,34,4,1,2,0,0,1,2,1,0,44.0,0.5,0,0,0,1,0,0,0,0,0,0,1,0,44,56,,44,56,0,0,1,1,0,0.0,0,0,0,0,0
2022,7,DET,REG,DAL,21,26,228,0,2,5,-33,2,2,156,136,11,-6.637232366239109,9.261988878250122,0,25,117,0,2,1,7,-9.496737479581498,0,21,25,228,0,0,0,156,136,11,7.730386846885162,0,0,45,3,17,4,14,2,2.0,16.0,6,0,0,1,0,0,0,0,2,2,1,1,0,8,59,3,1,13,0,0,2,2,0,0,53.0,1.0,0,0,0,1,1,0,0,0,0,0,0,0,40;53,,,93,0,0,0,0,0,0,,0,0,0,0,0
2022,7,GB,REG,WAS,23,35,194,2,0,0,0,0,0,189,117,10,-2.839833806239767,-4.4859800374869145,0,12,38,0,0,0,2,-1.6172284466447309,0,23,33,194,2,0,0,189,117,10,-2.3424912874470465,0,0,36,4,48,5,12,0,1.0,3.0,9,1,63,6,1,1,0,0,1,3,0,0,0,9,69,5,2,16,0,0,0,0,0,0,,,0,0,0,0,0,0,0,0,0,0,0,0,,,,0,0,0,3,3,0,0,1.0,0,0,0,0,0
2022,7,HOU,REG,LV,28,41,302,2,1,1,-6,0,0,222,183,12,3.0725101789447704,-0.011628270149230957,0,23,108,0,0,0,9,0.6670668585575186,0,28,40,302,2,0,0,222,183,12,4.020505923590366,0,0,41,1,9,3,7,0,1.0,5.0,3,0,0,1,0,0,0,0,0,0,0,0,0,3,14,2,1,1,4,78,2,3,1,0,55.0,0.6666666666666666,0,0,1,0,1,0,0,0,1,0,0,0,55;35,39,,90,39,0,2,2,0,0,1.0,0,0,0,0,0
2022,7,IND,REG,TEN,33,44,243,1,2,3,-16,0,0,177,119,12,-9.110602961620316,9.611333288797518,0,17,65,0,0,0,5,-1.002614092033248,0,33,41,243,1,1,1,177,119,12,-6.9323846529005095,0,0,32,11,25,4,20,0,2.0,16.0,7,0,0,3,0,0,0,0,0,0,1,1,0,4,28,3,3,47,3,48,1,1,0,0,50.0,1.0,0,0,0,0,1,0,0,0,0,0,0,0,50,,,50,0,0,1,1,0,0,1.0,0,0,0,0,0
2022,7,JAX,REG,NYG,22,44,310,0,0,0,0,0,0,474,113,15,11.017570367795905,-11.598086703655332,0,21,142,2,1,1,7,-1.8046631359755994,1,22,43,310,0,0,0,474,113,15,11.174118379727496,0,0,40,2,34,4,8,0,1.0,2.0,3,0,0,8,0,0,0,0,0,0,0,0,0,13,81,6,0,0,3,68,1,1,0,0,27.0,1.0,0,1,0,0,0,0,0,0,0,0,0,0,27,,,27,0,0,0,1,0,1,0.0,0,0,0,0,0
2022,7,KC,REG,SF,25,36,423,3,1,1,-6,0,0,261,194,19,27.936029390839394,5.961306919069851,0,21,112,3,0,0,4,5.276578216464259,0,25,34,423,3,0,0,261,194,19,31.037900708644884,0,0,39,7,29,4,16,1,5.0,26.0,8,2,7,8,0,1,1,0,1,1,1,1,0,8,84,4,1,0,6,130,0,1,1,0,,0.0,0,0,0,0,0,0,0,0,1,0,0,0,,39,,0,39,0,6,6,0,0,1.0,0,0,0,0,0
2022,7,LAC,REG,SEA,33,51,293,2,1,3,-17,1,1,321,193,17,-10.389351228484884,-4.893636645055285,0,15,53,1,0,0,3,-6.428976946801413,0,33,51,293,2,1,0,321,193,17,0.1267269456293434,0,0,41,11,15,3,23,0,2.0,19.0,4,1,16,5,0,0,1,0,1,1,1,1,0,7,70,1,0,0,3,53,0,0,0,0,,,0,0,0,0,0,0,0,0,0,0,0,0,,,,0,0,0,3,3,0,0,1.0,0,0,0,0,0
2022,7,LV,REG,HOU,21,27,241,1,0,1,-5,0,0,197,105,13,12.190014437572689,7.707030268815847,0,27,164,3,1,0,13,4.9944643370690756,0,21,26,241,1,0,0,197,105,13,14.202742717960508,0,0,38,3,29,2,7,0,1.0,6.0,9,1,73,3,1,1,0,0,2,3,0,0,0,5,44,3,1,0,4,73,1,1,0,0,50.0,1.0,0,0,0,0,1,0,0,0,0,0,0,0,50,,,50,0,0,5,5,0,0,1.0,0,0,0,0,0
2022,7,MIA,REG,PIT,21,35,261,1,0,0,0,0,0,345,91,12,5.571931643634635,-6.210083961486816,0,27,111,0,0,0,5,-7.553297542908695,0,21,35,261,1,0,0,345,91,12,5.571931643634635,0,0,35,17,31,3,16,0,2.0,11.0,6,3,44,4,0,0,0,0,0,0,0,0,0,5,30,4,1,1,2,28,3,3,0,0,47.0,1.0,0,1,0,2,0,0,0,0,0,0,0,0,24;42;47,,,113,0,0,1,1,0,0,1.0,0,0,0,0,0
2022,7,NE,REG,CHI,17,28,198,1,3,1,-8,0,0,244,70,9,-8.143706268398091,-6.938516987221582,0,19,70,1,1,1,4,-3.5043294022325426,0,17,28,198,1,0,0,244,70,9,-5.666046939557418,0,0,46,2,42,3,27,2,4.0,32.0,4,1,11,4,0,0,0,0,0,1,0,0,0,4,30,3,2,12,5,113,0,0,0,0,,,0,0,0,0,0,0,0,0,0,0,0,0,,,,0,0,0,2,2,0,0,1.0,0,0,0,0,0
2022,7,NO,REG,ARI,32,49,409,4,3,0,0,0,0,388,224,17,2.764772652894565,0.12050342300663823,0,22,85,0,0,0,7,-0.5735016633698251,0,32,46,409,4,0,0,388,224,17,3.928206506606032,0,0,34,7,21,7,30,1,2.0,15.0,2,0,0,2,0,0,0,0,0,0,0,0,0,8,49,4,2,28,1,23,2,2,0,0,45.0,1.0,0,1,0,1,0,0,0,0,0,0,0,0,25;45,,,70,0,0,4,4,0,0,1.0,0,0,0,0,0
2022,7,NYG,REG,JAX,19,30,202,1,0,1,-2,0,0,208,99,11,1.8463292073691835,-2.6526078067976853,0,39,236,1,0,0,13,10.024285457007164,0,19,29,202,1,0,0,208,99,11,3.9569238244776592,0,0,32,3,19,0,0,1,0.0,0.0,2,0,0,7,0,0,0,0,0,0,1,1,0,8,67,5,1,2,0,0,3,3,0,0,34.0,1.0,0,0,3,0,0,0,0,0,0,0,0,0,33;33;34,,,100,0,0,2,2,0,0,1.0,0,0,0,0,0
2022,7,NYJ,REG,DEN,16,26,121,0,0,3,-16,0,0,123,99,5,-10.712210080237128,-4.238654608311861,0,24,155,1,0,0,4,3.4423583380767866,0,16,23,121,0,0,0,123,99,5,-4.20768179994775,0,0,40,3,21,1,2,0,1.0,6.0,7,1,27,9,0,0,0,0,0,0,0,0,0,11,85,3,0,0,0,0,3,3,0,0,45.0,1.0,0,0,1,2,0,0,0,0,0,0,0,0,45;33;40,,,118,0,0,1,1,0,0,1.0,0,0,0,0,0
2022,7,PIT,REG,MIA,32,44,257,1,3,2,-11,0,0,301,113,14,-5.820455410563096,8.455490462836766,0,23,95,0,0,0,4,-1.0113611193955876,0,32,42,257,1,0,0,301,113,14,-3.0189417202944755,0,0,34,6,22,3,6,0,0.0,0.0,1,0,0,5,0,0,0,0,0,0,0,0,0,5,40,3,3,19,2,35,1,1,0,0,45.0,1.0,0,0,0,1,0,0,0,0,0,0,0,0,45,,,45,0,0,1,1,0,0,1.0,0,0,0,0,0
2022,7,SEA,REG,LAC,20,27,210,2,1,2,-19,0,0,206,79,10,4.566370590668196,10.882069285099323,0,34,213,2,1,1,11,0.03949085669592023,0,20,26,210,2,0,0,206,79,10,8.053870418778105,0,0,44,5,11,3,21,2,3.0,17.0,8,1,13,9,0,0,0,0,0,1,1,1,0,7,68,5,1,0,2,45,3,3,0,0,50.0,1.0,0,0,1,1,1,0,0,0,0,0,0,0,46;34;50,,,130,0,0,4,4,0,0,1.0,0,0,0,0,0
2022,7,SF,REG,KC,29,46,369,2,2,5,-26,1,1,341,172,18,2.523862020433212,-3.720387103764907,0,21,101,0,0,0,6,1.3372798404889181,0,29,46,369,2,0,0,341,172,18,12.832847100304294,0,0,33,6,18,1,6,0,1.0,6.0,3,1,2,4,0,0,0,0,0,0,1,1,0,10,80,2,0,0,4,64,3,3,0,0,50.0,1.0,0,0,1,1,1,0,0,0,0,0,0,0,30;50;49,,,129,0,0,2,2,0,0,1.0,0,0,0,0,0
2022,7,TB,REG,CAR,32,49,290,0,0,1,-14,0,0,359,134,14,-2.3755323273782354,-1.9431795924901962,0,16,46,0,0,0,3,-7.841968178981915,0,32,48,290,0,0,0,359,134,14,0.0509777613495741,0,0,28,2,24,5,16,0,1.0,7.0,3,0,0,1,0,0,0,0,1,1,0,0,0,4,30,0,4,46,2,46,1,1,0,0,27.0,1.0,0,1,0,0,0,0,0,0,0,0,0,0,27,,,27,0,0,0,0,0,0,,0,0,0,0,0
2022,7,TEN,REG,IND,13,20,132,0,0,2,-16,0,0,144,48,6,3.5131787377355974,-0.6211115419864655,0,35,138,0,1,1,9,-12.737077975848365,0,13,20,132,0,0,0,144,48,6,5.773224472901074,0,0,40,10,26,4,18,1,3.0,16.0,10,2,80,5,1,0,0,0,0,1,1,1,0,2,15,2,0,0,2,45,4,4,0,0,48.0,1.0,0,2,1,1,0,0,0,0,0,0,0,0,27;28;38;48,,,141,0,0,1,1,0,0,1.0,0,0,0,0,0
2022,7,WAS,REG,GB,20,33,201,2,1,1,-3,0,0,194,108,11,-1.0927044397094978,-2.3917144164443016,0,38,166,0,0,0,8,-3.0964969510096125,0,20,32,201,2,0,0,194,108,11,1.9905580935347713,0,0,20,2,24,2,11,0,0.0,0.0,1,0,0,3,0,0,0,0,0,0,1,1,0,7,54,4,2,8,3,78,3,4,1,0,31.0,0.75,1,1,1,0,0,0,0,0,0,1,0,0,22;31;19,47,,72,47,0,2,2,0,0,1.0,0,0,0,0,0
2022,8,ARI,REG,MIN,31,44,326,3,2,4,-29,0,0,288,179,17,-2.1592117899046377,-1.3574132392572802,0,22,78,0,1,0,7,-2.9609833022593466,0,31,43,326,3,0,0,288,179,17,3.8003554040850043,0,0,43,7,15,4,23,1,3.0,24.0,9,0,0,3,0,1,0,0,1,2,1,1,0,10,67,6,3,13,1,18,2,2,0,0,44.0,1.0,0,0,1,1,0,0,0,0,0,0,0,0,44;34,,,78,0,0,2,2,0,0,1.0,0,0,0,0,0
2022,8,ATL,REG,CAR,20,28,253,3,2,2,-14,0,0,305,164,14,6.23405898248328,6.40126360314233,0,37,167,0,1,0,7,-3.9211678680608637,0,20,28,253,3,0,0,305,164,14,9.635512058413756,0,0,41,6,24,3,11,0,1.0,8.0,2,1,28,7,1,0,0,0,1,1,0,0,0,7,64,4,1,19,4,74,3,3,0,0,41.0,1.0,0,0,2,1,0,0,0,0,0,0,0,0,30;34;41,,,105,0,0,4,4,0,0,1.0,1,1,0,0,41
2022,8,BAL,REG,TB,27,38,238,2,0,3,-16,0,0,219,121,15,0.894350411842121,11.111223872970132,0,33,231,1,0,0,12,7.7250204983863116,0,27,34,238,2,0,0,219,121,15,7.332515113249648,0,0,33,4,16,5,24,0,3.0,20.0,6,0,0,7,0,0,0,0,0,0,1,1,0,7,101,4,3,27,3,72,2,3,0,1,30.0,0.6666666666666666,0,1,1,0,0,0,0,0,0,0,0,0,22;30,,61,52,0,61,3,3,0,0,1.0,0,0,0,0,0
2022,8,BUF,REG,GB,13,25,218,2,2,2,-2,0,0,321,87,8,0.6106176391767146,-9.546531200408936,0,27,153,1,0,0,9,5.9671541279262,0,13,25,218,2,1,0,321,87,8,1.7174902144178557,0,0,36,17,23,4,16,0,2.0,13.0,4,1,0,6,0,0,0,0,1,1,0,0,0,4,35,4,1,17,3,72,2,2,0,0,42.0,1.0,0,0,1,1,0,0,0,0,0,0,0,0,42;38,,,80,0,0,3,3,0,0,1.0,0,0,0,0,0
2022,8,CAR,REG,ATL,19,36,317,1,1,1,-8,0,0,423,142,12,1.3538939361486806,-9.84184423254596,0,36,169,3,0,0,10,5.46167924719681,1,19,36,317,1,0,0,423,142,12,2.6820679816909356,0,0,42,8,28,5,22,1,2.0,14.0,8,2,54,6,0,0,0,0,0,0,0,0,0,9,74,7,4,46,0,0,2,3,1,0,42.0,0.6666666666666666,0,0,1,1,0,0,0,0,1,0,0,0,37;42,32,,79,32,0,2,3,1,0,0.6666666666666666,0,0,0,0,0
2022,8,CHI,REG,DAL,18,24,156,2,0,4,-25,0,0,204,88,4,-4.975115096852506,10.81644542839216,0,43,240,2,0,0,16,11.495527995866723,0,18,23,156,2,1,1,204,88,4,-3.396921428969453,0,0,36,2,18,2,13,0,1.0,8.0,2,1,21,3,0,0,0,0,0,0,0,0,0,6,45,6,1,9,1,22,1,1,0,0,36.0,1.0,0,0,1,0,0,0,0,0,0,0,0,0,36,,,36,0,0,2,2,0,0,1.0,0,0,0,0,0
2022,8,CIN,REG,CLE,25,35,232,2,1,5,-39,1,1,200,115,9,-9.247885615689658,2.927129496546353,0,10,36,0,0,0,3,0.5049313362687826,0,25,34,232,2,0,0,200,115,9,3.715690311094302,0,0,36,9,39,1,1,1,2.0,10.0,7,1,10,1,0,0,0,0,0,0,1,1,0,2,6,5,1,15,3,56,0,1,1,0,,0.0,0,0,0,0,0,0,0,0,0,1,0,0,,47,,0,47,0,1,2,1,0,0.5,0,0,0,0,0
2022,8,CLE,REG,CIN,17,23,278,1,1,2,-10,1,1,225,104,12,8.892021824064587,22.263013422489166,0,44,172,3,0,0,12,1.3166113588814623,1,17,20,278,1,0,0,225,104,12,13.740318478175412,0,0,27,4,26,4,28,1,5.0,39.0,7,1,0,6,0,0,0,0,0,0,1,1,0,6,56,3,1,11,1,11,1,2,0,1,55.0,0.5,0,0,0,0,1,0,0,0,0,0,0,0,55,,53,55,0,53,3,3,0,0,1.0,0,0,0,0,0
2022,8,DAL,REG,CHI,21,27,250,2,1,1,-8,0,0,187,95,15,14.725687290658243,10.861051082611084,0,29,200,4,0,0,9,9.843254974752199,0,21,26,250,2,0,0,187,95,15,16.501516621094197,0,0,47,2,28,7,38,1,4.0,25.0,5,0,0,3,0,0,0,0,0,0,1,1,1,6,41,2,2,15,1,21,0,0,0,0,,,0,0,0,0,0,0,0,0,0,0,0,0,,,,0,0,0,7,7,0,0,1.0,0,0,0,0,0
2022,8,DEN,REG,JAX,18,30,252,1,1,3,-22,0,0,340,121,11,2.68317555761314,3.5436955782083364,0,28,101,2,0,0,8,-1.574739773903275,0,18,26,252,1,0,0,340,121,11,8.606237475789385,0,0,41,8,24,6,20,1,2.0,19.0,2,2,0,3,0,0,0,0,0,0,0,0,0,12,80,4,4,22,2,35,0,0,0,0,,,0,0,0,0,0,0,0,0,0,0,0,0,,,,0,0,0,3,3,0,0,1.0,0,0,0,0,0
2022,8,DET,REG,MIA,27,37,321,1,0,1,-10,0,0,267,178,13,8.690999072693476,1.0714886961756527,0,19,82,2,0,0,7,2.2301960450713523,0,27,37,321,1,0,0,267,178,13,11.005023476850429,0,0,41,6,16,4,16,1,2.0,13.0,2,0,0,2,0,0,0,0,0,0,1,1,0,6,30,5,1,4,1,17,2,2,0,0,42.0,1.0,0,1,0,1,0,0,0,0,0,0,0,0,42;26,,,68,0,0,3,3,0,0,1.0,0,0,0,0,0
2022,8,GB,REG,BUF,19,30,203,2,1,2,-13,0,0,236,102,8,-1.4000275104788396,-0.26813277910495625,0,31,208,0,0,0,12,5.2581559926620685,0,19,29,203,2,0,0,236,102,8,1.0958121269925234,0,0,31,8,16,4,15,1,2.0,2.0,3,2,2,6,0,0,0,0,0,0,0,0,0,8,58,6,1,3,4,67,1,2,1,0,38.0,0.5,0,0,1,0,0,0,0,0,0,0,1,0,38,55,,38,55,0,2,2,0,0,1.0,0,0,0,0,0
2022,8,HOU,REG,TEN,17,30,152,1,1,3,-34,0,0,236,60,5,-12.53959028190808,-12.061013380686441,0,18,43,0,0,0,4,-4.76152681116946,0,17,30,152,1,0,0,236,60,5,-7.099930543277878,0,0,42,6,24,5,18,1,3.0,15.0,4,1,33,1,0,0,0,0,0,0,1,1,0,6,45,4,3,18,2,39,1,1,0,0,43.0,1.0,0,0,0,1,0,0,0,0,0,0,0,0,43,,,43,0,0,1,1,0,0,1.0,0,0,0,0,0
2022,8,IND,REG,WAS,17,23,201,0,0,2,-12,1,1,192,91,8,1.2021074019139633,7.889848299648451,0,29,135,1,1,1,5,-8.945581876569738,0,17,23,201,0,0,0,192,91,8,7.4926138339797035,0,0,39,6,28,5,16,0,2.0,13.0,8,1,15,4,0,0,0,0,0,0,0,0,0,3,25,3,2,19,0,0,3,3,0,0,46.0,1.0,0,1,1,1,0,0,0,0,0,0,0,0,46;39;20,,,105,0,0,1,1,0,0,1.0,0,0,0,0,0
2022,8,JAX,REG,DEN,18,31,133,1,2,2,-19,1,0,173,81,6,-13.948518224156167,-8.473132124968938,0,32,191,1,0,0,12,7.584392991033383,0,18,28,133,1,0,0,173,81,6,-6.768725194423631,0,0,31,9,33,2,14,0,3.0,22.0,8,1,0,5,0,0,0,0,1,1,0,0,0,5,54,4,4,25,2,51,1,1,0,0,37.0,1.0,0,0,1,0,0,0,0,0,0,0,0,0,37,,,37,0,0,2,2,0,0,1.0,0,0,0,0,0
2022,8,LA,REG,SF,22,33,187,1,0,2,-20,0,0,138,99,11,0.43298314040293917,-5.46603687107563,0,21,56,1,0,0,3,-4.9760150733054616,0,22,32,187,1,0,0,138,99,11,5.341306577145588,0,0,29,8,32,5,18,1,3.0,12.0,4,0,0,4,0,0,0,0,0,0,0,0,0,4,50,4,1,0,2,50,0,0,0,0,,,0,0,0,0,0,0,0,0,0,0,0,0,,,,0,0,0,2,2,0,0,1.0,0,0,0,0,0
2022,8,LV,REG,NO,23,39,173,0,1,4,-28,0,0,326,117,9,-13.761938977986574,-8.479898633101048,0,13,38,0,0,0,3,-7.020489734248258,0,23,39,173,0,0,0,326,117,9,-8.493489467189647,0,0,39,4,28,2,2,0,0.0,0.0,0,0,0,2,0,0,0,0,0,0,0,0,0,6,59,5,1,3,2,42,0,0,0,0,,,0,0,0,0,0,0,0,0,0,0,0,0,,,,0,0,0,0,0,0,0,,0,0,0,0,0
2022,8,MIA,REG,DET,29,36,382,3,0,2,-13,0,0,404,69,18,25.073342884264672,19.852678214802463,0,26,107,1,0,0,8,-0.5824701130622998,0,29,34,382,3,1,1,404,69,18,24.296987763270987,0,0,36,4,18,3,14,0,1.0,10.0,4,0,0,3,0,0,0,0,0,0,0,0,0,7,55,0,2,24,1,13,1,1,0,0,45.0,1.0,0,0,0,1,0,0,0,0,0,0,0,0,45,,,45,0,0,4,4,0,0,1.0,0,0,0,0,0
2022,8,MIN,REG,ARI,24,36,232,2,0,3,-24,1,1,233,105,11,-3.1910115404883026,7.679807274572311,0,29,173,3,0,0,11,3.8940626412513666,0,24,31,232,2,0,0,233,105,11,8.477394055212885,0,0,51,4,6,8,38,0,4.0,29.0,6,2,27,9,0,0,0,0,0,0,1,1,0,10,86,3,2,6,0,0,0,1,0,1,,0.0,0,0,0,0,0,0,0,0,0,0,0,0,,,56,0,0,56,4,5,1,0,0.8,0,0,0,0,0
2022,8,NE,REG,NYJ,24,35,194,1,1,6,-33,1,0,160,135,9,-7.0442376870410754,2.238911669701338,0,34,127,0,0,0,9,-2.934441597592349,0,24,32,194,1,0,0,160,135,9,5.3344479483571785,0,0,24,8,20,2,19,0,2.0,19.0,2,3,43,6,0,0,0,0,1,1,0,0,0,6,54,4,2,32,1,16,5,5,0,0,52.0,1.0,0,0,1,3,1,0,0,0,0,0,0,0,31;42;49;45;52,,,219,0,0,1,1,0,0,1.0,0,0,0,0,0
2022,8,NO,REG,LV,23,31,231,2,0,0,0,0,0,171,125,12,9.437102018169693,1.9774014751116435,0,32,136,1,0,0,9,-0.20470767049118876,0,23,30,231,2,0,0,171,125,12,9.867765949993494,0,0,28,3,21,6,30,0,4.0,28.0,10,1,0,7,0,0,0,0,0,0,0,0,0,5,27,4,2,15,0,0,1,2,1,0,37.0,0.5,0,0,1,0,0,0,0,0,1,0,0,0,37,38,,37,38,0,3,3,0,0,1.0,0,0,0,0,0
2022,8,NYG,REG,SEA,17,31,176,0,0,5,-29,1,0,244,96,9,0.1013862401104284,-12.806823561268468,0,28,78,1,0,0,4,-6.619709132617572,0,17,31,176,0,0,0,244,96,9,3.0424647547278303,0,0,39,5,17,5,27,1,3.0,22.0,10,0,0,4,0,2,0,0,1,1,1,1,0,6,53,4,5,28,3,63,2,2,0,0,45.0,1.0,0,0,1,1,0,0,0,0,0,0,0,0,31;45,,,76,0,0,1,1,0,0,1.0,0,0,0,0,0
2022,8,NYJ,REG,NE,20,41,355,2,3,2,-19,0,0,399,194,15,-2.310067371747048,-5.108054332873401,0,15,51,0,0,0,1,-4.469911503838375,0,20,34,355,2,0,0,399,194,15,10.932619256228213,0,0,50,5,23,10,34,1,6.0,33.0,8,1,0,4,0,0,0,0,0,0,0,0,0,4,41,5,0,0,2,36,1,2,1,0,28.0,0.5,0,1,0,0,0,0,0,0,0,1,0,0,28,45,,28,45,0,2,2,0,0,1.0,0,0,0,0,0
2022,8,PHI,REG,PIT,20,30,308,4,0,3,-18,0,0,317,120,13,16.856543784437235,1.654232144355774,0,20,111,1,0,0,6,2.051266506605316,0,20,30,308,4,0,0,317,120,13,19.650047503819223,0,0,42,9,23,7,42,2,6.0,38.0,11,1,14,7,0,0,0,0,0,0,1,1,0,8,60,2,2,8,3,67,0,0,0,0,,,0,0,0,0,0,0,0,0,0,0,0,0,,,,0,0,0,5,5,0,0,1.0,0,0,0,0,0
2022,8,PIT,REG,PHI,27,40,196,1,1,6,-38,1,1,234,142,9,-13.209040543461697,0.970374271273613,0,24,144,0,1,0,10,9.333127202640753,0,27,40,196,1,0,0,234,142,9,-0.4231211395904739,0,0,33,5,17,4,28,0,3.0,18.0,4,0,0,5,0,0,0,0,0,0,0,0,0,9,60,3,1,10,2,47,2,2,0,0,38.0,1.0,0,1,1,0,0,0,0,0,0,0,0,0,38;29,,,67,0,0,1,1,0,0,1.0,0,0,0,0,0
2022,8,SEA,REG,NYG,23,34,212,2,0,3,-22,0,0,273,134,14,2.9801431340852598,6.508180047526504,0,25,87,1,0,0,4,-3.2040493028471246,0,23,33,212,2,1,1,273,134,14,2.278958647318681,0,0,48,4,16,7,36,3,5.0,29.0,8,0,0,6,0,0,0,0,0,0,2,2,0,3,25,3,2,16,1,26,2,2,0,0,51.0,1.0,0,0,1,0,1,0,0,0,0,0,0,0,35;51,,,86,0,0,3,3,0,0,1.0,0,0,0,0,0
2022,8,SF,REG,LA,22,26,269,3,0,3,-12,0,0,193,134,12,18.320948960790457,14.751210923378284,0,23,111,1,1,0,8,-0.5685311456327327,0,22,26,269,3,0,0,193,134,12,22.713668414049362,0,0,29,5,25,2,13,0,2.0,20.0,6,0,0,2,0,0,0,0,1,1,0,0,0,3,8,2,3,34,2,66,1,1,0,0,29.0,1.0,0,1,0,0,0,0,0,0,0,0,0,0,29,,,29,0,0,4,4,0,0,1.0,0,0,0,0,0
2022,8,TB,REG,BAL,26,44,325,1,0,3,-20,0,0,288,177,13,4.88281207040607,-4.528051685719263,0,15,44,1,0,0,4,-1.2216158752248627,0,26,42,325,1,0,0,288,177,13,10.067374463288141,0,0,47,7,25,7,26,0,3.0,16.0,3,0,0,3,0,1,0,0,0,0,0,0,0,4,35,4,3,33,0,0,3,3,0,0,31.0,1.0,0,1,2,0,0,0,0,0,0,0,0,0,31;30;26,,,87,0,0,1,1,0,0,1.0,0,0,0,0,0
2022,8,TEN,REG,HOU,6,10,55,0,1,3,-15,0,0,73,41,3,-10.618273179386037,1.7016205936670303,0,45,314,2,0,0,14,12.155001633043867,0,6,8,55,0,0,0,73,41,3,-4.909037794801407,0,0,32,5,13,7,50,0,3.0,34.0,6,1,0,2,0,1,0,0,0,0,0,0,0,6,35,3,4,40,1,17,1,2,1,0,29.0,0.5,0,1,0,0,0,0,0,0,0,1,0,0,29,48,,29,48,0,2,2,0,0,1.0,0,0,0,0,0
2022,8,WAS,REG,IND,23,31,279,1,1,2,-13,0,0,180,160,13,1.6814208044251928,4.313149452209473,0,28,96,1,0,0,7,-5.70678446997772,0,23,30,279,1,0,0,180,160,13,6.089568474520979,0,0,36,6,18,5,15,1,2.0,12.0,7,0,0,2,0,0,0,0,0,0,2,2,0,3,52,4,3,23,2,41,1,1,0,0,28.0,1.0,0,1,0,0,0,0,0,0,0,0,0,0,28,,,28,0,0,2,2,0,0,1.0,0,0,0,0,0
2022,9,ARI,REG,SEA,25,35,175,2,0,5,-35,1,0,213,98,8,-7.645203070744174,1.0584137656471946,0,21,122,0,1,1,6,-1.679474328935612,0,25,33,175,2,0,0,213,98,8,-0.255635801499011,0,0,40,12,26,4,14,0,2.0,12.0,8,1,30,4,1,0,0,0,2,3,0,0,0,12,77,6,2,7,4,81,0,0,0,0,,,0,0,0,0,0,0,0,0,0,0,0,0,,,,0,0,0,3,3,0,0,1.0,0,0,0,0,0
2022,9,ATL,REG,LAC,12,23,129,0,0,2,-15,0,0,343,42,7,-0.4422090611341434,-7.1926044381183125,0,35,201,2,0,0,12,8.990942553093191,0,12,23,129,0,1,1,343,42,7,-4.989717622361148,0,0,30,11,41,3,9,1,0.0,0.0,2,1,10,5,0,1,0,0,0,0,1,1,0,2,15,3,0,0,0,0,1,2,1,0,29.0,0.5,0,1,0,0,0,0,0,0,0,0,1,0,29,50,,29,50,0,2,2,0,0,1.0,0,0,0,0,0
2022,9,BAL,REG,NO,12,22,133,1,0,3,-2,0,0,222,67,7,4.459183780374766,-13.601844012737274,0,40,188,2,0,0,14,5.81278084529913,0,12,22,133,1,0,0,222,67,7,6.997048334116877,0,0,33,2,12,5,24,0,4.0,28.0,7,1,5,6,0,0,0,0,1,1,0,0,0,5,31,3,0,0,1,9,2,2,0,0,41.0,1.0,0,0,1,1,0,0,0,0,0,0,0,0,32;41,,,73,0,0,3,3,0,0,1.0,0,0,0,0,0
2022,9,BUF,REG,NYJ,18,34,205,0,2,5,-22,2,0,410,89,10,-12.699218766066833,-8.34578749808398,0,22,134,2,0,0,9,11.244183964977921,0,18,33,205,0,0,0,410,89,10,-7.159949017690151,0,0,31,7,35,3,14,1,2.0,18.0,3,0,0,1,0,0,0,0,2,2,1,1,0,3,30,6,1,18,1,0,1,2,1,0,51.0,0.5,0,0,0,0,1,0,0,0,0,0,1,0,51,55,,51,55,0,2,2,0,0,1.0,0,0,0,0,0
2022,9,CAR,REG,CIN,17,30,164,2,2,0,0,0,0,185,93,8,-1.5549176869972143,-10.028708775838217,0,18,64,1,0,0,4,0.2548941236746032,0,17,30,164,2,0,0,185,93,8,-1.5549176869972143,0,0,47,7,31,2,7,1,2.0,5.0,3,0,0,3,0,0,0,0,0,0,0,0,0,7,50,1,1,5,3,96,0,0,0,0,,,0,0,0,0,0,0,0,0,0,0,0,0,,,,0,0,0,3,3,0,0,1.0,0,0,0,0,0
2022,9,CHI,REG,MIA,17,28,123,3,0,2,-7,0,0,226,61,7,0.4234419765854254,-3.722935363098427,1,40,252,1,0,0,15,12.249899337519787,0,17,27,123,3,0,0,226,61,7,2.7743641352718695,1,0,31,7,7,0,0,0,0.0,0.0,3,0,0,2,0,0,0,0,0,0,0,0,0,4,92,3,1,2,1,30,1,1,0,0,32.0,1.0,0,0,1,0,0,0,0,0,0,0,0,0,32,,,32,0,0,3,3,0,0,1.0,0,0,0,0,0
2022,9,CIN,REG,CAR,25,31,228,1,0,2,-5,0,0,180,88,10,10.049437484939522,13.49350760380427,0,39,241,5,0,0,19,16.98227889186819,0,25,30,228,1,0,0,180,88,10,13.372953271641569,0,0,21,4,26,1,4,1,0.0,0.0,1,2,19,4,0,2,0,0,0,0,1,1,0,5,35,3,3,52,3,37,0,1,1,0,,0.0,0,0,0,0,0,0,0,0,0,1,0,0,,48,,0,48,0,6,6,0,0,1.0,0,0,0,0,0
2022,9,DET,REG,GB,14,26,137,2,1,0,0,0,0,106,93,10,-1.4637722153565846,-17.65383134285609,0,31,117,0,0,0,6,-5.661376441726927,1,14,24,137,2,0,0,106,93,10,0.1784243615111336,0,0,23,16,38,1,8,2,1.0,8.0,5,3,9,9,0,0,0,0,0,0,0,0,0,7,62,2,0,0,3,66,0,0,0,0,,,0,0,0,0,0,0,0,0,0,0,0,0,,,,0,0,0,1,1,0,0,1.0,0,0,0,0,0
2022,9,GB,REG,DET,23,43,291,1,3,1,-8,0,0,429,109,12,-13.542640392884577,-4.740061014890671,0,25,106,0,0,0,6,5.200026752660051,0,23,40,291,1,2,0,429,109,12,-9.797793174960615,0,0,29,8,26,2,4,0,0.0,0.0,3,1,29,4,0,0,0,0,0,0,0,0,0,8,81,5,1,10,1,33,1,1,0,0,25.0,1.0,0,1,0,0,0,0,0,0,0,0,0,0,25,,,25,0,0,0,0,0,0,,0,0,0,0,0
2022,9,HOU,REG,PHI,13,22,154,2,2,3,-19,0,0,160,93,8,-7.146010215591003,-5.676218299638657,0,32,168,0,0,0,10,0.5365875737334136,0,13,21,154,2,0,0,160,93,8,-0.5277979114547531,0,0,42,7,19,5,24,2,4.0,26.0,5,0,0,1,0,0,0,0,0,0,1,1,0,4,24,4,1,-2,0,0,1,1,0,0,30.0,1.0,0,0,1,0,0,0,0,0,0,0,0,0,30,,,30,0,0,2,2,0,0,1.0,0,0,0,0,0
2022,9,IND,REG,NE,15,29,103,0,1,9,-60,0,0,191,70,3,-29.42915181162472,-16.17114863225392,0,22,78,0,0,0,4,-8.481633201416116,0,15,28,103,0,0,0,191,70,3,-14.54434020764893,0,0,45,3,17,8,27,2,4.0,14.0,7,0,0,0,0,0,0,0,0,0,1,1,0,2,15,2,4,30,2,46,1,2,1,0,40.0,0.5,0,0,0,1,0,0,0,0,1,0,0,0,40,39,,40,39,0,0,0,0,0,,0,0,0,0,0
2022,9,JAX,REG,LV,25,31,235,1,0,0,0,0,0,176,88,12,13.699909377745056,17.857373891205622,0,37,168,2,1,1,11,-3.690805172466284,0,25,29,235,1,0,0,176,88,12,13.99871270271251,0,0,31,5,21,6,19,1,2.0,11.0,3,0,0,6,0,0,0,0,0,1,1,1,0,4,30,6,2,16,2,62,2,3,1,0,48.0,0.6666666666666666,0,0,0,2,0,0,0,0,0,1,0,0,44;48,41,,92,41,0,3,3,0,0,1.0,0,0,0,0,0
2022,9,KC,REG,TEN,43,68,446,1,1,4,-24,0,0,466,216,23,1.6704268365383994,-1.2164290393552473,0,19,77,1,0,0,5,4.475606801090296,1,43,62,446,1,0,0,466,216,23,11.134043804434285,0,0,25,3,29,4,24,0,3.0,23.0,4,0,0,4,0,0,0,0,0,0,0,0,0,10,69,3,5,59,2,39,2,3,1,0,28.0,0.6666666666666666,0,2,0,0,0,0,0,0,0,1,0,0,23;28,47,,51,47,0,0,1,1,0,0.0,0,0,0,0,0
2022,9,LA,REG,TB,13,27,165,1,0,4,-27,0,0,242,97,6,-4.682238655547344,-13.508521306973238,0,24,68,0,1,0,4,-5.503839863608922,0,13,26,165,1,1,0,242,97,6,1.3959140260371252,0,0,48,2,32,5,13,0,1.0,8.0,3,0,0,7,0,1,0,0,3,7,0,0,0,4,53,4,2,12,3,63,2,2,0,0,35.0,1.0,0,1,1,0,0,0,0,0,0,0,0,0,26;35,,,61,0,0,1,1,0,0,1.0,0,0,0,0,0
2022,9,LAC,REG,ATL,30,43,245,1,1,0,0,0,0,241,119,16,4.978715714501487,-1.4344064995299939,0,24,91,1,1,1,3,-2.908491769494931,0,30,43,245,1,0,0,241,119,16,4.978715714501487,0,0,34,6,22,3,17,1,2.0,15.0,3,0,0,1,0,0,0,0,0,0,2,2,0,5,45,4,3,29,1,18,2,2,0,0,37.0,1.0,0,0,2,0,0,0,0,0,0,0,0,0,31;37,,,68,0,0,2,2,0,0,1.0,1,1,0,0,37
2022,9,LV,REG,JAX,21,36,259,2,0,2,-11,0,0,355,122,11,7.940071661809695,-7.807883620262146,0,19,73,0,0,0,5,-4.545734637824353,0,21,36,259,2,0,0,355,122,11,10.042354261239295,0,0,42,6,30,2,6,0,0.0,0.0,4,0,0,2,0,0,0,0,0,0,1,1,0,5,45,5,3,29,2,21,2,2,0,0,38.0,1.0,0,0,2,0,0,0,0,0,0,0,0,0,38;38,,,76,0,0,2,2,0,0,1.0,0,0,0,0,0
2022,9,MIA,REG,CHI,21,30,302,3,0,0,0,0,0,262,103,15,18.976436718991838,10.105677719773917,0,23,77,1,1,0,4,-6.088810083689168,0,21,29,302,3,0,0,262,103,15,19.54364298439666,0,1,39,8,26,3,8,0,2.0,7.0,2,0,0,1,0,0,0,25,1,2,0,0,0,3,38,5,1,8,1,18,0,1,1,0,,0.0,0,0,0,0,0,0,0,1,0,0,0,0,,29,,0,29,0,5,5,0,0,1.0,0,0,0,0,0
2022,9,MIN,REG,WAS,23,41,262,2,1,2,-17,0,0,384,69,12,-0.12664685209046267,-1.1756671544833062,0,22,56,0,0,0,3,-5.8859340857782705,0,23,39,262,2,0,0,384,69,12,3.922235533741795,0,0,36,6,26,5,28,0,3.0,23.0,7,1,35,7,0,0,0,0,0,0,0,0,0,5,42,5,2,11,1,13,2,2,0,0,28.0,1.0,0,2,0,0,0,0,0,0,0,0,0,0,25;28,,,53,0,0,2,2,0,0,1.0,1,1,0,0,28
2022,9,NE,REG,IND,20,30,147,1,0,4,-14,0,0,164,85,6,-8.348341388273239,-0.6701986337530201,0,28,70,0,0,0,5,-6.819194499898003,0,20,29,147,1,2,1,164,85,6,-5.698193581070937,0,0,32,12,28,8,45,0,9.0,60.0,12,1,17,8,1,0,0,6,1,1,0,0,0,4,35,3,3,34,1,32,4,4,0,0,49.0,1.0,0,1,0,3,0,0,0,0,0,0,0,0,49;43;43;28,,,163,0,0,2,2,0,0,1.0,0,0,0,0,0
2022,9,NO,REG,BAL,20,30,223,1,1,4,-28,0,0,211,95,10,-3.760126466794972,1.1593669652938843,0,15,48,0,0,0,2,-4.04392073181225,0,20,28,223,1,0,0,211,95,10,6.032837203406847,0,0,45,2,16,5,17,0,3.0,2.0,2,0,0,1,0,0,0,0,0,0,0,0,0,5,40,6,1,8,2,33,2,2,0,0,37.0,1.0,0,0,2,0,0,0,0,0,0,0,0,0,33;37,,,70,0,0,1,1,0,0,1.0,0,0,0,0,0
2022,9,NYJ,REG,BUF,18,25,154,1,0,2,-18,1,1,160,86,9,-1.7840263415278539,4.715212931235631,0,34,174,1,1,0,12,2.305575014150236,0,18,24,154,1,0,0,160,86,9,5.947360138140824,0,0,33,3,21,3,12,2,5.0,22.0,8,2,21,6,0,0,0,0,1,1,0,0,0,3,30,4,0,0,2,40,2,2,0,0,53.0,1.0,0,1,0,0,1,0,0,0,0,0,0,0,53;28,,,81,0,0,2,2,0,0,1.0,0,0,0,0,0
2022,9,PHI,REG,HOU,21,27,243,2,0,4,-26,1,1,207,108,14,7.071212473500054,15.391002774238586,0,31,143,2,1,0,9,4.854351248305489,1,21,25,243,2,0,0,207,108,14,19.249532785557676,0,0,31,10,22,5,22,0,3.0,19.0,4,2,47,3,0,0,0,0,1,1,0,0,0,4,31,4,1,8,2,30,0,1,1,0,,0.0,0,0,0,0,0,0,0,0,0,0,1,0,,54,,0,54,0,3,3,0,0,1.0,0,0,0,0,0
2022,9,SEA,REG,ARI,26,34,275,2,1,2,-12,0,0,103,208,14,-1.2604089854546459,7.3150658048689365,0,34,158,2,0,0,10,4.008577646629419,0,26,32,275,2,0,0,103,208,14,4.31126672445977,0,0,46,5,11,8,56,1,4.0,30.0,5,0,0,4,0,1,0,0,1,1,1,1,0,6,34,2,3,23,2,41,1,1,0,0,49.0,1.0,0,0,0,1,0,0,0,0,0,0,0,0,49,,,49,0,0,4,4,0,0,1.0,0,0,0,0,0
2022,9,TB,REG,LA,36,58,280,1,0,1,-8,0,0,271,127,15,-4.883042285402229,-5.422011613845825,0,20,51,0,0,0,1,-7.846125563951336,0,36,55,280,1,0,0,271,127,15,0.461946047630005,0,0,31,4,18,6,32,0,4.0,27.0,8,0,0,2,0,0,0,0,0,0,0,0,0,7,55,5,8,82,1,25,3,4,0,1,50.0,0.75,0,1,1,0,1,0,0,0,0,0,0,0,20;38;50,,52,108,0,52,1,1,0,0,1.0,0,0,0,0,0
2022,9,TEN,REG,KC,5,16,80,0,0,3,-23,0,0,204,62,3,-5.561051800206769,-21.826747059822083,0,29,172,2,0,0,7,1.9009561303461786,0,5,13,80,0,0,0,204,62,3,-0.5809831912338268,0,0,49,8,34,4,24,0,4.0,24.0,9,1,4,4,0,0,0,0,0,0,0,0,0,8,51,5,2,11,4,72,1,1,0,0,44.0,1.0,0,0,0,1,0,0,0,0,0,0,0,0,44,,,44,0,0,2,2,0,0,1.0,0,0,0,0,0
2022,9,WAS,REG,MIN,15,28,149,2,1,3,-23,0,0,230,42,9,-11.00584169243908,-9.450863416378315,0,30,137,0,0,0,6,1.2110873557976447,0,15,26,149,2,0,0,230,42,9,-5.075063284772714,0,0,34,9,21,11,35,0,2.0,17.0,11,1,0,7,0,0,0,0,0,0,0,0,0,3,26,4,5,41,2,68,1,1,0,0,44.0,1.0,0,0,0,1,0,0,0,0,0,0,0,0,44,,,44,0,0,2,2,0,0,1.0,0,0,0,0,0
2022,10,ARI,REG,LA,26,37,238,1,0,2,-18,0,0,208,94,11,2.801847212307621,3.446721604892186,0,26,78,2,1,0,7,0.2641833780234615,0,26,35,238,1,1,0,208,94,11,9.760518495750148,0,0,39,4,16,4,17,1,3.0,19.0,12,1,53,6,0,0,0,0,2,2,1,1,0,10,67,4,3,40,2,14,2,2,0,0,46.0,1.0,0,0,1,1,0,0,0,0,0,0,0,0,36;46,,,82,0,0,3,3,0,0,1.0,0,0,0,0,0
2022,10,ATL,REG,CAR,19,30,186,2,1,5,-33,0,0,350,32,11,-7.50526937628616,6.704985376062064,0,25,138,0,0,0,6,1.1483075785217807,0,19,29,186,2,0,0,350,32,11,4.05124392270227,0,0,36,2,38,6,10,0,1.0,7.0,3,0,0,4,0,0,0,0,0,0,0,0,0,4,37,6,2,23,4,96,1,1,0,0,33.0,1.0,0,0,1,0,0,0,0,0,0,0,0,0,33,,,33,0,0,0,2,1,1,0.0,0,0,0,0,0
2022,10,BUF,REG,MIN,29,43,330,1,2,2,-19,0,0,359,105,17,2.7620260872521936,6.338263212180719,0,27,175,2,2,2,10,-6.886153781670146,0,29,41,330,1,0,0,359,105,17,8.997281251695709,0,0,48,3,21,9,33,1,4.0,23.0,10,2,46,9,0,0,0,0,0,1,0,0,0,7,64,5,3,25,7,157,3,3,0,0,45.0,1.0,0,1,1,1,0,0,0,0,0,0,0,0,34;45;29,,,108,0,0,3,3,0,0,1.0,0,0,0,0,0
2022,10,CAR,REG,ATL,10,16,108,0,0,1,-7,0,0,89,71,4,-1.4368196007872056,-6.534609384834766,0,47,232,2,0,0,13,6.690619410240177,0,10,16,108,0,0,0,89,71,4,0.24152099594175258,0,0,34,4,32,8,42,0,5.0,33.0,10,1,18,4,0,0,0,0,0,0,0,0,0,10,89,3,0,0,1,9,4,4,0,0,49.0,1.0,0,0,1,3,0,0,0,0,0,0,0,0,46;49;40;37,,,172,0,0,1,2,1,0,0.5,0,0,0,0,0
2022,10,CHI,REG,DET,12,20,167,2,1,3,-17,0,0,198,65,6,-3.748562037886586,3.110443221198188,0,35,258,2,1,0,14,8.061133014185462,0,12,18,167,2,0,0,198,65,6,3.856518659333233,0,0,39,7,11,5,18,0,2.0,8.0,3,0,0,2,0,0,0,0,0,0,0,0,0,9,86,5,3,44,2,67,1,1,0,0,33.0,1.0,0,0,1,0,0,0,0,0,0,0,0,0,33,,,33,0,0,3,4,1,0,0.75,0,0,0,0,0
2022,10,CLE,REG,MIA,22,35,212,1,0,3,-27,0,0,321,82,10,-5.999627243109737,0.8335589486009934,0,24,112,1,1,1,8,0.44493822142248973,0,22,34,212,1,0,0,321,82,10,1.4003094028222929,0,0,35,12,24,1,6,0,1.0,6.0,2,0,0,3,0,0,0,0,1,1,0,0,0,6,52,1,0,0,3,95,1,1,0,0,37.0,1.0,0,0,1,0,0,0,0,0,0,0,0,0,37,,,37,0,0,2,2,0,0,1.0,0,0,0,0,0
2022,10,DAL,REG,GB,27,46,265,3,2,2,-3,0,0,337,97,13,-6.6972863994014915,-4.478565603494644,0,31,159,1,0,0,11,7.290192264394136,0,27,44,265,3,0,0,337,97,13,-3.0245363182039,0,0,41,11,29,2,10,3,2.0,16.0,2,0,0,0,0,0,0,0,1,1,2,2,0,9,83,4,2,11,3,65,0,0,0,0,,,0,0,0,0,0,0,0,0,0,0,0,0,,,,0,0,0,4,4,0,0,1.0,0,0,0,0,0
2022,10,DEN,REG,TEN,21,42,286,1,1,6,-38,1,0,435,177,10,-6.271893201511955,-9.95285961872492,0,25,65,0,2,0,7,-2.7365443350863643,0,21,39,286,1,0,0,435,177,10,5.433326354367057,0,0,26,10,28,2,14,1,1.0,11.0,4,0,0,8,0,0,0,0,3,5,1,1,0,8,50,4,3,14,2,18,1,1,0,0,39.0,1.0,0,0,1,0,0,0,0,0,0,0,0,0,39,,,39,0,0,1,1,0,0,1.0,0,0,0,0,0
2022,10,DET,REG,CHI,19,26,236,1,0,2,-8,0,0,175,146,12,17.6367028652515,4.153426885604858,0,31,95,2,1,0,10,-10.210860449878965,0,19,25,236,1,0,0,175,146,12,20.347672895534124,0,0,39,8,16,3,17,1,3.0,17.0,4,1,20,4,1,0,0,0,1,2,0,0,0,2,15,1,0,0,1,39,1,1,0,0,25.0,1.0,0,1,0,0,0,0,0,0,0,0,0,0,25,,,25,0,0,4,4,0,0,1.0,0,0,0,0,0
2022,10,GB,REG,DAL,14,20,224,3,0,2,-16,1,1,226,90,8,6.877323577707897,11.04288775669901,0,39,207,1,1,0,9,4.68394910744865,0,14,19,224,3,0,0,226,90,8,14.702096073135067,0,0,45,8,24,3,5,1,2.0,3.0,6,2,68,6,0,1,0,0,1,1,0,0,0,6,40,6,4,32,5,103,1,2,1,0,28.0,0.5,0,1,0,0,0,0,0,0,0,0,1,0,28,54,,28,54,0,4,4,0,0,1.0,1,1,0,0,28
2022,10,HOU,REG,NYG,22,37,319,1,1,4,-33,0,0,258,197,15,5.210638428934834,-5.360804216281788,0,19,101,0,1,1,6,-4.638091672502924,0,22,37,319,1,0,0,258,197,15,11.057716856807073,0,0,38,14,34,5,22,0,3.0,21.0,6,0,0,1,0,0,0,0,1,1,0,0,0,7,40,5,3,17,1,32,3,3,0,0,46.0,1.0,0,0,2,1,0,0,0,0,0,0,0,0,38;34;46,,,118,0,0,1,1,0,0,1.0,0,0,0,0,0
2022,10,IND,REG,LV,21,28,222,1,0,1,-14,0,0,172,114,10,7.4465339963832635,2.2048806702649153,0,30,207,2,0,0,8,6.998946369454508,0,21,27,222,1,2,1,172,114,10,5.179015224045885,0,0,37,3,25,4,15,0,2.0,16.0,5,0,0,8,0,0,0,0,1,1,0,0,0,4,25,3,3,27,1,21,2,3,1,0,48.0,0.6666666666666666,0,0,0,2,0,0,0,0,0,1,0,0,48;48,48,,96,48,0,1,1,0,0,1.0,0,0,0,0,0
2022,10,JAX,REG,KC,29,40,259,2,0,5,-19,0,0,288,121,14,7.033499813008434,6.4788268162654,0,16,75,0,0,0,3,-1.6667369621573016,0,29,39,259,2,0,0,288,121,14,14.713123362272656,0,0,45,1,11,2,4,2,0.0,0.0,4,1,8,2,0,0,0,0,0,0,2,2,0,5,30,6,1,19,2,72,1,3,2,0,35.0,0.3333333333333333,0,0,1,0,0,0,0,0,0,1,1,0,35,51;41,,35,92,0,2,2,0,0,1.0,0,0,0,0,0
2022,10,KC,REG,JAX,26,35,331,4,1,0,0,0,0,258,134,17,20.044891346769873,6.86005345412663,0,27,155,0,2,1,8,-5.483768523728941,0,26,35,331,4,0,0,258,134,17,20.044891346769873,0,0,32,8,32,5,13,0,5.0,19.0,6,0,0,5,0,0,0,0,1,2,0,0,0,0,0,2,2,11,2,20,0,0,0,0,,,0,0,0,0,0,0,0,0,0,0,0,0,,,,0,0,0,3,4,1,0,0.75,0,0,0,0,0
2022,10,LA,REG,ARI,25,37,209,1,1,3,-19,1,1,244,110,12,-12.897769360861275,-3.544796640808518,0,20,66,1,1,0,7,1.325159787753035,0,25,37,209,1,0,0,244,110,12,-4.83718427689746,0,0,36,12,24,2,18,1,2.0,18.0,7,0,0,1,0,0,0,0,1,1,0,0,0,5,29,4,3,30,2,32,1,1,0,0,36.0,1.0,0,0,1,0,0,0,0,0,0,0,0,0,36,,,36,0,0,2,2,0,0,1.0,0,0,0,0,0
2022,10,LAC,REG,SF,21,37,196,1,1,3,-9,1,0,206,93,7,-7.978302814882684,-6.497187614440918,0,16,51,0,0,0,3,-0.4815323733491823,0,21,35,196,1,0,0,206,93,7,-3.8642888494322847,0,0,34,8,42,5,16,1,1.0,10.0,1,0,0,0,0,0,0,0,1,1,1,1,0,1,5,6,0,0,2,30,3,3,0,0,47.0,1.0,0,1,0,2,0,0,0,0,0,0,0,0,47;25;40,,,112,0,0,1,1,0,0,1.0,0,0,0,0,0
2022,10,LV,REG,IND,24,38,248,2,0,2,-16,0,0,312,160,10,1.9861640654127113,-8.722468191071561,0,24,77,1,0,0,8,-6.299166348006111,0,24,38,248,2,0,0,312,160,10,5.20574390153354,0,0,32,4,34,2,15,2,1.0,14.0,1,0,0,4,0,0,0,0,0,0,1,1,0,10,74,4,2,17,3,86,0,0,0,0,,,0,0,0,0,0,0,0,0,0,0,0,0,,,,0,0,0,2,2,0,0,1.0,0,0,0,0,0
2022,10,MIA,REG,CLE,26,33,302,3,0,1,-6,0,0,243,126,17,17.61573983361255,9.004691785032099,0,33,195,2,0,0,12,4.869621877643901,0,26,33,302,3,0,0,243,126,17,18.86836355149522,0,0,29,8,30,2,2,1,3.0,27.0,14,0,0,8,0,0,0,0,1,2,1,1,0,5,43,3,1,8,3,60,2,2,0,0,39.0,1.0,0,0,2,0,0,0,0,0,0,0,0,0,39;33,,,72,0,0,3,5,2,0,0.6,0,0,0,0,0
2022,10,MIN,REG,BUF,30,50,357,1,2,4,-23,1,0,430,115,14,4.856802254293262,-2.5901591181755066,0,25,147,2,1,0,9,0.5568898335332051,0,30,50,357,1,0,0,430,115,14,9.636327854725215,0,0,46,12,22,5,25,1,2.0,19.0,4,2,46,8,0,0,0,0,2,3,2,2,1,7,64,6,2,12,3,86,2,2,0,0,33.0,1.0,0,1,1,0,0,0,0,0,0,0,0,0,27;33,,,60,0,0,3,4,1,0,0.75,1,1,0,0,33
2022,10,NO,REG,PIT,17,28,174,1,2,2,-17,1,0,270,46,8,-2.1639724203268997,-5.348950411592211,0,15,29,0,1,0,2,-10.913893494519533,0,17,28,174,1,0,0,270,46,8,0.17293956398498267,0,0,49,7,31,7,33,1,6.0,37.0,7,0,0,2,0,0,0,0,2,3,0,0,0,10,74,4,0,0,4,93,1,1,0,0,44.0,1.0,0,0,0,1,0,0,0,0,0,0,0,0,44,,,44,0,0,1,1,0,0,1.0,0,0,0,0,0
2022,10,NYG,REG,HOU,13,17,197,2,0,3,-21,0,0,96,131,8,11.87755569035653,3.765855817233815,0,47,191,1,0,0,10,-2.859679268146476,0,13,17,197,2,0,0,96,131,8,15.641171556839254,0,0,30,8,26,4,17,1,4.0,33.0,12,1,0,6,0,0,0,0,0,0,1,1,0,5,24,3,2,2,1,21,1,1,0,0,49.0,1.0,0,0,0,1,0,0,0,0,0,0,0,0,49,,,49,0,0,3,3,0,0,1.0,0,0,0,0,0
2022,10,PHI,REG,WAS,17,26,175,2,1,1,-5,0,0,208,51,10,6.5370028813922545,-0.8244115114212036,0,20,94,1,0,0,7,4.29997033579275,0,17,25,175,2,2,2,208,51,10,-8.28505097492598,0,0,45,11,39,3,15,1,3.0,33.0,4,1,0,5,0,0,0,0,0,0,1,1,0,7,75,5,1,5,2,40,0,0,0,0,,,0,0,0,0,0,0,0,0,0,0,0,0,,,,0,0,0,3,3,0,0,1.0,0,0,0,0,0
2022,10,PIT,REG,NO,18,30,199,0,0,6,-37,0,0,221,93,9,-2.62797336663591,3.52344810962677,0,43,217,2,1,0,13,2.021671346970834,0,18,26,199,0,0,0,221,93,9,8.32850204368159,0,0,24,7,19,1,8,1,2.0,17.0,2,2,2,5,0,0,0,0,1,1,0,0,0,3,40,3,1,3,1,27,2,4,2,0,33.0,0.5,0,0,2,0,0,0,0,0,1,1,0,0,33;33,39;48,,66,87,0,2,2,0,0,1.0,0,0,0,0,0
2022,10,SEA,REG,TB,23,33,275,2,0,3,-31,1,1,254,120,15,3.934149179975278,5.530775857694222,0,14,39,0,0,0,3,-3.410833458416164,0,23,33,275,2,0,0,254,120,15,11.553522968683168,0,0,49,6,18,1,4,0,0.0,0.0,1,2,1,4,0,0,0,0,0,0,0,0,0,6,46,6,0,0,3,60,1,1,0,0,55.0,1.0,0,0,0,0,1,0,0,0,0,0,0,0,55,,,55,0,0,1,1,0,0,1.0,0,0,0,0,0
2022,10,SF,REG,LAC,19,28,240,0,0,1,-10,0,0,182,138,10,10.099975378465793,-2.3674067642007555,0,41,157,2,0,0,12,-2.016123439557425,0,19,28,240,0,1,1,182,138,10,6.291992603548757,0,0,30,5,19,4,9,1,3.0,9.0,9,1,6,7,0,0,0,0,0,0,0,0,0,5,52,3,0,0,1,29,3,3,0,0,26.0,1.0,0,3,0,0,0,0,0,0,0,0,0,0,20;26;20,,,66,0,0,1,2,1,0,0.5,0,0,0,0,0
2022,10,TB,REG,SEA,22,30,258,2,2,0,0,0,0,264,92,15,10.582435887427485,8.543969228349884,0,44,161,1,0,0,11,-2.2355516170791816,0,22,29,258,2,0,0,264,92,15,11.28983459272836,0,0,34,5,13,3,29,1,3.0,31.0,6,0,0,1,0,0,0,0,0,0,1,1,0,4,40,2,0,0,4,72,0,1,1,0,,0.0,0,0,0,0,0,0,0,0,0,0,1,0,,52,,0,52,0,3,3,0,0,1.0,0,0,0,0,0
2022,10,TEN,REG,DEN,19,36,255,2,0,1,-11,0,0,247,128,11,4.7924797096088145,-15.691849340995153,0,23,63,0,1,1,3,-9.86736609583022,0,19,36,255,2,0,0,247,128,11,6.807758535610846,0,0,36,11,25,6,33,1,6.0,38.0,18,1,1,7,0,1,0,0,1,1,0,0,0,9,60,4,4,51,1,17,1,1,0,0,35.0,1.0,0,0,1,0,0,0,0,0,0,0,0,0,35,,,35,0,0,2,2,0,0,1.0,0,0,0,0,0
2022,10,WAS,REG,PHI,17,29,211,0,1,3,-33,1,1,280,70,9,2.613699778785459,6.85555362701416,0,49,152,2,0,0,12,2.3480828861356713,0,17,25,211,0,0,0,280,70,9,11.410227450055233,0,0,27,1,21,1,5,2,1.0,5.0,1,1,0,3,0,0,0,0,1,1,3,3,1,5,58,4,1,12,1,14,4,4,0,0,58.0,1.0,0,0,1,1,2,0,0,0,0,0,0,0,44;58;32;55,,,189,0,0,2,2,0,0,1.0,0,0,0,0,0
2022,11,ARI,REG,SF,30,44,277,0,2,3,-30,0,0,254,133,12,-6.7401740770357,3.672127425670624,0,24,67,1,1,0,6,-4.994960998068564,0,30,42,277,0,0,0,254,133,12,-1.0406726156862725,0,0,28,10,22,0,0,0,0.0,0.0,4,0,0,4,0,0,0,0,0,0,0,0,0,5,50,3,1,15,0,0,1,1,0,0,40.0,1.0,0,0,0,1,0,0,0,0,0,0,0,0,40,,,40,0,0,1,1,0,0,1.0,0,0,0,0,0
2022,11,ATL,REG,CHI,13,20,131,1,0,0,0,0,0,104,75,7,1.545316881303611,-0.8762429157892863,0,33,149,1,1,1,8,-6.763903250102885,0,13,18,131,1,0,0,104,75,7,1.4760443443812343,0,1,41,9,25,8,34,0,4.0,25.0,5,1,0,4,0,1,0,0,0,0,0,0,0,2,13,3,3,31,3,147,2,2,0,0,53.0,1.0,0,0,0,1,1,0,0,0,0,0,0,0,40;53,,,93,0,0,3,3,0,0,1.0,0,0,0,0,0
2022,11,BAL,REG,CAR,24,33,209,0,1,3,-16,0,0,148,95,9,-5.457155479077839,0.20126765593886375,0,30,115,1,0,0,11,-2.221154021768598,0,24,32,209,0,0,0,148,95,9,-0.683658149229891,0,0,33,7,15,5,24,1,4.0,27.0,7,2,3,4,0,0,0,0,0,0,1,1,0,10,93,3,2,5,0,0,2,2,0,0,37.0,1.0,0,0,2,0,0,0,0,0,0,0,0,0,32;37,,,69,0,0,1,1,0,0,1.0,0,0,0,0,0
2022,11,BUF,REG,CLE,18,27,197,1,0,2,-11,0,0,210,51,9,6.955731245622292,2.9397120078404746,0,33,171,1,0,0,13,0.1858137446835172,0,18,24,197,1,0,0,210,51,9,12.033538478788197,0,0,30,13,27,5,24,0,1.0,8.0,5,0,0,5,0,0,0,0,0,0,1,1,0,8,89,5,2,37,3,76,6,6,0,0,56.0,1.0,0,1,2,2,1,0,0,0,0,0,0,0,42;36;56;49;28;39,,,250,0,0,1,1,0,0,1.0,0,0,0,0,0
2022,11,CAR,REG,BAL,21,33,196,0,2,4,-27,0,0,169,78,7,-14.267775053915102,-3.007736225281992,0,17,36,0,0,0,4,-3.937659169881196,0,21,31,196,0,1,1,169,78,7,-9.879338495375123,0,0,50,2,16,10,31,0,3.0,16.0,3,1,3,1,0,1,0,0,1,1,0,0,0,9,66,5,2,-3,1,8,1,1,0,0,32.0,1.0,0,0,1,0,0,0,0,0,0,0,0,0,32,,,32,0,0,0,0,0,0,,0,0,0,0,0
2022,11,CHI,REG,ATL,14,21,153,1,1,4,-25,0,0,186,64,7,1.4723194516478446,5.972134596423099,0,41,160,2,1,0,13,0.2657539282282335,0,14,19,153,1,0,0,186,64,7,7.937846494510804,0,0,34,8,18,2,4,2,0.0,0.0,1,0,0,1,0,0,0,0,2,3,2,2,0,7,56,3,0,0,1,55,1,2,1,0,41.0,0.5,0,0,0,1,0,0,0,0,0,0,1,0,41,56,,41,56,0,3,3,0,0,1.0,0,0,0,0,0
2022,11,CIN,REG,PIT,24,39,355,4,2,2,-9,0,0,303,171,18,12.716262676926382,-1.1195956049738705,0,24,62,0,0,0,3,-4.692992947875229,0,24,37,355,4,0,0,303,171,18,16.63679326698184,0,0,41,6,30,4,19,0,2.0,16.0,7,0,0,3,0,0,0,0,0,0,0,0,0,6,44,6,4,22,5,124,3,3,0,0,54.0,1.0,0,0,0,2,1,0,0,0,0,0,0,0,45;54;44,,,143,0,0,4,4,0,0,1.0,0,0,0,0,0
2022,11,CLE,REG,BUF,28,41,324,3,0,1,-8,0,0,355,166,19,17.766223915885625,5.770698801065103,0,26,80,0,1,1,6,-12.27939989528386,0,28,39,324,3,0,0,355,166,19,20.691812431806163,0,0,35,10,28,5,24,0,2.0,11.0,4,0,0,0,0,0,0,0,0,1,0,0,0,6,42,5,0,0,2,49,1,2,0,1,32.0,0.5,0,0,1,0,0,0,0,0,0,0,0,0,32,,34,32,0,34,2,2,0,0,1.0,0,0,0,0,0
2022,11,DAL,REG,MIN,26,30,307,2,0,0,0,0,0,137,187,11,19.65751336381527,12.897963722546896,0,40,151,2,0,0,12,0.5754262219167006,0,26,30,307,2,0,0,137,187,11,19.65751336381527,0,0,37,2,10,8,50,2,7.0,49.0,13,0,0,4,0,2,0,0,0,0,1,1,0,6,39,3,4,34,0,0,4,4,0,0,60.0,1.0,0,1,0,0,2,1,0,0,0,0,0,0,27;53;60;50,,,190,0,0,4,4,0,0,1.0,0,0,0,0,0
2022,11,DEN,REG,LV,24,31,247,0,0,3,-21,0,0,205,157,11,1.4625600621850832,16.559728873627527,0,28,94,1,1,0,6,-1.95972481764323,0,24,28,247,0,0,0,205,157,11,10.797165562795158,0,0,35,5,29,2,10,0,1.0,9.0,4,0,0,4,0,2,0,0,1,1,0,0,0,5,45,6,2,27,3,41,3,4,0,1,52.0,0.75,0,0,0,2,1,0,0,0,0,0,0,0,48;52;48,,25,148,0,25,1,1,0,0,1.0,0,0,0,0,0
2022,11,DET,REG,NYG,17,26,165,0,0,0,0,0,0,154,102,9,2.7965532299512796,-0.2765929698944092,0,37,160,4,0,0,12,1.8719769757590257,0,17,25,165,0,1,0,154,102,9,3.305523851924556,0,0,43,8,18,5,22,1,2.0,17.0,10,2,58,4,0,0,0,0,1,1,1,1,0,5,45,0,0,0,2,62,1,1,0,0,24.0,1.0,0,1,0,0,0,0,0,0,0,0,0,0,24,,,24,0,0,4,4,0,0,1.0,0,0,0,0,0
2022,11,GB,REG,TEN,24,39,227,2,0,1,-12,0,0,350,90,11,2.710083668859718,-0.4999771311476424,1,19,56,0,1,0,4,-4.261430211015977,0,24,37,227,2,0,0,350,90,11,6.186655966783408,1,0,33,11,37,2,9,0,3.0,17.0,5,1,22,1,0,0,0,0,1,1,0,0,0,5,40,6,3,42,5,108,1,1,0,0,39.0,1.0,0,0,1,0,0,0,0,0,0,0,0,0,39,,,39,0,0,0,1,0,1,0.0,0,0,0,0,0
2022,11,HOU,REG,WAS,19,33,169,0,2,5,-42,0,0,268,119,6,-18.63728263321312,-8.35101818665862,0,16,21,1,0,0,4,-2.625069852510933,0,19,32,169,0,0,0,268,119,6,-7.9775660947780125,0,0,38,7,33,2,5,0,0.0,0.0,6,0,0,0,0,0,0,0,0,0,0,0,0,2,15,3,2,14,0,0,1,1,0,0,29.0,1.0,0,1,0,0,0,0,0,0,0,0,0,0,29,,,29,0,0,1,1,0,0,1.0,0,0,0,0,0
2022,11,IND,REG,PHI,23,32,213,0,0,4,-28,0,0,194,104,9,-3.337152352619078,0.5957802457194175,0,26,99,1,1,1,5,-5.706076923321234,0,23,31,213,0,0,0,194,104,9,2.282844159714444,0,0,37,5,23,2,9,3,3.0,17.0,4,0,0,3,0,1,0,0,1,1,2,2,0,8,90,5,2,25,0,0,3,4,1,0,51.0,0.75,0,0,2,0,1,0,0,0,0,0,1,0,51;36;37,50,,124,50,0,1,1,0,0,1.0,0,0,0,0,0
2022,11,KC,REG,LAC,20,34,329,3,0,1,-7,0,0,340,142,15,17.985292608247814,0.7358161672469108,0,27,163,0,1,0,8,-0.2882829845799777,0,20,31,329,3,1,1,340,139,15,17.57146146018405,0,0,40,13,21,7,34,1,5.0,30.0,10,1,0,5,0,0,0,0,1,1,1,1,0,4,54,5,2,7,2,20,3,3,0,0,52.0,1.0,0,0,2,0,1,0,0,0,0,0,0,0,33;52;30,,,115,0,0,3,3,0,0,1.0,0,0,0,0,0
2022,11,LA,REG,NO,16,28,223,2,0,4,-35,0,0,278,67,10,0.10002395343001491,-6.634884741571215,0,30,148,0,0,0,7,-0.10043413419043645,0,16,27,223,2,0,0,278,67,10,5.334846815081354,0,0,35,2,26,5,43,0,4.0,39.0,6,0,0,1,0,0,0,0,0,0,0,0,0,6,55,6,2,14,1,34,2,2,0,0,58.0,1.0,0,0,1,0,1,0,0,0,0,0,0,0,33;58,,,91,0,0,2,2,0,0,1.0,0,0,0,0,0
2022,11,LAC,REG,KC,23,30,280,2,1,5,-30,0,0,243,111,12,6.737907420447568,10.825358999186548,0,30,115,1,0,0,9,3.7886492991819978,0,23,29,280,2,1,1,243,111,12,8.456126088113065,0,0,33,7,21,1,7,2,1.0,7.0,6,0,0,1,0,0,0,0,0,0,1,1,0,4,25,4,0,0,2,54,2,2,0,0,46.0,1.0,0,1,0,1,0,0,0,0,0,0,0,0,46;21,,,67,0,0,3,3,0,0,1.0,0,0,0,0,0
2022,11,LV,REG,DEN,23,37,307,2,0,1,-9,0,0,352,117,10,7.107108139808969,-3.1477324060491614,0,24,109,0,0,0,9,-0.6529051000192085,0,23,37,307,2,0,0,352,117,10,8.317836133906365,0,0,39,4,28,6,27,2,3.0,21.0,10,0,0,0,0,0,0,0,0,0,0,0,0,9,98,4,4,28,3,69,3,4,1,0,57.0,0.75,0,1,0,0,2,0,0,0,0,1,0,0,52;57;25,46,,134,46,0,1,1,0,0,1.0,0,0,0,0,0
2022,11,MIN,REG,DAL,17,30,159,0,0,7,-49,1,1,218,65,10,-16.0998425363092,-9.277403780392238,0,17,73,0,0,0,3,-3.8597743354621343,0,17,28,159,0,0,0,218,65,10,1.3520511887740096,0,0,53,5,17,7,13,0,0.0,0.0,1,0,0,1,0,1,0,0,1,1,0,0,0,7,59,4,1,3,2,48,1,1,0,0,25.0,1.0,0,1,0,0,0,0,0,0,0,0,0,0,25,,,25,0,0,0,0,0,0,,0,0,0,0,0
2022,11,NE,REG,NYJ,23,27,246,0,0,6,-48,0,0,127,161,8,-1.287339450327257,9.806888081409314,0,26,99,0,1,0,5,-6.437141119648004,0,23,27,246,0,0,0,127,161,8,8.177365915300136,0,1,22,10,22,5,27,0,4.0,33.0,6,0,0,3,0,0,0,0,1,1,0,0,0,8,55,5,5,109,1,15,1,3,2,0,24.0,0.3333333333333333,0,1,0,0,0,0,0,0,0,2,0,0,24,44;43,,24,87,0,1,1,0,0,1.0,0,0,0,0,0
2022,11,NO,REG,LA,22,28,274,3,0,4,-39,0,0,234,116,14,9.059845828677052,11.194828373414499,0,24,88,0,0,0,4,-5.068472933082376,0,22,27,274,3,0,0,234,116,14,16.959976489696835,0,0,34,6,26,3,20,0,4.0,35.0,7,0,0,5,0,0,0,0,0,0,0,0,0,2,15,3,4,40,0,0,2,2,0,0,46.0,1.0,0,1,0,1,0,0,0,0,0,0,0,0,46;25,,,71,0,0,3,3,0,0,1.0,0,0,0,0,0
2022,11,NYG,REG,DET,27,44,341,1,2,2,-17,0,0,377,132,17,2.524146832423983,1.2188779562711716,0,26,89,2,0,0,7,0.4324616896919906,0,27,40,341,1,1,1,377,132,17,3.506366559027927,0,0,32,12,24,3,6,1,0.0,0.0,3,0,0,3,0,0,0,0,0,0,0,0,0,8,63,6,2,10,3,41,0,0,0,0,,,0,0,0,0,0,0,0,0,0,0,0,0,,,,0,0,0,0,2,1,1,0.0,0,0,0,0,0
2022,11,NYJ,REG,NE,9,22,77,0,0,4,-33,0,0,196,23,3,-12.396901883883402,-22.353370189666748,0,23,59,0,0,0,1,-8.18261121987598,0,9,20,77,0,0,0,196,23,3,-4.247079399880022,0,0,46,5,17,6,34,0,6.0,48.0,8,0,0,2,0,2,0,0,0,0,0,0,0,3,15,5,2,9,3,49,1,1,0,0,45.0,1.0,0,0,0,1,0,0,0,0,0,0,0,0,45,,,45,0,0,0,0,0,0,,0,0,0,0,0
2022,11,PHI,REG,IND,18,25,190,1,0,3,-17,2,1,203,85,6,-5.438372384203831,9.174620846043462,0,33,141,1,0,0,11,0.7779689686832505,0,18,23,190,1,1,1,203,85,6,1.1805700619297568,0,0,40,4,22,7,35,1,4.0,28.0,8,0,0,3,0,0,0,0,1,2,1,1,0,7,55,2,1,13,0,0,1,1,0,0,22.0,1.0,0,1,0,0,0,0,0,0,0,0,0,0,22,,,22,0,0,2,2,0,0,1.0,0,0,0,0,0
2022,11,PIT,REG,CIN,25,42,265,1,0,2,-16,0,0,422,72,10,-2.2171212978394985,2.6883854677802637,0,24,102,2,0,0,5,-0.40935301064746454,0,25,38,265,1,0,0,422,72,10,2.523477201819019,0,0,34,5,31,4,8,0,2.0,9.0,7,2,3,8,0,1,0,0,1,1,0,0,0,8,70,6,2,16,7,154,3,3,0,0,42.0,1.0,0,0,2,1,0,0,0,0,0,0,0,0,42;30;34,,,106,0,0,3,3,0,0,1.0,0,0,0,0,0
2022,11,SF,REG,ARI,20,29,228,4,0,0,0,0,0,176,152,13,16.238574595444895,0.4171449562598919,0,28,159,1,0,0,7,4.21157004009001,0,20,29,228,4,0,0,176,152,13,16.238574595444895,0,0,47,4,12,8,40,1,3.0,30.0,9,2,0,6,0,0,0,0,0,0,0,0,0,3,30,1,2,13,0,0,1,1,0,0,39.0,1.0,0,0,1,0,0,0,0,0,0,0,0,0,39,,,39,0,0,5,5,0,0,1.0,0,0,0,0,0
2022,11,TEN,REG,GB,24,29,337,3,1,3,-17,0,0,256,148,15,17.33262638375163,24.324086749995196,0,32,88,1,0,0,5,-7.591045802808367,0,24,27,337,3,0,0,256,148,15,23.955734463525005,0,0,35,9,21,4,15,1,1.0,12.0,3,0,0,3,0,0,0,0,0,0,0,0,0,2,19,2,2,12,4,89,0,0,0,0,,,0,0,0,0,0,0,0,0,0,0,0,0,,,,0,0,0,3,4,1,0,0.75,0,0,0,0,0
2022,11,WAS,REG,HOU,15,27,191,0,0,0,0,0,0,240,76,10,1.1429916925475285,1.1930285588554714,0,40,153,1,1,0,11,-5.4209407936146015,0,15,23,191,0,0,0,240,76,10,4.272399761177168,0,0,30,3,17,9,50,0,5.0,42.0,9,2,37,4,1,0,0,0,1,2,0,0,0,5,36,5,4,22,2,48,3,3,0,0,44.0,1.0,0,2,0,1,0,0,0,0,0,0,0,0,25;24;44,,,93,0,0,2,2,0,0,1.0,0,0,0,0,0
2022,12,ARI,REG,LAC,18,29,191,2,1,1,-6,0,0,304,92,10,7.676268559221989,0.21860069698757595,0,34,181,1,1,1,9,-3.960412637104233,0,18,27,191,2,0,0,304,92,10,10.747275732137496,0,0,41,6,10,7,34,1,4.0,28.0,13,0,0,6,0,0,0,0,0,0,0,0,0,3,19,5,1,15,1,19,1,2,1,0,43.0,0.5,0,0,0,1,0,0,0,0,0,1,0,0,43,49,,43,49,0,3,3,0,0,1.0,0,0,0,0,0
2022,12,ATL,REG,WAS,15,25,174,1,1,1,-9,0,0,146,80,6,-4.720274761264227,-4.430620496471723,0,29,167,0,0,0,10,5.717455655656522,0,15,24,174,1,0,0,146,80,6,-3.149706198604326,0,0,22,8,46,0,0,0,0.0,0.0,2,1,12,3,0,0,0,0,0,0,0,0,0,2,20,5,0,0,2,28,2,3,1,0,48.0,0.6666666666666666,0,0,0,2,0,0,0,0,0,0,1,0,47;48,58,,95,58,0,1,1,0,0,1.0,0,0,0,0,0
2022,12,BAL,REG,JAX,16,32,254,1,0,1,-1,0,0,376,87,11,8.049962099316575,-6.156898190577825,1,35,162,1,2,2,13,-0.4428790389210917,0,16,30,254,1,1,0,376,87,11,10.744827097670923,1,0,37,3,21,5,23,2,4.0,27.0,6,0,0,1,0,0,0,0,0,0,1,1,0,3,20,4,0,0,3,35,4,5,1,0,55.0,0.8,0,3,0,0,1,0,0,0,0,0,0,1,27;29;55;24,67,,135,67,0,1,1,0,0,1.0,0,1,1,0,67
2022,12,BUF,REG,DET,24,42,253,2,1,3,-16,0,0,431,55,16,-0.7383982576910615,-4.1862397621839476,0,29,164,1,1,0,10,8.133311620324445,0,24,39,253,2,0,0,431,55,16,5.187066349433735,0,0,39,11,23,6,24,2,2.0,10.0,9,0,0,3,0,0,1,0,1,1,2,2,0,5,36,5,0,0,1,26,2,2,0,0,47.0,1.0,0,0,0,2,0,0,0,0,0,0,0,0,47;45,,,92,0,0,2,3,1,0,0.6666666666666666,1,1,0,0,45
2022,12,CAR,REG,DEN,11,19,164,1,0,0,0,0,0,194,68,9,5.222650467945947,4.99993036775028,0,46,185,1,1,0,10,-2.7516286731710955,0,11,17,164,1,0,0,194,68,9,7.282168423877316,0,0,33,5,15,3,20,2,3.0,17.0,10,0,0,4,0,1,0,0,1,1,2,2,0,4,34,3,5,44,0,0,3,3,0,0,42.0,1.0,0,1,1,1,0,0,0,0,0,0,0,0,42;26;36,,,104,0,0,2,2,0,0,1.0,0,0,0,0,0
2022,12,CHI,REG,NYJ,14,25,179,1,1,2,-14,0,0,172,110,7,-7.048849895317627,-6.454069415728251,0,29,127,0,0,0,7,3.570657561882399,0,14,24,179,1,1,0,172,110,7,-3.1529786041477306,0,0,28,10,38,4,12,0,1.0,7.0,3,0,0,3,0,0,0,0,2,2,0,0,0,1,10,5,1,12,0,0,1,1,0,0,22.0,1.0,0,1,0,0,0,0,0,0,0,0,0,0,22,,,22,0,0,1,1,0,0,1.0,0,0,0,0,0
2022,12,CIN,REG,TEN,22,37,270,1,0,1,-4,0,0,245,99,11,5.719894102371747,-7.248658852444755,0,28,108,1,0,0,7,-1.8511593181465287,0,22,36,270,1,0,0,245,99,11,8.957048702582235,0,0,27,12,32,4,18,1,1.0,10.0,6,0,0,6,0,0,0,0,0,0,0,0,0,9,80,0,2,10,1,14,2,2,0,0,47.0,1.0,0,0,1,1,0,0,0,0,0,0,0,0,47;38,,,85,0,0,2,2,0,0,1.0,0,0,0,0,0
2022,12,CLE,REG,TB,23,37,210,1,1,4,-32,0,0,420,101,10,-5.779003368502817,0.29156352910730576,0,34,189,2,0,0,10,7.652854663319886,0,23,36,210,1,0,0,420,101,10,0.6791686830824621,0,0,39,1,25,5,16,0,3.0,17.0,6,0,0,7,0,0,0,0,0,0,0,0,0,5,42,7,5,75,2,67,1,2,1,0,51.0,0.5,0,0,0,0,1,0,0,0,1,0,0,0,51,39,,51,39,0,2,2,0,0,1.0,0,0,0,0,0
2022,12,DAL,REG,NYG,21,30,261,2,2,0,0,0,0,352,83,13,11.651603471429553,13.259651897282437,0,39,169,2,0,0,10,-2.633547550727411,0,21,29,261,2,0,0,352,83,13,12.22394971823087,0,0,37,2,12,3,18,1,3.0,18.0,7,0,0,1,0,0,0,0,1,1,0,0,0,13,86,4,0,0,0,0,0,1,1,0,,0.0,0,0,0,0,0,0,0,0,0,1,0,0,,46,,0,46,0,4,4,0,0,1.0,0,0,0,0,0
2022,12,DEN,REG,CAR,19,35,142,1,0,3,-17,1,1,371,47,8,-14.191399136862458,-1.1943898629397154,0,19,121,0,0,0,5,-1.0433106607649574,0,19,32,142,1,0,0,371,47,8,-5.538885128755795,0,0,37,10,32,1,3,1,0.0,0.0,2,0,0,1,0,0,0,0,0,0,1,1,0,4,44,5,1,0,3,69,1,2,1,0,27.0,0.5,0,1,0,0,0,0,0,0,0,0,1,0,27,56,,27,56,0,1,1,0,0,1.0,0,0,0,0,0
2022,12,DET,REG,BUF,23,37,240,2,0,2,-10,0,0,253,136,13,5.661230087837421,-3.1907149723597934,0,28,96,1,1,1,7,-3.2778628549566493,1,23,35,240,2,0,0,253,136,13,9.157763555038937,0,0,38,8,22,4,20,0,3.0,16.0,8,1,4,4,0,1,0,0,2,2,0,0,0,3,32,1,2,54,4,80,1,2,1,0,51.0,0.5,0,0,0,0,1,0,0,1,0,0,0,0,51,29,,51,29,0,2,2,0,0,1.0,0,0,0,0,0
2022,12,GB,REG,PHI,17,25,253,3,2,3,-17,0,0,186,155,12,7.543023534947521,0.8728744983673096,0,21,106,1,0,0,6,1.5448776679113507,0,17,25,253,3,0,0,186,155,12,12.209505494930296,0,0,49,4,32,3,8,1,2.0,16.0,3,0,0,3,0,0,0,0,0,0,1,1,0,4,35,4,0,0,5,172,2,2,0,0,33.0,1.0,0,1,1,0,0,0,0,0,0,0,0,0,29;33,,,62,0,0,3,4,1,0,0.75,0,0,0,0,0
2022,12,HOU,REG,MIA,26,39,215,1,2,5,-41,2,0,210,125,9,-16.719812435890994,-4.851921451719184,0,14,36,1,0,0,3,-1.235962226593867,0,26,38,215,1,1,1,210,125,9,-14.105117196835558,0,0,42,6,14,6,33,0,5.0,32.0,6,0,0,3,0,0,0,0,2,2,1,1,0,5,45,3,5,81,2,33,1,1,0,0,28.0,1.0,0,1,0,0,0,0,0,0,0,0,0,0,28,,,28,0,0,0,0,0,0,,0,0,0,0,0
2022,12,IND,REG,PIT,22,34,199,1,1,3,-19,1,0,214,72,11,-5.069278820529432,-1.1660978198051453,0,25,110,1,1,1,7,-4.966712840483524,0,22,32,199,1,1,0,214,72,11,1.5219540624578107,0,0,41,9,29,4,24,0,3.0,23.0,3,0,0,3,0,0,0,0,1,2,0,0,0,2,20,4,0,0,5,225,1,2,0,1,51.0,0.5,0,0,0,0,1,0,0,0,0,0,0,0,51,,59,51,0,59,2,2,0,0,1.0,0,0,0,0,0
2022,12,JAX,REG,BAL,29,37,321,3,0,4,-27,2,1,247,131,16,14.854537296227448,11.614100916965588,1,20,38,0,0,0,1,-11.861077604349703,0,29,37,321,3,0,0,247,131,16,22.92047067731832,1,0,33,9,29,4,7,3,1.0,1.0,3,0,0,3,0,0,0,0,1,1,2,2,0,4,19,5,0,0,0,0,2,2,0,0,29.0,1.0,0,2,0,0,0,0,0,0,0,0,0,0,22;29,,,51,0,0,2,2,0,0,1.0,0,0,0,0,0
2022,12,KC,REG,LA,27,42,320,1,1,0,0,0,0,261,163,20,7.435447872671729,4.81120863476315,0,30,117,1,0,0,6,1.7837583853451515,0,27,37,320,1,0,0,261,163,20,10.601624459956737,0,0,31,2,24,5,28,0,3.0,24.0,5,2,41,8,0,1,0,0,0,0,0,0,0,3,25,3,1,0,0,0,4,4,0,0,32.0,1.0,0,3,1,0,0,0,0,0,0,0,0,0,27;32;22;22,,,103,0,0,2,2,0,0,1.0,0,0,0,0,0
2022,12,LA,REG,KC,14,24,106,1,2,3,-24,0,0,143,42,8,-10.329341900302097,-8.92526643971602,0,28,116,0,0,0,5,-1.9509266457508856,0,14,24,106,1,0,0,143,42,8,-5.500167708029039,0,0,32,4,42,0,0,0,0.0,0.0,2,1,0,3,0,0,0,0,0,0,1,1,0,5,25,6,0,0,3,78,1,1,0,0,47.0,1.0,0,0,0,1,0,0,0,0,0,0,0,0,47,,,47,0,0,1,1,0,0,1.0,0,0,0,0,0
2022,12,LAC,REG,ARI,35,47,274,3,0,4,-28,0,0,176,175,18,3.1620497274572066,4.8910407943928496,1,13,65,0,0,0,4,1.2601259538787417,0,35,47,274,3,1,0,176,175,18,11.557093268610634,1,0,37,9,21,2,7,1,1.0,6.0,1,1,0,5,0,0,0,0,1,1,1,1,0,4,30,4,2,25,0,0,1,1,0,0,26.0,1.0,0,1,0,0,0,0,0,0,0,0,0,0,26,,,26,0,0,2,2,0,0,1.0,0,0,0,0,0
2022,12,LV,REG,SEA,25,36,295,3,2,1,-2,0,0,309,132,14,13.628719066444319,3.606137881676356,0,40,283,2,0,0,13,2.379283074151724,0,25,36,295,3,0,0,309,132,14,14.629160900774878,0,0,34,5,27,3,11,0,3.0,21.0,10,1,24,4,0,1,0,0,1,1,1,1,0,7,50,4,3,11,3,73,2,3,1,0,36.0,0.6666666666666666,0,1,1,0,0,0,0,0,0,0,1,0,36;25,56,,61,56,0,4,4,0,0,1.0,0,0,0,0,0
2022,12,MIA,REG,HOU,23,41,305,1,0,5,-32,0,0,465,81,18,5.040371083818369,-2.7267325865594962,0,26,66,1,1,1,5,-11.873499707784504,0,23,38,305,1,0,0,465,81,18,13.429567017956016,0,0,35,6,22,6,36,3,5.0,41.0,7,2,40,6,0,0,0,0,0,1,1,1,1,4,35,3,3,22,0,0,3,3,0,0,45.0,1.0,0,1,1,1,0,0,0,0,0,0,0,0,45;23;35,,,103,0,0,3,3,0,0,1.0,0,0,0,0,0
2022,12,MIN,REG,NE,31,38,310,3,1,1,-9,0,0,216,131,16,12.271400627105427,10.386603506835732,0,27,57,0,0,0,2,-8.11214391028625,0,31,37,310,3,0,0,216,131,16,14.977807653260347,0,1,35,6,14,3,25,0,3.0,18.0,3,0,0,4,0,0,0,0,0,0,0,0,0,3,20,2,1,11,6,166,2,2,0,0,36.0,1.0,0,0,2,0,0,0,0,0,0,0,0,0,30;36,,,66,0,0,3,4,1,0,0.75,0,0,0,0,0
2022,12,NE,REG,MIN,28,39,382,2,0,3,-18,0,0,310,183,14,5.7999536277894315,10.886459691183907,0,13,45,0,0,0,3,-2.216987445601262,0,28,35,382,2,0,0,310,183,14,10.927713398890841,0,0,39,11,29,5,20,0,1.0,9.0,4,1,55,4,0,0,0,0,1,1,0,0,0,6,55,6,2,11,1,46,4,4,0,0,46.0,1.0,0,2,1,1,0,0,0,0,0,0,0,0,34;46;23;25,,,128,0,0,2,2,0,0,1.0,0,0,0,0,0
2022,12,NO,REG,SF,18,30,204,0,0,1,-7,0,0,246,92,8,-0.2192609507474117,-3.3994355301062265,0,22,63,0,1,1,4,-8.734301785443677,0,18,30,204,0,1,1,246,92,8,-2.4788612920674495,0,0,33,13,29,2,4,0,1.0,1.0,6,0,0,4,0,0,0,0,0,0,0,0,0,6,46,3,2,18,3,60,0,1,1,0,,0.0,0,0,0,0,0,0,0,0,0,1,0,0,,48,,0,48,0,0,0,0,0,,0,0,0,0,0
2022,12,NYG,REG,DAL,21,35,228,1,0,3,-18,0,0,233,104,11,-4.720334514948605,4.485398119893567,0,21,90,1,1,0,6,0.44710861751809716,0,21,29,228,1,0,0,233,104,11,2.894181271229172,0,0,42,3,23,6,14,0,0.0,0.0,9,2,18,5,0,0,0,0,1,1,0,0,0,7,66,6,1,3,0,0,2,2,0,0,57.0,1.0,0,0,0,1,1,0,0,0,0,0,0,0,57;47,,,104,0,0,2,2,0,0,1.0,0,0,0,0,0
2022,12,NYJ,REG,CHI,22,29,315,3,0,1,-7,0,0,155,183,14,14.554264967002629,8.604693306343895,0,32,158,1,0,0,8,0.17657748609781265,0,22,28,315,3,1,0,155,183,14,18.735199579525464,0,0,26,7,29,3,9,1,2.0,14.0,5,1,0,2,0,0,0,0,1,1,0,0,0,1,5,2,2,38,1,18,1,2,1,0,57.0,0.5,0,0,0,0,1,0,0,0,0,0,1,0,57,53,,57,53,0,4,4,0,0,1.0,0,0,0,0,0
2022,12,PHI,REG,GB,16,28,153,2,0,2,-16,0,0,197,59,6,1.6585759276167145,-2.8015947341918945,0,49,363,3,1,0,22,19.12688372459449,0,16,25,153,2,1,1,197,59,6,-0.3646334258265207,0,0,29,3,21,4,16,0,3.0,17.0,5,2,4,4,0,0,0,0,1,1,0,0,0,3,25,4,0,0,4,91,2,2,0,0,54.0,1.0,0,0,1,0,1,0,0,0,0,0,0,0,31;54,,,85,0,0,4,5,1,0,0.8,0,0,0,0,0
2022,12,PIT,REG,IND,20,28,174,0,0,3,-23,0,0,163,81,10,-0.00576427199304308,-0.2720495419842856,1,36,172,2,0,0,11,7.902953464537859,0,20,28,174,0,0,0,163,81,10,5.829151833850106,1,0,31,7,35,2,12,2,3.0,19.0,8,1,0,5,0,0,0,0,0,0,1,1,0,3,19,3,3,18,0,0,3,3,0,0,52.0,1.0,0,1,0,1,1,0,0,0,0,0,0,0,45;52;25,,,122,0,0,1,1,0,0,1.0,0,0,0,0,0
2022,12,SEA,REG,LV,27,37,328,2,1,3,-21,0,0,289,127,15,8.042676463470828,6.15445077419281,0,23,65,2,1,1,7,-5.949223311210517,0,27,37,328,2,0,0,289,127,15,11.59375798863269,0,0,43,6,40,2,3,0,1.0,2.0,4,2,39,7,0,0,0,0,0,0,0,0,0,2,10,2,1,11,2,52,2,2,0,0,34.0,1.0,0,1,1,0,0,0,0,0,0,0,0,0,24;34,,,58,0,0,4,4,0,0,1.0,0,0,0,0,0
2022,12,SF,REG,NO,26,37,222,1,0,1,-1,0,0,208,110,12,1.2983711801601878,4.2597243914733065,0,29,96,0,0,0,7,-3.88787591655273,0,26,37,222,1,0,0,208,110,12,5.594723823738035,0,0,30,7,23,2,10,2,1.0,7.0,5,0,0,4,0,0,0,0,0,0,2,2,0,7,64,3,2,18,0,0,2,2,0,0,46.0,1.0,0,1,0,1,0,0,0,0,0,0,0,0,24;46,,,70,0,0,1,1,0,0,1.0,0,0,0,0,0
2022,12,TB,REG,CLE,29,43,246,2,0,3,-17,0,0,391,151,9,-1.7076084542957708,1.6063595811525981,0,20,96,0,0,0,5,-0.4923457441618666,0,29,42,246,2,0,0,391,151,9,1.8119222480865553,0,0,47,9,27,7,23,0,4.0,32.0,11,1,0,4,0,0,0,0,0,0,0,0,0,9,70,2,2,24,0,0,1,1,0,0,42.0,1.0,0,0,0,1,0,0,0,0,0,0,0,0,42,,,42,0,0,2,2,0,0,1.0,0,0,0,0,0
2022,12,TEN,REG,CIN,22,34,291,0,0,1,-10,0,0,285,152,12,6.658359868077946,0.39948943783255186,0,21,63,0,0,0,2,-3.296112373820506,0,22,34,291,0,1,0,285,152,12,8.747390307577712,0,0,35,5,19,4,15,0,1.0,4.0,4,0,0,6,0,0,0,0,1,1,0,0,1,8,57,6,4,42,1,20,3,4,1,0,38.0,0.75,0,1,2,0,0,0,0,0,1,0,0,0,33;24;38,35,,95,35,0,1,1,0,0,1.0,0,0,0,0,0
2022,12,WAS,REG,ATL,14,23,138,2,1,0,0,0,0,146,49,8,2.3663911386651924,-2.758466520092704,0,37,176,0,0,0,11,4.917702540906555,0,14,22,138,2,0,0,146,49,8,3.1399432830771437,0,0,30,6,26,3,13,0,1.0,9.0,4,1,0,3,0,0,0,0,0,0,0,0,0,4,28,3,0,0,2,51,2,2,0,0,45.0,1.0,0,0,1,1,0,0,0,0,0,0,0,0,30;45,,,75,0,0,1,2,1,0,0.5,0,0,0,0,0
2022,13,ATL,REG,PIT,13,24,167,1,1,1,-7,0,0,374,47,9,-4.990370061447824,-5.318248892823855,0,28,146,0,0,0,9,4.525125132291578,0,13,24,167,1,0,0,374,47,9,-3.620213673858779,0,0,22,9,49,1,5,0,0.0,0.0,4,0,0,2,0,0,0,0,0,0,0,0,0,6,48,4,0,0,3,55,3,3,0,0,51.0,1.0,0,1,0,0,2,0,0,0,0,0,0,0,50;51;28,,,129,0,0,1,1,0,0,1.0,0,0,0,0,0
2022,13,BAL,REG,DEN,30,37,198,0,2,4,-16,0,0,231,89,9,-11.132525428256486,12.869968016942343,0,28,103,1,0,0,9,1.0684457885815712,0,30,36,198,0,1,0,231,89,9,-6.26663687225664,0,0,35,11,23,4,9,0,2.0,5.0,4,0,0,1,0,0,0,0,0,0,0,0,0,3,15,5,1,3,3,62,1,1,0,0,26.0,1.0,0,1,0,0,0,0,0,0,0,0,0,0,26,,,26,0,0,1,1,0,0,1.0,0,0,0,0,0
2022,13,BUF,REG,NE,22,33,223,2,0,2,0,1,1,267,105,15,11.751593803815462,3.5062553304614443,0,37,132,1,0,0,7,-2.620518490381073,0,22,33,223,2,0,0,267,105,15,16.039038612685083,0,0,31,6,14,4,23,1,1.0,13.0,4,0,0,6,0,0,0,0,0,0,0,0,0,6,47,3,2,4,2,26,1,1,0,0,48.0,1.0,0,0,0,1,0,0,0,0,0,0,0,0,48,,,48,0,0,3,3,0,0,1.0,0,0,0,0,0
2022,13,CHI,REG,GB,20,25,254,0,2,0,0,0,0,260,49,8,4.41604439776219,14.459285616874695,0,25,155,2,0,0,7,6.697765732963449,0,20,25,254,0,1,1,260,49,8,-0.6382856854301364,0,0,40,5,19,4,11,0,0.0,0.0,0,0,0,0,0,0,0,0,0,0,0,0,0,5,63,4,1,18,5,142,2,3,0,1,40.0,0.6666666666666666,0,1,0,1,0,0,0,0,0,0,0,0,40;28,,40,68,0,40,1,2,1,0,0.5,0,0,0,0,0
2022,13,CIN,REG,KC,25,31,286,2,0,1,-7,0,0,231,147,15,19.75341487690151,10.63936420025364,0,34,152,1,0,0,9,-6.657004966342356,0,25,31,286,2,0,0,231,147,15,21.054088387664372,0,0,34,5,17,3,13,1,2.0,12.0,8,0,0,4,0,0,0,0,0,0,1,1,0,6,65,3,1,10,2,27,2,2,0,0,41.0,1.0,0,0,1,1,0,0,0,0,0,0,0,0,36;41,,,77,0,0,3,3,0,0,1.0,0,0,0,0,0
2022,13,CLE,REG,HOU,12,22,131,0,1,1,-1,0,0,136,64,6,-4.5595246769290085,-13.512844698769706,0,38,174,0,1,0,8,-5.130556698910517,0,12,21,131,0,1,1,136,64,6,-8.277395571748507,0,1,24,10,38,1,4,2,0.0,0.0,2,2,16,7,1,0,0,0,1,1,2,2,1,6,56,3,3,86,3,48,2,2,0,0,43.0,1.0,0,0,0,2,0,0,0,0,0,0,0,0,43;42,,,85,0,0,3,3,0,0,1.0,0,0,0,0,0
2022,13,DAL,REG,IND,20,30,170,3,1,1,-5,0,0,207,120,11,2.4561479135155677,-4.5279282331466675,0,34,220,4,0,0,10,11.640022362873424,0,20,30,170,3,0,0,207,120,11,3.6619887011330574,0,0,45,6,24,6,26,2,3.0,30.0,7,3,26,7,0,0,0,0,0,0,2,2,1,3,43,2,0,0,3,64,0,0,0,0,,,0,0,0,0,0,0,0,0,0,0,0,0,,,,0,0,0,6,7,0,1,0.8571428571428571,0,0,0,0,0
2022,13,DEN,REG,BAL,17,22,189,0,0,2,-5,0,0,223,52,7,0.7976540760950273,15.959630977539788,0,28,88,0,0,0,4,-7.824520989714408,0,17,21,189,0,0,0,223,52,7,3.909579383290661,0,0,44,7,35,5,18,1,4.0,16.0,5,2,8,3,0,0,0,0,0,0,0,0,0,4,48,5,3,19,3,32,3,4,1,0,52.0,0.75,0,0,0,1,2,0,0,0,0,0,0,1,52;41;50,63,,143,63,0,0,0,0,0,,0,1,1,0,63
2022,13,DET,REG,JAX,31,41,340,2,0,2,-3,0,0,246,159,21,21.616481448157973,4.645472764968872,0,31,100,2,0,0,8,-4.4709801935120765,0,31,39,340,2,0,0,246,159,21,25.595565007396676,0,0,29,6,16,3,14,1,2.0,14.0,4,0,0,4,0,0,0,0,0,0,1,1,0,1,10,2,2,20,2,71,4,4,0,0,47.0,1.0,0,0,1,3,0,0,0,0,0,0,0,0,45;47;38;44,,,174,0,0,4,4,0,0,1.0,0,0,0,0,0
2022,13,GB,REG,CHI,18,31,182,1,0,0,0,0,0,324,92,11,4.585964806516531,-3.1375948091348014,1,32,175,2,0,0,8,6.8076468631625175,0,18,30,182,1,0,0,324,92,11,5.874059300395743,1,0,31,7,25,3,7,1,0.0,0.0,3,2,5,2,0,0,0,0,0,0,1,1,0,2,20,3,1,15,4,102,2,2,0,0,32.0,1.0,0,1,1,0,0,0,0,0,0,0,0,0,24;32,,,56,0,0,2,2,0,0,1.0,0,0,0,0,0
2022,13,HOU,REG,CLE,20,39,201,1,2,0,0,0,0,350,114,10,-19.178753267763113,-13.480829145457294,0,22,82,0,2,1,5,-8.322843364673371,0,20,37,201,1,0,0,350,114,10,-16.878006461040513,0,0,29,15,31,2,2,2,1.0,1.0,2,1,29,3,0,1,1,0,1,2,1,1,0,5,31,3,3,42,3,92,2,2,0,0,44.0,1.0,0,0,1,1,0,0,0,0,0,0,0,0,44;35,,,79,0,0,0,0,0,0,,0,0,0,0,0
2022,13,IND,REG,DAL,21,37,233,2,3,3,-30,1,1,218,100,12,-9.065597803175208,-10.391912971224103,0,30,106,0,0,0,5,-4.9932931575160175,0,21,35,233,2,1,1,218,100,12,-6.1159831185538716,0,0,39,6,24,2,10,0,1.0,5.0,1,1,31,4,0,0,0,0,0,0,0,0,0,6,88,1,1,4,8,212,2,2,0,0,52.0,1.0,0,0,1,0,1,0,0,0,0,0,0,0,52;34,,,86,0,0,1,1,0,0,1.0,0,0,0,0,0
2022,13,JAX,REG,DET,19,34,185,1,0,2,-14,0,0,277,82,9,-5.4251476321197885,-10.038588354081819,1,19,95,0,1,1,5,0.457941563508939,0,19,33,185,1,0,0,277,82,9,-2.815756849112532,1,0,37,13,33,3,8,0,2.0,3.0,5,0,0,4,0,0,0,0,0,0,0,0,0,5,24,3,0,0,2,46,2,2,0,0,42.0,1.0,0,0,1,1,0,0,0,0,0,0,0,0,31;42,,,73,0,0,0,0,0,0,,0,0,0,0,0
2022,13,KC,REG,CIN,16,27,223,1,0,2,-12,0,0,255,124,11,7.471841968808931,5.602088246656501,0,25,138,2,0,0,9,10.17489068271243,0,16,23,223,1,1,1,255,124,11,10.440712614365227,0,0,40,8,30,3,15,0,1.0,7.0,1,0,0,1,0,0,0,0,0,0,0,0,0,4,35,6,0,0,5,116,1,2,1,0,26.0,0.5,0,1,0,0,0,0,0,0,0,0,1,0,26,55,,26,55,0,3,3,0,0,1.0,0,0,0,0,0
2022,13,LA,REG,SEA,14,26,178,0,2,4,-30,1,0,257,88,7,-7.970853903496192,-8.309257507324219,0,33,171,2,0,0,11,5.11220055146225,0,14,25,178,0,0,0,257,88,7,-1.3043054436594295,0,0,40,3,21,5,23,1,4.0,19.0,8,1,0,5,0,0,0,0,1,1,1,1,0,4,39,5,2,8,1,17,3,3,0,0,54.0,1.0,0,0,1,1,1,0,0,0,0,0,0,0,40;54;32,,,126,0,0,2,2,0,0,1.0,0,0,0,0,0
2022,13,LAC,REG,LV,28,47,335,1,0,5,-21,0,0,375,182,16,-0.5363082862241104,-4.323235485288832,0,22,72,0,1,0,4,-1.2110302514047362,0,28,45,335,1,1,1,375,182,16,1.7459237886729444,0,0,31,0,24,0,0,1,0.0,0.0,2,1,26,6,1,0,0,0,2,2,1,1,0,4,20,4,1,23,5,89,2,3,1,0,37.0,0.6666666666666666,0,0,2,0,0,0,0,0,0,0,1,0,37;34,52,,71,52,0,2,2,0,0,1.0,0,0,0,0,0
2022,13,LV,REG,LAC,16,30,250,2,1,0,0,0,0,345,73,11,-2.441481476572157,-5.605456343403569,0,29,154,1,0,0,7,2.6435551571194082,0,16,27,250,2,1,1,345,73,11,-4.960051654876956,0,0,43,8,24,4,20,2,5.0,21.0,14,0,0,4,0,0,0,0,0,0,1,1,0,3,15,5,0,0,0,0,2,3,0,1,55.0,0.6666666666666666,0,1,0,0,1,0,0,0,0,0,0,0,55;25,,52,80,0,52,3,3,0,0,1.0,0,0,0,0,0
2022,13,MIA,REG,SF,18,34,295,2,3,3,-20,1,1,393,120,11,-14.312125545211565,-9.637133777141571,0,8,33,0,0,0,2,-0.4557321643223986,0,18,34,295,2,0,0,393,120,11,-2.6235221213428304,0,0,45,8,32,5,29,1,4.0,36.0,10,1,0,4,0,0,0,0,0,0,0,0,0,8,68,5,2,21,2,34,1,1,0,0,43.0,1.0,0,0,0,1,0,0,0,0,0,0,0,0,43,,,43,0,0,2,2,0,0,1.0,0,0,0,0,0
2022,13,MIN,REG,NYJ,21,35,173,1,0,2,-14,0,0,329,45,12,-1.8873007200786627,-2.874636017914974,0,29,128,2,0,0,6,2.697976845956873,0,21,33,173,1,0,0,329,45,12,3.6709530946204656,0,0,41,9,23,1,3,0,1.0,3.0,8,2,14,13,0,0,0,0,0,0,0,0,0,3,44,5,0,0,0,0,2,2,0,0,51.0,1.0,0,0,0,1,1,0,0,0,0,0,0,0,51;41,,,92,0,0,3,3,0,0,1.0,0,0,0,0,0
2022,13,NE,REG,BUF,22,36,195,1,0,1,-13,0,0,226,136,7,0.7693533130264085,-5.07390674422769,0,14,60,0,1,0,6,-2.0915586232440546,0,22,34,195,1,1,0,226,136,7,4.154729189724316,0,0,41,7,27,3,6,1,2.0,0.0,6,0,0,3,0,0,0,0,2,2,1,1,0,6,62,3,1,0,3,65,1,2,1,0,39.0,0.5,0,0,1,0,0,0,0,0,0,1,0,0,39,48,,39,48,0,1,1,0,0,1.0,0,0,0,0,0
2022,13,NO,REG,TB,21,29,250,1,0,2,-18,0,0,210,113,12,5.166168180039286,9.831101873091288,0,25,66,0,0,0,1,-6.842519033292774,0,21,28,250,1,1,0,210,113,12,9.252484341420832,0,0,43,0,28,2,3,1,1.0,7.0,6,1,4,7,0,0,0,0,2,2,1,1,0,6,84,3,2,59,1,30,3,3,0,0,38.0,1.0,0,2,1,0,0,0,0,0,0,0,0,0,38;21;29,,,88,0,0,1,1,0,0,1.0,0,0,0,0,0
2022,13,NYG,REG,WAS,25,31,200,1,0,4,-18,0,0,185,118,9,-2.2639117061386766,15.672382818801063,0,30,134,1,1,1,10,-3.9433816119562835,0,25,28,200,1,0,0,185,118,9,4.259572578472303,0,0,45,6,46,4,24,3,5.0,29.0,10,0,0,5,0,1,0,0,1,1,1,1,0,4,34,5,3,18,2,44,2,3,1,0,48.0,0.6666666666666666,0,1,0,1,0,0,0,0,0,0,1,0,48;27,58,,75,58,0,2,2,0,0,1.0,0,1,1,0,58
2022,13,NYJ,REG,MIN,31,58,369,0,2,1,-3,0,0,464,217,15,-8.548537209387252,-9.750625057653947,0,24,120,1,0,0,7,4.300562096788781,0,31,55,369,0,0,0,464,217,15,-5.304649215821957,0,0,34,7,21,6,24,0,2.0,14.0,9,0,0,5,0,0,0,0,0,0,0,0,0,6,40,4,3,37,0,0,5,5,0,0,60.0,1.0,0,1,2,1,0,1,0,0,0,0,0,0,48;60;36;30;26,,,200,0,0,1,1,0,0,1.0,0,0,0,0,0
2022,13,PHI,REG,TEN,30,41,391,3,0,2,-5,1,0,394,177,16,19.095734541653655,13.171682075450295,0,24,67,2,0,0,7,2.3685989988443907,0,30,38,391,3,0,0,394,177,16,22.970911230775528,0,0,38,2,20,5,19,0,6.0,35.0,9,0,0,6,0,0,0,0,1,1,0,0,0,12,80,4,6,105,2,37,0,0,0,0,,,0,0,0,0,0,0,0,0,0,0,0,0,,,,0,0,0,5,5,0,0,1.0,0,0,0,0,0
2022,13,PIT,REG,ATL,16,28,197,1,0,0,0,0,0,251,110,10,9.126905519393045,-4.90620908913789,0,37,154,0,0,0,11,-2.7942787683277857,0,16,27,197,1,0,0,251,110,10,9.585797672154154,0,0,33,3,19,3,14,0,1.0,7.0,4,1,16,3,0,1,0,0,1,1,0,0,0,7,30,0,2,1,0,0,4,4,0,0,48.0,1.0,0,0,1,3,0,0,0,0,0,0,0,0,46;46;48;33,,,173,0,0,1,1,0,0,1.0,0,0,0,0,0
2022,13,SEA,REG,LA,28,39,367,3,1,4,-19,1,1,264,144,18,10.561477771548457,6.301695833335051,0,22,90,0,0,0,5,-3.573319735645782,0,28,37,367,3,0,0,264,144,18,20.482141952433526,0,0,44,3,15,6,32,1,4.0,30.0,9,2,10,8,0,0,0,0,0,0,0,0,0,6,42,4,0,0,0,0,2,2,0,0,41.0,1.0,0,1,0,1,0,0,0,0,0,0,0,0,41;26,,,67,0,0,3,3,0,0,1.0,0,0,0,0,0
2022,13,SF,REG,MIA,27,41,266,2,1,4,-36,0,0,244,140,15,2.435953610306668,-1.385098323225975,0,34,121,0,0,0,6,-4.923259607404874,0,27,40,266,2,1,0,244,140,15,11.066351527057158,0,0,23,5,11,2,18,1,3.0,20.0,5,3,28,6,0,0,0,0,0,0,1,1,1,4,45,6,2,34,2,50,4,4,0,0,48.0,1.0,0,0,1,3,0,0,0,0,0,0,0,0,47;43;36;48,,,174,0,0,3,3,0,0,1.0,0,0,0,0,0
2022,13,TB,REG,NO,36,54,281,2,1,1,-7,0,0,307,150,19,0.43490685386713723,-2.015012783824273,0,20,76,0,0,0,4,-1.027380763727706,0,36,53,281,2,1,1,307,150,19,0.9313999680256484,0,0,40,5,15,3,19,0,2.0,18.0,3,0,0,4,0,0,0,0,0,0,0,0,0,4,39,4,2,20,1,25,1,1,0,0,21.0,1.0,0,1,0,0,0,0,0,0,0,0,0,0,21,,,21,0,0,2,2,0,0,1.0,0,0,0,0,0
2022,13,TEN,REG,PHI,16,26,157,1,0,6,-35,0,0,164,61,5,-11.814700553081178,-4.796221733093262,0,21,87,0,0,0,6,-0.47557140508433804,0,16,25,157,1,0,0,164,61,5,-0.12594364152755588,0,0,48,3,19,3,5,1,2.0,5.0,3,0,0,3,0,0,0,0,0,0,0,0,0,7,82,3,4,42,3,62,1,1,0,0,36.0,1.0,0,0,1,0,0,0,0,0,0,0,0,0,36,,,36,0,0,1,1,0,0,1.0,0,0,0,0,0
2022,13,WAS,REG,NYG,27,41,275,2,0,5,-29,2,1,319,151,13,-0.30665938234023815,2.7126332372426987,0,36,165,0,1,0,12,3.770492753945291,0,27,40,275,2,0,0,319,151,13,11.127419542713948,0,0,48,7,21,5,23,2,4.0,18.0,4,0,0,2,0,0,0,0,1,1,1,1,0,7,55,3,4,25,2,27,2,3,1,0,42.0,0.6666666666666666,0,1,0,1,0,0,0,0,0,0,1,0,21;42,52,,63,52,0,2,2,0,0,1.0,0,0,0,0,0
2022,14,ARI,REG,NE,28,41,255,0,1,6,-45,0,0,303,123,11,-19.623254926589137,-1.4774499869928128,0,22,113,1,1,0,6,1.1349042303627357,0,28,41,255,0,1,1,303,123,11,-16.36293963494739,0,0,27,7,23,4,18,0,1.0,10.0,1,1,5,5,0,0,0,0,1,2,0,0,0,8,48,5,2,17,5,134,2,3,1,0,33.0,0.6666666666666666,0,0,2,0,0,0,0,0,0,0,1,0,33;32,50,,65,50,0,1,1,0,0,1.0,0,0,0,0,0
2022,14,BAL,REG,PIT,11,17,104,0,0,2,-10,0,0,134,31,5,0.24096032033118409,-0.3272661391426535,0,42,215,1,2,0,13,2.626750729942849,0,11,17,104,0,0,0,134,31,5,2.9701605675407032,0,0,36,5,13,2,12,0,2.0,12.0,5,3,19,6,0,0,0,0,2,3,0,0,0,5,46,1,1,9,3,58,3,3,0,0,42.0,1.0,0,0,2,1,0,0,0,0,0,0,0,0,42;35;30,,,107,0,0,1,1,0,0,1.0,0,0,0,0,0
2022,14,BUF,REG,NYJ,16,27,147,1,0,3,-17,0,0,224,73,6,-4.783358443388808,-8.224605630945277,0,24,102,1,0,0,5,-4.033439499335296,0,16,27,147,1,0,0,224,73,6,0.1627200265879747,0,0,41,12,20,6,28,3,4.0,36.0,8,0,0,7,0,0,0,0,0,0,2,2,0,5,35,4,3,42,2,40,2,2,0,0,49.0,1.0,0,0,1,1,0,0,0,0,0,0,0,0,38;49,,,87,0,0,2,2,0,0,1.0,0,0,0,0,0
2022,14,CAR,REG,SEA,14,24,120,1,0,2,-15,0,0,88,95,8,-2.6763127498812875,3.074020743370056,0,46,223,2,0,0,14,13.394812596686194,0,14,20,120,1,0,0,88,95,8,2.418524660028527,0,0,26,5,15,3,19,0,3.0,23.0,5,2,51,6,0,1,0,0,1,1,0,0,0,6,29,1,3,16,1,24,3,3,0,0,47.0,1.0,0,0,2,1,0,0,0,0,0,0,0,0,47;32;39,,,118,0,0,3,3,0,0,1.0,0,0,0,0,0
2022,14,CIN,REG,CLE,18,33,239,2,1,2,-12,0,0,225,77,11,-3.094381967060761,-13.681080378592014,0,26,136,1,0,0,8,3.925818271934986,0,18,32,239,2,0,0,225,77,11,0.8821046128035248,0,0,47,10,14,1,2,0,2.0,3.0,9,1,7,7,0,0,0,0,0,0,0,0,0,4,36,3,3,14,0,0,1,1,0,0,30.0,1.0,0,0,1,0,0,0,0,0,0,0,0,0,30,,,30,0,0,2,3,1,0,0.6666666666666666,0,0,0,0,0
2022,14,CLE,REG,CIN,26,43,276,1,1,2,-3,0,0,355,106,12,-9.012826824665337,0.2939701844484378,0,25,71,0,0,0,7,-0.5695789571618661,0,26,39,276,1,0,0,355,106,12,-3.8071161965954006,0,0,28,6,22,2,12,0,2.0,12.0,4,1,5,8,0,0,0,0,0,0,0,0,0,9,98,6,3,15,4,87,1,1,0,0,26.0,1.0,0,1,0,0,0,0,0,0,0,0,0,0,26,,,26,0,0,1,1,0,0,1.0,0,0,0,0,0
2022,14,DAL,REG,HOU,24,39,284,1,2,1,-7,1,0,327,97,11,-3.663822004624335,-8.40201354943789,0,31,127,2,0,0,10,1.9542586031893734,0,24,39,284,1,0,0,327,97,11,-2.063910030812649,0,0,41,6,30,2,5,1,0.0,0.0,1,1,0,4,0,1,0,0,1,1,1,1,0,3,10,3,2,9,1,27,2,2,0,0,53.0,1.0,0,0,1,0,1,0,0,0,0,0,0,0,33;53,,,86,0,0,3,3,0,0,1.0,0,0,0,0,0
2022,14,DEN,REG,KC,27,44,263,4,2,6,-49,0,0,231,180,10,-8.785041043622186,-6.080751155698022,0,19,106,0,1,0,7,2.148379165766528,0,27,43,263,4,0,0,231,180,10,2.658387448085705,0,0,37,3,27,5,16,0,2.0,10.0,5,3,21,5,0,0,0,0,1,2,0,0,0,6,38,6,1,21,1,29,0,0,0,0,,,0,0,0,0,0,0,0,0,0,0,0,0,,,,0,0,0,4,4,0,0,1.0,0,0,0,0,0
2022,14,DET,REG,MIN,27,39,330,3,0,0,0,0,0,262,117,18,14.289341199430003,2.157139447000292,0,30,134,1,0,0,4,1.6978608048444315,0,27,36,330,3,0,0,262,117,18,15.772579086464196,0,0,38,8,16,6,33,2,4.0,31.0,9,0,0,5,0,0,0,0,0,0,2,2,0,7,51,6,2,48,1,21,2,3,1,0,49.0,0.6666666666666666,0,0,0,2,0,0,0,0,0,1,0,0,41;49,47,,90,47,0,4,4,0,0,1.0,0,0,0,0,0
2022,14,HOU,REG,DAL,20,27,213,1,1,0,0,0,0,198,77,10,7.2852527859696465,10.63373846312364,0,37,114,1,1,1,6,-19.098467499680467,0,20,24,213,1,0,0,198,77,10,8.351626494976813,0,0,38,3,31,3,7,1,1.0,7.0,5,2,33,11,0,0,0,0,0,0,1,1,0,4,25,6,3,36,0,0,3,3,0,0,54.0,1.0,0,0,0,1,2,0,0,0,0,0,0,0,43;50;54,,,147,0,0,2,2,0,0,1.0,0,0,0,0,0
2022,14,JAX,REG,TEN,30,42,368,3,0,0,0,0,0,297,185,18,18.161677946288908,4.483326134227571,0,25,60,1,0,0,3,-6.681159675994422,0,30,42,368,3,0,0,297,185,18,18.161677946288908,0,0,31,11,25,4,19,2,4.0,27.0,9,1,13,8,0,0,0,0,0,0,3,3,0,9,70,3,3,20,2,42,3,3,0,0,43.0,1.0,0,0,2,1,0,0,0,0,0,0,0,0,37;43;33,,,113,0,0,3,3,0,0,1.0,0,0,0,0,0
2022,14,KC,REG,DEN,28,42,352,3,3,2,-10,0,0,294,273,15,5.76684766136743,-1.525842079094478,0,23,89,0,0,0,5,-1.1293745931470767,0,28,42,352,3,0,0,294,273,15,8.897848576444014,0,0,34,5,29,7,43,0,6.0,49.0,11,2,53,7,1,0,0,0,0,0,0,0,0,4,70,2,4,22,0,0,2,2,0,0,45.0,1.0,0,0,1,1,0,0,0,0,0,0,0,0,35;45,,,80,0,0,4,4,0,0,1.0,0,0,0,0,0
2022,14,LA,REG,LV,22,35,230,1,0,4,-19,0,0,287,66,12,1.9308944344795118,-6.157718335880952,0,22,71,1,1,1,3,-9.189606444066158,0,22,34,230,1,0,0,287,66,12,6.207098356359154,0,0,32,4,30,1,5,0,0.0,0.0,3,2,0,3,0,0,0,0,0,0,0,0,0,7,60,5,1,0,4,73,1,2,1,0,55.0,0.5,0,0,0,0,1,0,0,0,0,0,0,1,55,61,,55,61,0,2,2,0,0,1.0,0,0,0,0,0
2022,14,LAC,REG,MIA,39,51,367,1,0,4,-17,0,0,276,213,16,1.688132879035546,7.909726972381274,0,23,82,1,1,0,7,0.42066816141596064,0,39,48,367,1,0,0,276,213,16,9.525533891052472,0,0,22,5,11,3,21,1,2.0,18.0,4,0,0,6,0,0,0,0,1,1,0,0,0,6,40,3,2,23,0,0,3,3,0,0,33.0,1.0,0,1,2,0,0,0,0,0,0,0,0,0,33;31;28,,,92,0,0,2,2,0,0,1.0,0,0,0,0,0
2022,14,LV,REG,LA,11,20,137,0,2,0,0,0,0,190,38,6,-0.8324481412117493,-9.319402826459784,0,38,165,1,0,0,8,2.238732522921968,0,11,19,137,0,0,0,190,38,6,-0.2580413893145632,0,0,38,5,21,5,19,1,4.0,19.0,6,0,0,3,0,0,0,0,0,0,1,1,0,7,94,5,0,0,1,15,3,3,0,0,52.0,1.0,0,0,2,0,1,0,0,0,0,0,0,0,52;31;36,,,119,0,0,1,1,0,0,1.0,0,0,0,0,0
2022,14,MIA,REG,LAC,10,28,145,1,0,2,-18,0,0,341,66,6,-7.932172876530478,-24.503363917271297,0,19,92,0,1,0,6,3.884156249841908,0,10,24,145,1,0,0,341,66,6,-1.2778096768112501,0,0,44,8,22,9,26,0,4.0,17.0,7,0,0,0,0,0,0,0,1,1,0,0,1,6,50,6,0,0,0,0,1,1,0,0,55.0,1.0,0,0,0,0,1,0,0,0,0,0,0,0,55,,,55,0,0,2,2,0,0,1.0,0,0,0,0,0
2022,14,MIN,REG,DET,31,41,425,2,0,4,-31,1,1,456,137,18,14.738631617972489,14.037563055753708,0,17,22,1,0,0,2,-10.76855496672215,0,31,40,425,2,0,0,456,137,18,26.004525041542482,0,0,42,10,20,3,5,0,0.0,0.0,3,0,0,1,0,0,0,0,0,0,0,0,0,3,25,5,1,9,0,0,1,1,0,0,41.0,1.0,0,0,0,1,0,0,0,0,0,0,0,0,41,,,41,0,0,2,2,0,0,1.0,0,0,0,0,0
2022,14,NE,REG,ARI,24,35,235,0,1,1,-10,0,0,172,138,13,-2.235050299632278,-2.56124193018133,0,21,103,2,1,0,5,-1.3767469855791679,0,24,33,235,0,0,0,172,138,13,0.5285372295566755,0,0,41,9,35,6,42,1,6.0,45.0,9,1,18,4,0,0,0,0,1,2,1,1,1,8,80,4,1,7,2,47,2,2,0,0,51.0,1.0,0,1,0,0,1,0,0,0,0,0,0,0,51;23,,,74,0,0,3,3,0,0,1.0,0,0,0,0,0
2022,14,NYG,REG,PHI,23,32,216,2,0,7,-35,1,1,194,101,11,-7.679569102285197,3.7943615578114986,1,24,123,1,1,0,8,3.8730995440564584,0,23,32,216,2,0,0,194,101,11,4.32748768648901,1,0,45,9,15,5,34,0,4.0,33.0,5,0,0,2,0,0,0,0,1,1,0,0,0,5,34,4,0,0,3,58,0,0,0,0,,,0,0,0,0,0,0,0,0,0,0,0,0,,,,0,0,0,2,2,0,0,1.0,0,0,0,0,0
2022,14,NYJ,REG,BUF,28,47,269,0,0,4,-36,2,1,362,72,13,-5.359038678463428,-3.536998683756048,0,22,76,1,1,1,6,-6.953307488060091,0,28,44,269,0,0,0,362,72,13,6.117887514818115,0,0,35,4,14,4,19,0,3.0,17.0,6,0,0,3,0,0,1,0,1,1,0,0,0,7,61,3,2,23,4,88,1,1,0,0,26.0,1.0,0,1,0,0,0,0,0,0,0,0,0,0,26,,,26,0,0,1,1,0,0,1.0,0,0,0,0,0
2022,14,PHI,REG,NYG,21,31,217,2,0,4,-33,0,0,297,97,10,5.486521247861817,3.9132163889946474,0,31,253,4,0,0,15,19.178458453941857,0,21,31,217,2,0,0,297,97,10,11.968065853754666,0,0,42,5,17,8,33,1,7.0,35.0,12,0,0,3,0,0,0,13,0,0,1,1,0,2,9,1,4,29,3,117,2,2,0,0,39.0,1.0,0,1,1,0,0,0,0,0,0,0,0,0,29;39,,,68,0,0,6,6,0,0,1.0,0,0,0,0,0
2022,14,PIT,REG,BAL,22,31,276,1,3,2,-12,0,0,332,68,16,2.6893505808615514,8.866123230226579,0,20,65,1,0,0,3,-1.7251924775191583,0,22,31,276,1,0,0,332,68,16,6.400293428632191,0,0,35,9,33,2,6,1,2.0,10.0,4,0,0,1,0,0,0,0,0,0,0,0,0,2,15,5,2,0,1,29,0,1,0,1,,0.0,0,0,0,0,0,0,0,0,0,0,0,0,,,40,0,0,40,2,2,0,0,1.0,0,0,0,0,0
2022,14,SEA,REG,CAR,21,36,264,3,2,3,-23,0,0,394,51,13,-0.4600201040535854,-1.3608242902490828,0,14,46,0,0,0,2,-3.7244779299362563,0,21,36,264,3,0,0,394,51,13,3.9179536328505105,0,0,40,9,37,3,16,0,2.0,15.0,4,0,0,4,0,0,0,0,0,0,0,0,0,3,35,4,0,0,3,104,1,1,0,0,27.0,1.0,0,1,0,0,0,0,0,0,0,0,0,0,27,,,27,0,0,3,3,0,0,1.0,0,0,0,0,0
2022,14,SF,REG,TB,17,23,195,2,0,0,0,0,0,112,76,9,7.719296581519302,5.277717790820382,0,36,209,3,1,1,12,-1.8454996681539342,0,17,22,195,2,0,0,112,76,9,7.998225182120223,0,0,40,8,32,0,0,2,0.0,0.0,7,2,36,6,0,0,0,0,0,0,1,1,0,2,15,5,3,43,2,54,0,0,0,0,,,0,0,0,0,0,0,0,0,0,0,0,0,,,,0,0,0,5,5,0,0,1.0,0,0,0,0,0
2022,14,TB,REG,SF,34,55,253,1,2,0,0,0,0,355,108,14,-9.466741297135824,-1.4297288422491037,0,19,69,0,1,1,4,-3.6020509437366854,0,34,51,253,1,0,0,355,108,14,-6.7750770690327045,0,0,37,9,25,4,11,1,0.0,0.0,4,0,0,2,0,2,0,0,0,0,1,1,0,8,62,2,2,21,6,130,0,1,1,0,,0.0,0,0,0,0,0,0,0,0,0,0,1,0,,55,,0,55,0,1,1,0,0,1.0,0,0,0,0,0
2022,14,TEN,REG,JAX,25,38,254,2,1,4,-27,1,1,346,98,14,-3.607973546677269,0.9431239021451849,1,20,137,1,1,1,8,0.020496498502325267,0,25,38,254,2,1,1,346,98,14,0.4380074860383756,1,0,41,9,19,4,10,0,0.0,0.0,1,0,0,8,0,2,0,0,0,1,0,0,0,5,50,4,3,4,3,76,0,0,0,0,,,0,0,0,0,0,0,0,0,0,0,0,0,,,,0,0,0,2,2,0,0,1.0,0,0,0,0,0
2022,15,ARI,REG,DEN,20,36,173,0,3,3,-6,0,0,236,91,8,-17.50161882700903,-13.734205237456731,0,20,73,1,0,0,4,-0.7716233989666178,0,20,35,173,0,0,0,236,91,8,-13.196183214676955,0,0,40,7,37,8,43,1,7.0,41.0,9,1,1,4,0,0,0,0,0,0,1,1,0,7,46,6,2,11,1,23,3,3,0,0,55.0,1.0,0,0,0,1,2,0,0,0,0,0,0,0,45;50;55,,,150,0,0,0,0,0,0,,0,0,0,0,0
2022,15,ATL,REG,NO,13,26,97,0,0,4,-8,0,0,237,56,6,-5.82105707274337,-19.467167670910175,0,39,231,2,0,0,13,10.650195136913798,1,13,26,97,0,1,1,237,56,6,-7.3929722934553865,0,0,33,4,26,3,14,1,2.0,17.0,3,0,0,3,0,0,0,0,0,0,1,1,0,3,30,4,2,13,1,3,1,1,0,0,28.0,1.0,0,1,0,0,0,0,0,0,0,0,0,0,28,,,28,0,0,1,1,0,0,1.0,0,0,0,0,0
2022,15,BAL,REG,CLE,17,30,138,0,1,3,-12,0,0,208,65,7,-11.694025177379993,-8.991580669369016,0,28,198,0,1,0,11,3.459257805440584,0,17,28,138,0,2,1,208,69,7,-12.566328979608992,0,0,37,6,26,4,22,0,3.0,21.0,5,0,0,2,0,1,0,0,2,3,0,0,0,3,25,6,1,7,2,41,1,3,1,1,53.0,0.3333333333333333,0,0,0,0,1,0,0,0,0,1,0,0,53,48,50,53,48,50,0,0,0,0,,0,0,0,0,0
2022,15,BUF,REG,MIA,25,40,304,4,0,2,-8,1,1,428,91,16,12.617851031391183,6.374444930176986,0,29,150,0,1,0,9,-0.3312270789463625,1,25,38,304,4,0,0,428,91,16,20.37797027666238,0,0,35,1,17,3,15,1,2.0,17.0,4,0,0,6,0,0,0,0,1,1,0,0,0,7,51,5,1,0,3,76,1,1,0,0,25.0,1.0,0,1,0,0,0,0,0,0,0,0,0,0,25,,,25,0,0,3,3,0,0,1.0,1,1,0,0,25
2022,15,CAR,REG,PIT,14,23,225,1,0,4,-37,0,0,218,90,10,9.664219889161151,12.193118898492111,0,16,21,0,1,0,0,-8.51450234266192,0,14,19,225,1,0,0,218,90,10,15.165979570767377,0,0,39,7,35,3,14,0,1.0,10.0,2,0,0,2,0,0,0,0,1,1,0,0,0,5,40,4,0,0,2,60,3,3,0,0,52.0,1.0,0,1,1,0,1,0,0,0,0,0,0,0,29;32;52,,,113,0,0,1,1,0,0,1.0,0,0,0,0,0
2022,15,CHI,REG,PHI,14,22,152,2,0,6,-61,1,0,164,76,9,-4.63544681185158,-3.8532867318107966,0,30,157,1,2,1,8,-2.4589734207838774,0,14,21,152,2,1,0,164,76,9,7.160969294200186,0,0,44,7,15,2,7,1,1.0,6.0,1,2,18,7,0,0,0,0,2,3,1,1,0,6,30,4,2,24,2,53,0,0,0,0,,,0,0,0,0,0,0,0,0,0,0,0,0,,,,0,0,0,2,3,1,0,0.6666666666666666,0,0,0,0,0
2022,15,CIN,REG,TB,27,39,200,4,1,2,-16,1,0,209,114,14,2.8862037820227884,5.800935233894148,1,21,53,0,0,0,3,-5.120569715247257,0,27,38,200,4,0,0,209,114,14,5.853183369656944,1,0,33,4,44,1,10,1,1.0,8.0,7,2,0,8,0,0,0,0,1,1,2,2,0,4,27,6,0,0,2,48,2,2,0,0,41.0,1.0,0,1,0,1,0,0,0,0,0,0,0,0,41;21,,,62,0,0,2,2,0,0,1.0,0,0,0,0,0
2022,15,CLE,REG,BAL,18,28,161,1,0,3,-21,0,0,129,78,10,-2.843721945117225,-2.0421498096906223,0,33,143,0,0,0,8,1.3245458745507004,0,18,26,161,1,0,0,129,78,10,3.814329078291753,0,0,39,3,19,5,17,1,3.0,12.0,6,1,0,6,0,0,0,0,0,0,1,1,0,3,32,1,0,0,1,21,2,4,2,0,47.0,0.5,0,1,0,1,0,0,0,0,1,1,0,0,47;23,38;46,,70,84,0,1,1,0,0,1.0,0,0,0,0,0
2022,15,DAL,REG,JAX,23,30,256,3,2,3,-13,0,0,259,106,14,4.023404397099457,14.195391635100046,0,41,154,1,0,0,9,-0.6860893400735222,0,23,30,256,3,0,0,259,106,14,7.846299255354042,0,0,41,2,20,1,7,1,1.0,7.0,5,1,15,3,0,0,0,0,0,0,2,2,0,2,18,3,1,16,3,70,2,2,0,0,53.0,1.0,0,1,0,0,1,0,0,0,0,0,0,0,24;53,,,77,0,0,4,4,0,0,1.0,0,0,0,0,0
2022,15,DEN,REG,ARI,21,26,197,1,1,7,-41,1,1,116,138,10,-6.004046415129839,10.410424035329084,0,34,168,2,0,0,13,1.0156293341424316,0,21,26,197,1,0,0,116,138,10,7.029737271065375,0,0,27,6,34,2,4,0,3.0,6.0,7,3,40,6,0,1,0,0,2,2,0,0,0,4,31,3,4,23,1,19,1,2,1,0,52.0,0.5,0,0,0,0,1,0,0,0,1,0,0,0,52,38,,52,38,0,3,3,0,0,1.0,0,0,0,0,0
2022,15,DET,REG,NYJ,23,38,252,1,0,0,0,0,0,200,168,14,11.718987848478,-5.361349301205741,0,28,107,0,0,0,5,-9.41233792656567,0,23,36,252,1,0,0,200,168,14,13.072494326027671,0,1,30,6,22,5,31,0,4.0,30.0,10,1,38,4,0,0,0,0,0,0,0,0,0,6,52,3,1,47,1,25,2,3,1,0,34.0,0.6666666666666666,0,0,2,0,0,0,0,0,0,0,1,0,31;34,54,,65,54,0,2,2,0,0,1.0,0,0,0,0,0
2022,15,GB,REG,LA,22,30,229,1,1,3,-22,0,0,144,142,15,1.0240986059150234,7.012476346322468,0,35,138,2,1,1,9,-2.857176333258394,0,22,28,229,1,0,0,144,142,15,6.474071199481841,0,0,34,4,8,6,23,1,5.0,27.0,9,1,0,5,0,1,0,0,1,1,0,0,0,4,80,4,2,36,4,95,1,1,0,0,34.0,1.0,0,0,1,0,0,0,0,0,0,0,0,0,34,,,34,0,0,3,3,0,0,1.0,0,0,0,0,0
2022,15,HOU,REG,KC,14,29,129,2,0,1,-4,0,0,256,63,8,-0.6126096966847321,-13.307717552891484,0,28,94,1,1,1,5,-7.367208216281142,0,14,27,129,2,0,0,256,63,8,2.5948858697145702,0,0,55,8,26,6,31,2,2.0,23.0,3,0,0,2,0,0,0,0,0,0,2,2,0,4,33,3,3,23,0,0,1,1,0,0,29.0,1.0,0,1,0,0,0,0,0,0,0,0,0,0,29,,,29,0,0,3,3,0,0,1.0,0,0,0,0,0
2022,15,IND,REG,MIN,19,33,182,1,0,3,-12,1,0,255,80,11,-2.1718903973348875,-8.639787185576655,0,43,171,0,1,1,8,-11.880249846996918,0,19,31,182,1,0,0,255,80,11,2.02611847895901,0,1,51,5,29,8,37,1,7.0,34.0,11,2,17,10,1,1,0,24,2,2,1,1,0,11,103,7,1,0,5,175,5,5,0,0,52.0,1.0,0,3,0,1,1,0,0,0,0,0,0,0,26;28;49;27;52,,,182,0,0,3,3,0,0,1.0,0,0,0,0,0
2022,15,JAX,REG,DAL,27,42,318,4,1,1,-7,0,0,371,148,13,10.66793152621504,2.3501629509576936,0,27,192,0,2,2,14,-2.5273775022942573,0,27,41,318,4,0,0,371,148,13,12.821854208377415,0,0,53,6,26,5,22,0,3.0,13.0,9,2,54,5,1,0,0,0,0,0,0,0,0,4,37,6,1,13,0,0,2,2,0,0,48.0,1.0,0,0,1,1,0,0,0,0,0,0,0,0,33;48,,,81,0,0,4,4,0,0,1.0,0,0,0,0,0
2022,15,KC,REG,HOU,36,41,336,2,0,2,-23,0,0,227,205,20,16.482129391517578,14.864623546600342,1,33,189,2,2,1,13,-1.0370532993052377,0,36,41,336,2,1,1,227,205,20,15.672492958490825,1,0,28,7,21,3,8,1,1.0,4.0,5,0,0,6,0,0,0,0,1,2,1,1,0,10,102,5,2,8,3,47,1,2,1,0,27.0,0.5,0,1,0,0,0,0,0,0,0,0,1,0,27,51,,27,51,0,1,2,1,0,0.5,0,0,0,0,0
2022,15,LA,REG,GB,12,21,111,1,1,5,-27,1,0,97,67,6,-3.441182934051215,-7.582630217075348,0,17,72,0,0,0,4,-1.2242273719166405,0,12,20,111,1,0,0,97,67,6,4.422242336028222,0,0,43,8,24,3,22,1,3.0,22.0,5,1,18,2,0,0,0,0,1,1,1,1,0,8,76,6,1,8,5,99,2,2,0,0,55.0,1.0,0,0,1,0,1,0,0,0,0,0,0,0,33;55,,,88,0,0,0,1,1,0,0.0,0,0,0,0,0
2022,15,LAC,REG,TEN,28,42,313,0,2,3,-22,0,0,326,119,13,-7.531705707691147,2.654037036393818,0,24,74,2,0,0,8,3.079248840571381,0,28,38,313,0,0,0,326,119,13,-0.3897577667958103,0,0,33,9,23,7,32,1,4.0,28.0,5,1,0,5,0,0,0,0,0,0,0,0,0,3,20,6,4,53,1,17,1,1,0,0,43.0,1.0,0,0,0,1,0,0,0,0,0,0,0,0,43,,,43,0,0,2,2,0,0,1.0,1,1,0,0,43
2022,15,LV,REG,NE,20,38,231,3,1,3,-20,1,0,483,52,10,-3.9131523310789023,-3.4378410317003727,0,23,97,0,1,0,7,-0.2739883775357157,0,20,32,231,3,0,0,483,52,10,5.501079675683286,0,0,30,4,28,2,7,0,0.0,0.0,5,0,0,6,0,0,0,0,2,2,1,1,1,13,90,4,3,20,6,126,1,1,0,0,49.0,1.0,0,0,0,1,0,0,0,0,0,0,0,0,49,,,49,0,0,3,3,0,0,1.0,0,0,0,0,0
2022,15,MIA,REG,BUF,17,30,234,2,0,2,-17,1,0,248,89,9,-1.9655141481694356,-7.522146105766296,0,25,188,1,0,0,8,11.218206043704413,0,17,30,234,2,0,0,248,89,9,2.0980971370781343,0,0,41,5,21,3,14,2,2.0,8.0,6,0,0,2,0,0,0,0,1,1,1,1,0,8,51,6,0,0,1,28,3,3,0,0,47.0,1.0,0,1,1,1,0,0,0,0,0,0,0,0,39;21;47,,,107,0,0,2,2,0,0,1.0,0,0,0,0,0
2022,15,MIN,REG,IND,34,55,460,4,2,7,-34,0,0,444,280,22,2.378492150389083,-7.3536607402342336,1,24,92,1,1,1,4,-13.417526977544185,0,34,54,460,4,0,0,444,280,22,13.358967878207057,1,0,43,10,44,2,12,2,3.0,12.0,7,0,0,3,0,0,0,0,0,0,1,1,0,9,74,9,3,13,6,159,1,1,0,0,40.0,1.0,0,0,0,1,0,0,0,0,0,0,0,0,40,,,40,0,0,4,4,0,0,1.0,1,1,0,0,40
2022,15,NE,REG,LV,13,31,112,0,0,0,0,0,0,294,61,6,-9.409503266652312,-23.693105677763622,1,32,206,1,0,0,11,2.3772349260177714,0,13,30,112,0,0,0,294,61,6,-9.25924952069224,1,0,32,5,35,1,8,1,3.0,20.0,5,1,16,3,1,0,0,-8,0,0,0,0,0,6,30,5,3,25,0,0,3,3,0,0,54.0,1.0,0,1,0,1,1,0,0,0,0,0,0,0,24;47;54,,,125,0,0,1,1,0,0,1.0,0,0,0,0,0
2022,15,NO,REG,ATL,13,19,231,3,0,2,-17,0,0,202,96,11,11.873014557524584,0.07509793105878328,0,34,134,0,2,1,7,-9.047706804529298,0,13,19,231,3,0,0,202,96,11,16.059361187159084,0,0,44,6,20,4,13,1,4.0,8.0,5,0,0,8,0,0,0,0,1,1,1,1,0,6,46,4,2,1,0,0,0,0,0,0,,,0,0,0,0,0,0,0,0,0,0,0,0,,,,0,0,0,3,3,0,0,1.0,0,0,0,0,0
2022,15,NYG,REG,WAS,21,32,160,0,0,0,0,0,0,122,82,8,1.1476335760378849,-2.8325477242469788,0,30,128,1,0,0,11,3.0896827589683813,0,21,30,160,0,1,0,122,82,8,2.629832189733685,0,0,33,6,28,3,8,4,3.0,21.0,8,0,0,6,0,0,0,0,1,1,2,2,1,5,30,3,2,32,1,21,2,2,0,0,50.0,1.0,0,0,0,0,2,0,0,0,0,0,0,0,50;50,,,100,0,0,2,2,0,0,1.0,0,0,0,0,0
2022,15,NYJ,REG,DET,18,35,317,2,1,4,-30,0,0,491,56,14,0.7246198185209318,-2.3851659368066227,0,22,50,0,0,0,3,-4.7867564908228815,0,18,34,317,2,0,0,491,56,14,6.645628277580453,0,0,33,11,23,2,3,0,0.0,0.0,5,0,0,3,0,0,0,0,0,0,0,0,0,2,20,4,1,6,3,51,1,2,1,0,34.0,0.5,0,0,1,0,0,0,0,0,0,0,1,0,34,58,,34,58,0,2,2,0,0,1.0,0,0,0,0,0
2022,15,PHI,REG,CHI,22,37,315,0,2,1,-6,0,0,466,138,11,0.8122104168995872,-1.259778399725218,0,33,112,3,0,0,9,3.1266280770797747,1,22,37,315,0,1,1,466,144,11,-2.427327380386588,0,0,40,4,22,9,59,3,6.0,61.0,6,0,0,2,0,0,0,0,0,0,1,1,0,2,25,4,1,7,3,92,1,2,1,0,32.0,0.5,0,0,1,0,0,0,0,0,1,0,0,0,32,38,,32,38,0,2,2,0,0,1.0,0,0,0,0,0
2022,15,PIT,REG,CAR,17,22,179,0,0,1,-10,0,0,154,61,9,10.363566592393909,14.834241356168475,0,45,156,3,0,0,13,3.835232229688331,0,17,21,179,0,0,0,154,61,9,13.29522238863865,0,0,24,2,20,6,22,1,4.0,37.0,6,0,0,2,0,0,0,0,0,0,0,0,0,7,81,4,1,5,1,17,1,1,0,0,50.0,1.0,0,0,0,0,1,0,0,0,0,0,0,0,50,,,50,0,0,3,3,0,0,1.0,0,0,0,0,0
2022,15,SEA,REG,SF,31,44,238,1,0,3,-31,1,0,168,121,12,-8.172536762576556,2.830714786924967,0,14,70,0,0,0,3,0.333624038961716,0,31,41,238,1,1,1,168,121,12,-5.357203817048535,0,0,33,7,29,2,8,0,1.0,6.0,3,0,0,3,0,0,0,0,1,1,0,0,0,8,79,5,0,0,3,83,2,2,0,0,51.0,1.0,0,0,1,0,1,0,0,0,0,0,0,0,38;51,,,89,0,0,1,1,0,0,1.0,0,0,0,0,0
2022,15,SF,REG,SEA,17,26,217,2,0,1,-6,0,0,152,134,8,6.703550412493966,-4.985644496404207,0,34,170,1,0,0,8,-0.331402430718299,0,17,26,217,2,0,0,152,134,8,8.230663080408446,0,0,38,6,16,5,26,2,3.0,31.0,9,0,0,7,0,0,0,0,0,0,1,1,0,7,60,3,2,17,2,67,0,1,1,0,,0.0,0,0,0,0,0,0,0,0,0,1,0,0,,43,,0,43,0,3,3,0,0,1.0,0,0,0,0,0
2022,15,TB,REG,CIN,30,44,312,3,2,1,-8,1,1,314,125,18,4.521057753304643,5.479845688456581,0,25,92,0,2,1,8,-12.022198441300528,0,30,42,312,3,0,0,314,125,18,10.460286383609214,0,0,29,3,33,0,0,1,2.0,16.0,7,1,0,9,0,0,0,0,1,2,0,0,0,7,58,2,2,14,3,48,1,2,1,0,21.0,0.5,0,1,0,0,0,0,0,0,0,0,1,0,21,50,,21,50,0,2,2,0,0,1.0,0,0,0,0,0
2022,15,TEN,REG,LAC,18,26,185,0,1,4,-28,0,0,161,112,8,-6.777146607312947,-3.874301451903123,0,27,127,2,1,0,9,3.753974285966251,0,18,26,185,0,0,0,161,112,8,-0.6704395252163522,0,0,43,4,26,4,32,0,3.0,22.0,8,2,3,5,0,1,0,0,2,2,0,0,0,6,62,4,2,0,1,6,0,1,1,0,,0.0,0,0,0,0,0,0,0,0,0,0,1,0,,51,,0,51,0,2,2,0,0,1.0,0,0,0,0,0
2022,15,WAS,REG,NYG,17,29,249,1,0,3,-21,2,2,327,81,10,-10.521733609637295,2.9318614690392106,0,26,159,0,2,0,9,4.964385219063843,0,17,27,249,1,0,0,327,81,10,3.9080241606300214,0,0,34,4,28,1,5,1,0.0,0.0,4,0,0,4,0,0,0,0,1,1,0,0,0,6,40,5,1,4,3,93,2,2,0,0,51.0,1.0,0,0,0,1,1,0,0,0,0,0,0,0,41;51,,,92,0,0,0,1,1,0,0.0,0,0,0,0,0
2022,16,ARI,REG,TB,25,46,221,0,1,1,-17,1,1,352,131,8,-12.127467651658117,-10.241630673408508,0,27,121,1,1,1,9,-5.1366404358357505,0,25,42,221,0,0,0,352,131,8,-3.044771716993808,0,0,39,21,33,2,3,0,0.0,0.0,4,2,39,7,0,0,0,0,0,1,0,0,0,6,74,7,5,71,1,17,3,3,0,0,56.0,1.0,0,0,1,0,2,0,0,0,0,0,0,0,56;53;39,,,148,0,0,1,1,0,0,1.0,0,0,0,0,0
2022,16,ATL,REG,BAL,22,33,218,0,0,2,-6,0,0,196,113,11,3.93662481081363,2.680270133479949,0,33,115,0,1,0,7,-8.49167799266413,0,22,31,218,0,1,1,196,113,11,4.251777387732172,0,0,31,5,23,1,1,1,0.0,0.0,0,0,0,0,0,0,0,0,1,1,0,0,0,5,48,6,0,0,4,67,3,3,0,0,37.0,1.0,0,0,3,0,0,0,0,0,0,0,0,0,32;34;37,,,103,0,0,0,0,0,0,,0,0,0,0,0
2022,16,BAL,REG,ATL,9,17,115,1,0,0,0,0,0,199,34,5,-0.6896064249228258,-1.1046318337321281,0,34,184,0,1,0,10,1.30357210292581,1,9,16,115,1,0,0,199,34,5,1.0807737415511798,0,0,36,6,42,2,2,1,2.0,6.0,4,0,0,4,0,0,0,0,1,1,1,1,0,1,6,3,2,14,3,65,3,4,0,1,27.0,0.75,0,3,0,0,0,0,0,0,0,0,0,0,21;27;21,,55,69,0,55,0,0,0,0,,0,0,0,0,0
2022,16,BUF,REG,CHI,15,26,172,2,2,1,0,0,0,296,48,9,2.6106683232064802,1.0400665998458862,1,31,254,3,1,0,12,15.60013535519829,0,15,25,172,2,1,1,296,48,9,-0.7383348272705939,1,0,42,9,17,9,38,1,2.0,15.0,4,1,0,5,0,1,0,0,2,3,1,1,0,9,72,3,3,21,4,75,0,1,1,0,,0.0,0,0,0,0,0,0,0,0,1,0,0,0,,38,,0,38,0,3,4,1,0,0.75,0,0,0,0,0
2022,16,CAR,REG,DET,15,22,250,1,0,0,0,0,0,144,149,11,14.305658381892986,2.9012867382594516,0,43,320,3,0,0,16,9.971511481911875,0,15,21,250,1,0,0,144,149,11,14.819583809463925,0,0,35,4,16,3,23,0,2.0,19.0,7,0,0,7,0,1,0,0,1,1,1,1,0,10,74,4,4,11,2,46,3,3,0,0,40.0,1.0,0,0,2,1,0,0,0,0,0,0,0,0,37;40;36,,,113,0,0,4,4,0,0,1.0,0,0,0,0,0
2022,16,CHI,REG,BUF,18,28,144,1,1,2,-15,0,0,215,46,6,-8.999149068937308,3.194993495941162,0,29,80,0,1,1,5,-15.966485521148881,0,18,25,144,1,0,0,215,46,6,-6.436293533168405,0,0,36,6,18,0,0,1,1.0,0.0,3,2,41,4,0,0,0,0,1,2,1,1,0,2,15,3,1,12,4,113,2,2,0,0,37.0,1.0,0,0,2,0,0,0,0,0,0,0,0,0,37;35,,,72,0,0,1,1,0,0,1.0,0,0,0,0,0
2022,16,CIN,REG,NE,40,52,375,3,2,2,-6,0,0,334,161,18,9.304122990735912,14.426674161638532,0,24,73,0,0,0,6,-2.0515914300484583,0,40,49,375,3,1,1,334,159,18,12.576054336164951,0,0,33,5,21,4,18,2,4.0,16.0,7,0,0,4,0,0,0,0,0,0,1,1,0,8,62,6,3,35,4,95,1,2,1,0,28.0,0.5,0,1,0,0,0,0,0,0,0,1,0,0,28,43,,28,43,0,1,2,1,0,0.5,0,0,0,0,0
2022,16,CLE,REG,NO,15,31,135,0,1,2,-10,0,0,302,55,7,-15.472528058248335,-4.66964288994118,0,34,124,1,0,0,7,-1.5611273206886835,0,15,27,135,0,0,0,302,55,7,-6.96297651043138,0,0,32,8,24,1,3,0,0.0,0.0,0,1,40,4,0,0,0,0,0,0,0,0,0,4,45,6,2,15,3,95,1,1,0,0,30.0,1.0,0,0,1,0,0,0,0,0,0,0,0,0,30,,,30,0,0,1,1,0,0,1.0,0,0,0,0,0
2022,16,DAL,REG,PHI,27,35,347,3,1,6,-43,1,0,253,136,18,5.711441186149248,8.145496249198914,0,31,115,1,0,0,6,-1.6160176035191398,0,27,35,347,3,0,0,253,136,18,13.724577462571549,0,0,37,5,19,2,3,1,0.0,0.0,0,2,2,5,0,0,0,0,1,1,2,2,0,4,36,2,0,0,1,31,4,4,0,0,48.0,1.0,0,2,0,2,0,0,0,0,0,0,0,0,21;44;48;26,,,139,0,0,4,4,0,0,1.0,0,0,0,0,0
2022,16,DEN,REG,LA,19,35,259,1,4,6,-40,0,0,369,86,11,-17.479923408689864,-8.514102241572212,0,20,104,0,0,0,7,0.31730046599125483,1,19,34,259,1,0,0,369,86,11,-6.579989883677989,0,0,33,19,29,1,2,0,0.0,0.0,1,0,0,0,0,0,0,0,0,0,0,0,0,6,55,3,0,0,1,29,2,2,0,0,54.0,1.0,0,0,0,1,1,0,0,0,0,0,0,0,54;49,,,103,0,0,0,0,0,0,,0,0,0,0,0
2022,16,DET,REG,CAR,25,42,355,3,0,2,-19,0,0,312,127,15,13.722886059203468,-2.2911272397855433,0,17,45,0,1,1,4,-9.649202862710691,0,25,41,355,3,0,0,312,127,15,18.279424823358006,0,0,39,3,33,2,4,0,0.0,0.0,0,0,0,1,0,0,0,0,0,1,0,0,0,4,30,3,0,0,5,140,1,1,0,0,34.0,1.0,0,0,1,0,0,0,0,0,0,0,0,0,34,,,34,0,0,2,2,0,0,1.0,0,0,0,0,0
2022,16,GB,REG,MIA,24,38,238,1,1,2,-16,0,0,329,99,11,2.1155965718395335,-1.46220495042048,0,25,79,1,0,0,5,-3.8368854143670057,0,24,38,238,1,0,0,329,99,11,5.1387320509135055,0,0,26,9,19,1,6,2,2.0,16.0,6,3,42,6,0,0,0,0,1,1,1,1,0,5,40,5,1,2,5,152,4,4,0,0,46.0,1.0,0,2,1,1,0,0,0,0,0,0,0,0,36;46;28;26,,,136,0,0,2,2,0,0,1.0,0,0,0,0,0
2022,16,HOU,REG,TEN,20,32,218,1,1,1,-3,0,0,296,74,8,-0.3389990162575004,6.8786683781393645,0,30,70,0,2,0,8,-6.206188747892156,0,20,29,218,1,0,0,296,74,8,2.873401044646246,0,0,39,11,21,5,17,2,4.0,11.0,6,2,26,5,0,0,0,0,2,3,1,1,1,4,35,4,5,41,2,51,2,2,0,0,25.0,1.0,0,2,0,0,0,0,0,0,0,0,0,0,25;22,,,47,0,0,1,1,0,0,1.0,0,0,0,0,0
2022,16,IND,REG,LAC,17,29,144,0,3,7,-39,0,0,243,59,6,-24.711032529917382,-8.058896235057286,0,14,69,0,0,0,2,-3.908375308965333,0,17,28,143,0,0,0,243,58,6,-13.557726350729354,0,0,35,10,34,4,19,1,4.0,22.0,7,1,5,2,0,0,0,0,0,0,1,1,0,2,11,5,0,0,3,84,1,1,0,0,46.0,1.0,0,0,0,1,0,0,0,0,0,0,0,0,46,,,46,0,0,0,0,0,0,,0,0,0,0,0
2022,16,JAX,REG,NYJ,20,31,229,0,0,1,-11,1,1,164,171,10,1.9853812013100858,-2.459257940451304,0,39,147,1,0,0,9,3.0485216819215566,0,20,30,229,0,0,0,164,171,10,7.92894481555485,0,0,37,2,16,6,33,2,3.0,21.0,7,1,23,8,0,0,0,0,0,0,1,1,0,3,25,3,1,4,1,25,4,5,1,0,45.0,0.8,0,0,2,2,0,0,0,0,0,1,0,0,32;45;41;37,44,,155,44,0,1,1,0,0,1.0,0,0,0,0,0
2022,16,KC,REG,SEA,16,28,224,2,0,1,-4,0,0,209,159,9,2.1857949762265614,-8.979162904951307,0,22,77,1,0,0,3,-1.42553527088603,0,16,27,224,2,0,0,209,159,9,3.954364694341593,0,0,41,5,37,6,21,0,2.0,15.0,7,1,0,5,0,0,0,0,0,0,0,0,0,5,39,2,3,18,1,19,1,1,0,0,47.0,1.0,0,0,0,1,0,0,0,0,0,0,0,0,47,,,47,0,0,3,3,0,0,1.0,0,0,0,0,0
2022,16,LA,REG,DEN,24,28,230,2,0,0,0,0,0,95,156,14,13.9381925169026,8.814085594245366,0,36,158,3,1,0,12,4.035471258536356,0,24,28,230,2,0,0,95,156,14,13.9381925169026,0,0,31,6,20,6,39,0,6.0,40.0,12,4,113,6,1,0,0,0,1,2,0,0,0,3,6,2,1,12,1,7,3,3,0,0,55.0,1.0,0,0,1,0,2,0,0,0,0,0,0,0,55;30;53,,,138,0,0,6,6,0,0,1.0,0,0,0,0,0
2022,16,LAC,REG,IND,24,31,235,0,1,4,-22,1,1,238,103,10,-2.9542807433014144,10.88557630777359,0,32,101,2,0,0,7,-0.295131923048757,0,24,30,235,0,0,0,238,103,10,7.6296237747968565,0,0,26,7,25,7,48,0,7.0,39.0,9,3,41,5,0,2,0,0,0,0,0,0,0,6,60,1,3,25,0,0,2,2,0,0,24.0,1.0,0,2,0,0,0,0,0,0,0,0,0,0,24;21,,,45,0,0,2,2,0,0,1.0,0,0,0,0,0
2022,16,LV,REG,PIT,16,30,174,1,3,3,-31,0,0,282,82,9,-5.253714924576414,-13.670488198598227,0,19,58,0,0,0,4,-3.8105447492562234,0,16,30,174,1,0,0,282,82,9,0.15566184661285787,0,0,38,10,28,5,12,0,0.0,0.0,4,1,24,3,0,0,0,0,0,0,0,0,0,2,20,3,1,13,3,50,1,1,0,0,40.0,1.0,0,0,0,1,0,0,0,0,0,0,0,0,40,,,40,0,0,1,1,0,0,1.0,0,0,0,0,0
2022,16,MIA,REG,GB,16,25,310,1,3,2,-16,1,0,264,117,10,0.9524047966828881,3.5345652451117835,0,18,82,1,2,1,6,-2.041200742998626,0,16,24,310,1,0,0,264,117,10,5.157269010758673,0,0,46,4,12,5,27,0,2.0,16.0,3,1,0,7,0,0,0,0,2,3,0,0,0,8,62,6,0,0,7,122,2,3,1,0,46.0,0.6666666666666666,0,0,1,1,0,0,0,0,0,1,0,0,46;34,48,,80,48,0,2,2,0,0,1.0,0,0,0,0,0
2022,16,MIN,REG,NYG,34,48,299,3,0,4,-29,0,0,322,149,17,-0.45584883594089654,2.33890027441877,0,19,83,0,0,0,4,-0.0686046156915836,0,34,47,299,3,0,0,322,149,17,3.719464357185643,0,0,42,5,19,1,1,2,3.0,15.0,11,1,11,4,0,0,0,0,0,0,1,1,0,2,14,5,1,7,0,0,2,2,0,0,61.0,1.0,0,0,0,1,0,1,0,0,0,0,0,0,40;61,,,101,0,0,3,3,0,0,1.0,1,1,0,0,61
2022,16,NE,REG,CIN,21,33,240,2,0,4,-16,0,0,382,75,10,1.4763697494200896,4.01503280285866,0,16,61,0,1,1,5,-6.139324942691019,0,21,31,240,2,1,0,382,75,10,8.739177100142232,0,0,55,7,21,4,8,1,2.0,6.0,2,2,69,3,1,2,0,0,1,1,1,1,0,10,82,6,2,11,5,111,0,0,0,0,,,0,0,0,0,0,0,0,0,0,0,0,0,,,,0,0,0,0,2,2,0,0.0,0,0,0,0,0
2022,16,NO,REG,CLE,8,15,92,0,1,0,0,0,0,110,68,5,-5.012543362448923,-11.565055165972028,0,39,152,2,0,0,8,-1.0686939347666886,0,8,14,92,0,0,0,110,68,5,-3.038329103612341,0,0,33,9,37,4,13,0,2.0,10.0,4,1,36,3,0,0,0,0,2,2,0,0,0,2,15,3,1,0,2,47,1,1,0,0,23.0,1.0,0,1,0,0,0,0,0,0,0,0,0,0,23,,,23,0,0,2,2,0,0,1.0,0,0,0,0,0
2022,16,NYG,REG,MIN,30,42,334,1,1,3,-15,1,0,267,163,15,3.419556299327896,2.7340944947266,1,21,126,1,0,0,7,4.860384199593682,0,30,41,334,1,1,1,267,163,15,1.822563663676049,1,0,34,11,35,5,30,0,4.0,29.0,11,0,0,7,0,0,0,6,1,1,0,0,0,7,63,3,2,8,1,26,3,3,0,0,55.0,1.0,0,0,0,2,1,0,0,0,0,0,0,0,44;44;55,,,143,0,0,1,1,0,0,1.0,0,0,0,0,0
2022,16,NYJ,REG,JAX,19,33,182,0,1,3,-21,0,0,312,87,8,-6.23494896145715,-2.5203837983069883,0,20,66,0,1,0,2,-4.223108366888482,0,19,30,182,0,1,1,312,87,8,-5.987715984869283,0,0,40,8,32,4,8,1,1.0,11.0,6,0,0,2,0,0,0,0,0,0,1,1,0,9,64,5,0,0,3,80,1,1,0,0,37.0,1.0,0,0,1,0,0,0,0,0,0,0,0,0,37,,,37,0,0,0,0,0,0,,0,0,0,0,0
2022,16,PHI,REG,DAL,24,40,355,2,2,0,0,0,0,380,97,19,16.79771334752305,6.818172510932474,0,29,87,1,2,2,5,-14.318057029319718,0,24,34,355,2,0,0,380,97,19,18.947859578300267,0,0,49,2,22,5,25,1,6.0,43.0,9,1,42,3,1,0,0,0,1,2,0,0,0,2,10,5,0,0,2,54,2,2,0,0,47.0,1.0,0,1,0,1,0,0,0,0,0,0,0,0,25;47,,,72,0,0,4,4,0,0,1.0,0,0,0,0,0
2022,16,PIT,REG,LV,26,39,244,1,1,0,0,0,0,208,96,13,1.3714822049648312,1.773406316836675,0,27,106,0,0,0,6,-2.713804130469569,0,26,36,244,1,0,0,208,96,13,3.4948823247966168,0,0,26,10,22,5,37,0,3.0,31.0,5,3,12,7,0,0,0,0,0,0,0,0,0,3,35,4,1,9,1,15,2,4,2,0,44.0,0.5,0,0,0,2,0,0,0,0,0,1,1,0,44;40,43;52,,84,95,0,1,1,0,0,1.0,0,0,0,0,0
2022,16,SEA,REG,KC,25,40,215,1,1,2,-15,0,0,267,79,8,-18.171165483795903,0.5896191847951788,0,31,133,0,0,0,9,1.8203973229392432,0,25,38,215,1,0,0,267,79,8,-13.757829755515559,0,0,26,3,23,2,5,0,1.0,4.0,3,0,0,5,0,0,0,0,0,0,0,0,0,6,35,6,2,12,3,68,1,1,0,0,22.0,1.0,0,1,0,0,0,0,0,0,0,0,0,0,22,,,22,0,0,1,1,0,0,1.0,0,0,0,0,0
2022,16,SF,REG,WAS,15,22,234,2,1,3,-16,0,0,183,105,8,6.726549983999158,2.4397858551570346,0,26,153,2,0,0,6,-0.6699221573853764,0,15,21,234,2,0,0,183,105,8,13.027507067468415,0,0,41,11,37,4,16,1,2.0,19.0,7,1,0,4,0,0,0,0,0,0,1,1,0,4,25,5,2,12,1,23,3,3,0,0,35.0,1.0,0,2,1,0,0,0,0,0,0,0,0,0,26;23;35,,,84,0,0,4,4,0,0,1.0,0,0,0,0,0
2022,16,TB,REG,ARI,32,48,281,1,2,0,0,0,0,227,222,15,-1.8559757816318072,-6.739622044066588,0,30,115,0,0,0,5,-5.711070191523312,0,32,48,281,1,0,0,227,222,15,-1.8559757816318072,0,0,41,11,21,3,3,1,1.0,17.0,7,1,0,5,0,0,0,0,0,0,2,2,0,5,30,2,1,14,3,68,4,4,0,0,42.0,1.0,0,0,2,2,0,0,0,0,0,0,0,0,38;35;42;40,,,155,0,0,1,1,0,0,1.0,1,1,0,0,40
2022,16,TEN,REG,HOU,14,23,99,0,2,4,-11,0,0,140,37,4,-17.22449917398626,-3.7674638628959656,0,31,184,2,1,1,11,2.057614990801085,0,14,20,99,0,0,0,140,37,4,-10.226242871227441,0,0,37,11,25,3,8,1,1.0,3.0,6,1,7,5,0,0,0,0,1,1,0,0,0,5,30,5,2,16,4,85,0,0,0,0,,,0,0,0,0,0,0,0,0,0,0,0,0,,,,0,0,0,2,2,0,0,1.0,0,0,0,0,0
2022,16,WAS,REG,SF,25,34,289,3,1,2,-19,1,1,316,101,18,6.788551549179945,11.552246177897734,0,33,79,0,0,0,2,-16.17781604034826,0,25,34,289,3,0,0,316,101,18,14.326206164376345,0,0,29,8,24,4,18,0,3.0,16.0,3,1,0,4,0,0,0,0,0,0,0,0,0,6,51,5,1,4,6,93,0,0,0,0,,,0,0,0,0,0,0,0,0,0,0,0,0,,,,0,0,0,2,2,0,0,1.0,0,0,0,0,0
2022,17,ARI,REG,ATL,24,40,222,1,0,2,-9,0,0,378,82,13,1.7515852053621566,-2.337812436254401,0,27,126,0,0,0,8,-0.4369784244336188,0,24,38,222,1,0,0,378,82,13,5.880033976209328,0,0,36,7,21,2,8,0,1.0,3.0,3,0,0,3,0,0,0,0,0,0,1,1,0,8,50,5,1,14,1,25,4,5,1,0,57.0,0.8,0,0,3,0,1,0,0,0,0,1,0,0,38;36;36;57,43,,167,43,0,1,1,0,0,1.0,0,0,0,0,0
2022,17,ATL,REG,ARI,19,26,169,0,0,1,-3,0,0,153,92,9,-0.18216361285717042,3.5152565240859985,0,34,132,2,1,1,12,-6.926811986455804,0,19,25,169,0,0,0,153,92,9,2.4987173441930786,0,0,30,6,40,2,9,0,2.0,9.0,7,0,0,4,0,0,0,0,0,1,0,0,0,5,70,4,0,0,1,23,2,2,0,0,27.0,1.0,0,2,0,0,0,0,0,0,0,0,0,0,27;21,,,48,0,0,2,2,0,0,1.0,1,1,0,0,21
2022,17,BAL,REG,PIT,14,21,130,1,1,1,-10,0,0,155,42,8,4.605213491775467,4.445981681346893,0,28,120,0,0,0,6,-4.619078466829665,0,14,20,130,1,0,0,155,42,8,6.69830786350034,0,0,34,11,33,4,24,0,2.0,15.0,9,0,0,8,0,0,0,0,0,0,0,0,0,4,30,5,1,2,2,83,2,2,0,0,51.0,1.0,0,0,1,0,1,0,0,0,0,0,0,0,30;51,,,81,0,0,1,1,0,0,1.0,0,0,0,0,0
2022,17,CAR,REG,TB,23,37,341,3,1,2,-15,1,1,325,128,15,7.452139082917711,12.205344438552856,0,22,74,0,1,1,6,-8.367742798494874,0,23,31,341,3,2,0,325,128,15,16.65309019119013,0,0,41,5,33,6,31,1,3.0,21.0,8,0,0,1,0,0,0,0,3,4,1,1,0,8,58,5,2,6,1,36,1,1,0,0,49.0,1.0,0,0,0,1,0,0,0,0,0,0,0,0,49,,,49,0,0,3,3,0,0,1.0,0,0,0,0,0
2022,17,CHI,REG,DET,7,21,75,1,1,7,-45,1,1,208,48,2,-26.995167147783807,-28.605930507183075,0,22,200,0,0,0,5,10.135588251403533,0,7,18,75,1,0,0,208,48,2,-8.495008341269568,0,0,38,11,29,4,19,0,2.0,16.0,3,0,0,1,0,0,0,0,0,0,0,0,0,3,49,4,1,10,1,63,1,1,0,0,23.0,1.0,0,1,0,0,0,0,0,0,0,0,0,0,23,,,23,0,0,1,1,0,0,1.0,0,0,0,0,0
2022,17,CLE,REG,WAS,9,18,169,3,0,5,-14,0,0,114,106,7,7.9150327226745025,-7.75594525039196,0,30,146,0,0,0,8,0.11405900830868632,0,9,16,169,3,0,0,114,106,7,14.030083441619489,0,0,36,9,37,5,23,0,3.0,19.0,6,3,0,5,0,0,0,0,0,0,0,0,0,3,20,5,1,10,1,23,1,1,0,0,37.0,1.0,0,0,1,0,0,0,0,0,0,0,0,0,37,,,37,0,0,3,3,0,0,1.0,0,0,0,0,0
2022,17,DAL,REG,TEN,29,41,282,2,2,1,-8,0,0,307,149,16,10.499198308709023,3.654417540968918,0,32,87,1,1,1,6,-10.329226983939042,0,29,41,282,2,0,0,307,149,16,12.403394825901781,0,0,33,5,25,3,10,2,2.0,12.0,10,1,0,5,0,0,0,0,0,1,1,1,0,3,35,3,3,29,0,0,2,2,0,0,45.0,1.0,0,0,1,1,0,0,0,0,0,0,0,0,36;45,,,81,0,0,3,3,0,0,1.0,0,0,0,0,0
2022,17,DEN,REG,KC,26,38,222,1,1,4,-32,1,1,192,136,12,-12.50047039879408,-0.47043172849549186,0,24,117,2,0,0,7,1.6627404994796962,0,26,36,222,1,0,0,192,136,12,-1.2943328950639477,0,0,33,1,15,0,0,1,0.0,0.0,3,1,0,5,0,0,0,0,0,0,1,1,0,3,23,5,3,37,1,20,1,1,0,0,49.0,1.0,0,0,0,1,0,0,0,0,0,0,0,0,49,,,49,0,0,3,3,0,0,1.0,0,0,0,0,0
2022,17,DET,REG,CHI,21,29,255,3,0,2,-16,0,0,192,131,14,4.8516844353489645,-1.1313899837691208,0,39,265,2,0,0,12,7.647911759209819,0,21,29,255,3,0,0,192,131,14,7.735071440821461,0,0,26,5,17,5,42,1,7.0,45.0,9,1,5,7,0,0,0,0,0,0,1,1,0,6,42,3,3,16,0,0,2,2,0,0,41.0,1.0,0,1,0,1,0,0,0,0,0,0,0,0,23;41,,,64,0,0,5,5,0,0,1.0,0,0,0,0,0
2022,17,GB,REG,MIN,17,27,168,1,0,1,-16,0,0,270,73,10,1.5747233504750255,2.01056284400133,0,33,163,2,0,0,9,5.2570186770753935,0,17,26,168,1,0,0,270,73,10,5.958059740602039,0,1,28,7,29,1,9,1,2.0,18.0,8,3,120,10,1,0,0,-3,0,0,1,1,0,3,30,5,2,25,1,105,2,2,0,0,56.0,1.0,0,1,0,0,1,0,0,0,0,0,0,0,26;56,,,82,0,0,5,5,0,0,1.0,0,0,0,0,0
2022,17,HOU,REG,JAX,25,44,211,0,0,2,-18,1,1,349,126,9,-26.2839806440752,-8.3575135185605,0,21,84,0,0,0,3,-7.65499751842708,0,25,42,211,0,0,0,349,126,9,-15.59405730839353,0,0,38,11,19,7,32,0,2.0,13.0,3,2,1,2,0,0,0,0,0,0,0,0,0,7,45,3,1,16,4,99,1,1,0,0,56.0,1.0,0,0,0,0,1,0,0,0,0,0,0,0,56,,,56,0,0,0,0,0,0,,0,0,0,0,0
2022,17,IND,REG,NYG,17,27,141,1,1,2,-17,0,0,185,55,7,-8.808786300354923,-7.101850818704675,0,27,128,0,0,0,6,-0.6367616342613474,0,17,27,141,1,0,0,185,55,7,-5.931191226636811,0,0,41,6,16,3,7,1,0.0,0.0,2,0,0,2,0,0,0,0,0,0,1,1,0,7,60,2,0,0,4,115,1,2,1,0,23.0,0.5,0,1,0,0,0,0,0,0,0,1,0,0,23,48,,23,48,0,1,1,0,0,1.0,0,0,0,0,0
2022,17,JAX,REG,HOU,22,29,181,0,2,2,-13,0,0,158,106,10,-5.889031154059794,6.412538034575326,0,29,169,3,1,0,8,1.3265016407822259,0,22,28,181,0,0,0,158,106,10,-3.1289878118112577,0,0,39,6,26,1,9,1,2.0,18.0,12,0,0,1,0,0,0,0,1,2,1,1,1,2,30,1,4,36,1,20,1,1,0,0,53.0,1.0,0,0,0,0,1,0,0,0,0,0,0,0,53,,,53,0,0,4,4,0,0,1.0,0,0,0,0,0
2022,17,KC,REG,DEN,29,42,328,3,1,0,0,0,0,313,187,18,10.644172068728096,5.376290548138503,0,16,46,1,0,0,3,-7.376788355395431,0,29,41,328,3,0,0,313,187,18,11.303248283496089,0,0,42,1,25,5,23,1,4.0,32.0,8,1,25,6,0,1,0,0,0,0,1,1,0,5,31,0,2,14,0,0,0,1,0,1,,0.0,0,0,0,0,0,0,0,0,0,0,0,0,,,51,0,0,51,3,3,0,0,1.0,0,0,0,0,0
2022,17,LA,REG,LAC,11,19,132,0,0,3,-21,1,1,220,35,6,-11.562610589861231,-3.5445161991649203,0,26,166,1,0,0,6,6.747788021923043,0,11,18,132,0,0,0,220,35,6,1.0307068415365044,0,0,40,7,19,1,3,0,0.0,0.0,2,0,0,1,0,0,0,0,0,0,0,0,0,3,22,1,0,0,0,0,1,1,0,0,23.0,1.0,0,1,0,0,0,0,0,0,0,0,0,0,23,,,23,0,0,1,1,0,0,1.0,0,0,0,0,0
2022,17,LAC,REG,LA,24,31,239,2,0,0,0,0,0,191,143,12,11.591248574372166,7.819910107120391,0,31,192,2,0,0,10,6.1230101537075825,0,24,31,239,2,0,0,191,143,12,11.591248574372166,0,0,26,2,22,4,22,1,3.0,21.0,4,0,0,3,0,0,0,0,0,0,1,1,0,2,19,1,3,26,0,0,1,1,0,0,40.0,1.0,0,0,0,1,0,0,0,0,0,0,0,0,40,,,40,0,0,4,4,0,0,1.0,0,0,0,0,0
2022,17,LV,REG,SF,23,34,365,3,2,0,0,0,0,344,142,15,6.232591861122273,8.878851402550936,0,32,135,1,1,0,11,-2.1382645269623026,0,23,32,365,3,0,0,344,142,15,9.750428836570958,0,0,33,4,24,3,4,0,0.0,0.0,4,1,0,5,0,0,0,0,1,2,0,0,0,6,49,4,0,0,0,0,2,2,0,0,57.0,1.0,0,1,0,0,1,0,0,0,0,0,0,0,20;57,,,77,0,0,4,4,0,0,1.0,0,0,0,0,0
2022,17,MIA,REG,NE,24,40,265,2,2,2,-18,0,0,318,127,15,-0.9194362536143692,-4.546665474772453,0,27,86,1,0,0,4,-1.5983316213241778,0,24,40,265,2,0,0,318,127,15,1.8846141362957476,0,0,31,5,19,4,32,0,3.0,31.0,5,0,0,3,0,0,0,0,0,0,0,0,0,9,71,6,3,13,3,79,0,1,1,0,,0.0,0,0,0,0,0,0,0,0,0,0,1,0,,51,,0,51,0,3,3,0,0,1.0,0,0,0,0,0
2022,17,MIN,REG,GB,22,35,262,2,3,2,-18,1,1,299,107,13,-11.497800882529353,-0.9391176700592041,0,20,102,0,1,0,5,0.571738825799252,0,22,35,262,2,0,0,299,107,13,-4.557790053690203,0,0,35,3,31,2,19,0,1.0,16.0,3,0,0,3,0,1,0,0,2,2,0,0,0,6,35,2,1,0,5,141,1,3,2,0,21.0,0.3333333333333333,0,1,0,0,0,0,0,0,0,1,1,0,21,46;50,,21,96,0,2,2,0,0,1.0,0,0,0,0,0
2022,17,NE,REG,MIA,20,33,204,2,0,3,-31,0,0,288,81,9,-3.1916010248089837,-2.4362278170883656,0,21,76,0,0,0,2,-5.4072701670229435,0,20,32,204,2,0,0,288,81,9,5.53616713611766,0,0,38,10,24,3,22,0,2.0,18.0,7,2,41,5,1,0,0,0,0,0,0,0,0,6,39,4,2,10,1,21,1,1,0,0,49.0,1.0,0,0,0,1,0,0,0,0,0,0,0,0,49,,,49,0,0,2,3,1,0,0.6666666666666666,0,0,0,0,0
2022,17,NO,REG,PHI,20,24,229,0,1,7,-45,0,0,155,109,10,-4.529516622764616,16.189536711444024,0,35,129,1,0,0,8,-3.2092470157416693,0,20,23,229,0,0,0,155,109,10,8.12544589665197,0,0,33,4,14,4,19,2,6.0,28.0,8,1,12,5,1,0,0,0,0,0,0,0,0,3,20,2,3,18,1,27,2,2,0,0,54.0,1.0,0,1,0,0,1,0,0,0,0,0,0,0,54;20,,,74,0,0,2,2,0,0,1.0,0,0,0,0,0
2022,17,NYG,REG,IND,19,24,177,2,0,0,0,0,0,144,68,9,11.808453440568428,12.194179322408592,0,37,217,2,0,0,14,6.170756092004012,0,19,23,177,2,1,1,144,68,9,6.4449747643084265,0,0,28,11,31,4,22,0,2.0,17.0,4,1,52,4,1,0,0,0,0,0,0,0,0,3,20,2,0,0,2,40,1,1,0,0,36.0,1.0,0,0,1,0,0,0,0,0,0,0,0,0,36,,,36,0,0,5,5,0,0,1.0,0,0,0,0,0
2022,17,NYJ,REG,SEA,23,46,240,0,2,4,-36,1,1,355,98,14,-18.903030699438016,-15.510605838563707,0,17,75,0,0,0,5,-2.7370466252905317,0,23,45,240,0,0,0,355,98,14,-13.798248743053488,0,0,46,4,34,4,35,1,3.0,23.0,9,0,0,4,0,0,0,0,0,0,0,0,0,2,10,6,2,8,2,51,2,3,1,0,44.0,0.6666666666666666,0,0,0,2,0,0,0,0,0,0,1,0,44;44,57,,88,57,0,0,0,0,0,,0,0,0,0,0
2022,17,PHI,REG,NO,18,32,274,1,1,6,-28,1,0,299,132,9,-11.34749149967277,-10.353635717183352,0,15,67,0,0,0,2,-3.059314958169125,0,18,32,274,1,0,0,299,132,9,-3.950052429219369,0,0,47,4,28,8,46,0,7.0,45.0,8,1,13,2,0,0,0,0,1,1,0,0,0,8,49,6,1,7,1,15,1,1,0,0,56.0,1.0,0,0,0,0,1,0,0,0,0,0,0,0,56,,,56,0,0,1,1,0,0,1.0,0,0,0,0,0
2022,17,PIT,REG,BAL,15,27,168,1,0,2,-15,0,0,223,60,9,4.159131734225969,-1.4824074727517587,0,41,198,0,0,0,13,6.272325953817926,0,15,27,168,1,0,0,223,60,9,7.113787372423406,0,0,26,7,31,2,16,0,1.0,10.0,3,1,0,2,0,0,0,0,0,0,0,0,0,6,43,1,0,0,1,29,3,4,1,0,51.0,0.75,0,1,1,0,1,0,0,0,0,1,0,0,21;51;33,48,,105,48,0,1,1,0,0,1.0,0,0,0,0,0
2022,17,SEA,REG,NYJ,18,29,183,2,0,4,-35,1,0,269,90,10,-2.4602409581900186,4.068438389471599,0,38,198,0,0,0,9,0.319678702730668,0,18,28,183,2,0,0,269,90,10,4.238299814994486,0,0,33,6,22,3,20,1,4.0,36.0,10,2,49,6,0,1,0,0,2,2,1,1,0,5,25,4,2,8,1,24,3,4,1,0,31.0,0.75,0,1,2,0,0,0,0,0,0,1,0,0,25;31;31,41,,87,41,0,2,2,0,0,1.0,0,0,0,0,0
2022,17,SF,REG,LV,22,35,284,2,1,0,0,0,0,270,160,15,7.8457565903289925,-3.836891405722674,0,27,170,2,0,0,10,7.37709543801036,0,22,34,284,2,0,0,270,160,15,8.864010989162953,0,0,32,3,35,1,1,0,0.0,0.0,9,2,56,4,0,0,0,0,0,0,0,0,0,9,71,3,0,0,2,48,3,4,1,0,43.0,0.75,0,2,0,1,0,0,0,0,0,1,0,0,43;24;23,41,,90,41,0,4,4,0,0,1.0,1,1,0,0,23
2022,17,TB,REG,CAR,34,45,432,3,0,3,-21,0,0,352,185,17,17.43078252064816,12.219110698927016,1,25,67,1,0,0,6,-3.2245824875717517,0,34,42,432,3,1,1,352,185,17,20.25175201260479,1,0,40,2,12,3,11,2,2.0,15.0,6,1,0,4,0,0,0,0,0,0,2,2,0,8,51,3,0,0,0,0,1,3,1,1,22.0,0.3333333333333333,0,1,0,0,0,0,0,0,0,0,1,0,22,53,26,22,53,26,1,2,1,0,0.5,0,0,0,0,0
2022,17,TEN,REG,DAL,20,39,232,1,1,2,-12,1,1,351,105,11,-8.409685233310476,-10.08478128596356,0,24,97,0,0,0,7,-2.2494771196506917,0,20,38,232,1,0,0,351,105,11,-2.0334980338748143,0,0,40,11,29,1,1,0,1.0,8.0,4,2,30,7,0,0,0,0,1,1,1,1,0,10,124,2,0,0,1,25,2,2,0,0,37.0,1.0,0,1,1,0,0,0,0,0,0,0,0,0,37;29,,,66,0,0,1,1,0,0,1.0,0,0,0,0,0
2022,17,WAS,REG,CLE,16,28,143,0,3,3,-19,0,0,232,50,9,-8.093270225496754,-9.525130902017866,0,37,136,1,0,0,7,-3.9241099732462317,0,16,28,143,0,0,0,232,50,9,-3.4987362841374945,0,0,24,7,29,7,23,0,5.0,14.0,5,0,0,2,0,0,0,0,0,0,0,0,0,5,24,4,1,15,3,70,1,1,0,0,43.0,1.0,0,0,0,1,0,0,0,0,0,0,0,0,43,,,43,0,0,1,1,0,0,1.0,0,0,0,0,0
2022,18,ARI,REG,SF,20,27,209,1,3,3,-15,1,1,180,153,6,-15.636984768789262,3.976570235358344,0,20,61,1,0,0,5,-2.0851590775419027,0,20,27,209,1,0,0,180,153,6,-7.169114329270087,0,0,32,9,41,8,49,0,4.0,36.0,6,0,0,2,0,0,0,0,0,0,0,0,0,7,50,3,2,17,4,93,0,0,0,0,,,0,0,0,0,0,0,0,0,0,0,0,0,,,,0,0,0,1,2,1,0,0.5,0,0,0,0,0
2022,18,ATL,REG,TB,19,30,224,2,0,2,-16,1,1,354,67,11,6.6037935349537715,6.780356700931277,0,35,174,1,0,0,10,-3.110630271583728,0,19,28,224,2,0,0,354,67,11,15.778077419594089,0,0,29,4,22,2,12,1,0.0,0.0,5,0,0,5,0,0,0,0,0,0,1,1,0,2,18,2,0,0,1,17,3,3,0,0,51.0,1.0,0,1,0,1,1,0,0,0,0,0,0,0,49;24;51,,,124,0,0,3,3,0,0,1.0,0,0,0,0,0
2022,18,BAL,REG,CIN,19,44,286,0,2,4,-10,1,1,349,138,12,-14.957850215040054,-21.050172050793964,0,27,110,1,0,0,7,-3.976655793900136,0,19,42,286,0,1,1,349,138,12,-9.286618107871641,0,0,39,8,18,4,8,1,2.0,13.0,6,0,0,5,0,0,0,0,0,0,1,1,0,5,22,5,1,8,2,51,3,3,0,0,51.0,1.0,0,2,0,0,1,0,0,0,0,0,0,0,26;51;27,,,104,0,0,1,1,0,0,1.0,0,0,0,0,0
2022,18,BUF,REG,NE,19,31,254,3,1,2,-17,0,0,416,48,10,8.448574600508437,0.9201243039100401,0,25,90,0,1,1,8,-6.808746956521645,0,19,31,254,3,0,0,416,48,10,12.511034711264074,0,2,41,9,13,1,9,1,1.0,9.0,4,3,45,7,0,1,0,0,0,0,0,0,0,2,20,2,2,6,4,235,0,0,0,0,,,0,0,0,0,0,0,0,0,0,0,0,0,,,,0,0,0,5,5,0,0,1.0,0,0,0,0,0
2022,18,CAR,REG,NO,5,15,43,0,2,2,-11,0,0,169,23,4,-12.895669672172517,-21.38125652616674,0,41,171,0,2,0,11,0.3579368164727623,0,5,11,43,0,0,0,169,23,4,-7.648054501682054,0,0,34,1,27,2,13,1,1.0,10.0,3,0,0,2,0,1,0,0,3,3,1,1,1,2,20,4,1,2,1,18,1,1,0,0,42.0,1.0,0,0,0,1,0,0,0,0,0,0,0,0,42,,,42,0,0,1,1,0,0,1.0,1,1,0,0,42
2022,18,CHI,REG,MIN,13,27,147,1,2,1,-6,0,0,286,69,9,-9.14500495385425,-16.501080769079703,0,22,118,1,0,0,4,1.4592955371481366,0,13,27,147,1,0,0,286,69,9,-6.637224096237216,0,0,41,14,34,3,5,2,0.0,0.0,2,1,10,2,0,0,0,0,0,0,1,1,0,2,20,6,1,-2,4,82,0,0,0,0,,,0,0,0,0,0,0,0,0,0,0,0,0,,,,0,0,0,1,1,0,0,1.0,0,0,0,0,0
2022,18,CIN,REG,BAL,25,42,215,1,0,2,-13,1,1,358,108,12,-7.989059291033679,-5.097121670842171,0,20,55,1,0,0,2,-4.760923258494586,0,25,40,215,1,0,0,358,108,12,2.7815469094681093,0,0,32,7,33,3,5,2,4.0,10.0,7,2,9,9,0,0,0,0,0,0,2,2,1,3,35,4,2,12,2,48,2,2,0,0,34.0,1.0,0,1,1,0,0,0,0,0,0,0,0,0,34;26,,,60,0,0,3,3,0,0,1.0,0,0,0,0,0
2022,18,CLE,REG,PIT,19,29,230,2,2,7,-57,0,0,203,121,11,-3.8467639016453177,1.0548692058633875,0,22,134,0,1,0,6,2.970634831523057,0,19,27,230,2,0,0,203,121,11,5.719982794020325,0,0,29,7,37,1,6,1,1.0,6.0,2,0,0,7,0,0,0,0,1,1,1,1,0,9,65,6,1,5,5,93,0,0,0,0,,,0,0,0,0,0,0,0,0,0,0,0,0,,,,0,0,0,2,2,0,0,1.0,0,0,0,0,0
2022,18,DAL,REG,WAS,14,38,128,1,1,1,-10,0,0,401,35,6,-14.503401283524,-24.287835591369205,0,27,64,0,1,0,5,-17.29826243937714,0,14,36,128,1,0,0,401,35,6,-11.103700422099791,0,0,39,9,33,4,14,0,3.0,11.0,4,1,0,2,0,1,0,0,1,2,0,0,0,6,74,3,4,13,2,51,0,0,0,0,,,0,0,0,0,0,0,0,0,0,0,0,0,,,,0,0,0,0,1,1,0,0.0,0,0,0,0,0
2022,18,DEN,REG,LAC,13,24,283,3,1,2,-17,0,0,316,92,8,4.052698932404837,1.0726186362179844,0,36,205,1,1,0,14,5.052581291820388,0,13,22,283,3,0,0,316,92,8,10.19381783255676,0,0,39,2,18,2,6,2,1.0,5.0,2,0,0,1,0,2,0,0,2,3,2,2,0,3,36,3,2,0,0,0,1,1,0,0,33.0,1.0,0,0,1,0,0,0,0,0,0,0,0,0,33,,,33,0,0,4,4,0,0,1.0,0,0,0,0,0
2022,18,DET,REG,GB,23,34,224,0,0,1,-5,1,0,187,128,12,7.491054698055307,-0.04961544817144221,0,25,104,2,0,0,7,-3.070798425527755,0,23,33,224,0,0,0,187,128,12,9.599491530259767,0,0,39,4,26,3,18,1,2.0,17.0,7,1,23,2,0,0,0,0,1,1,1,1,0,5,75,5,0,0,4,94,2,3,1,0,37.0,0.6666666666666666,0,0,2,0,0,0,0,0,0,1,0,0,37;33,46,,70,46,0,2,2,0,0,1.0,0,0,0,0,0
2022,18,GB,REG,DET,17,27,205,1,1,2,-17,0,0,242,86,9,-1.2578777933587206,3.502120994604551,0,28,103,0,0,0,6,-3.3628654647036456,0,17,26,205,1,1,1,242,86,9,0.03714336476590052,0,0,39,7,17,1,4,1,1.0,5.0,3,0,0,2,0,0,0,0,0,0,0,0,0,4,35,5,4,38,4,79,3,4,1,0,49.0,0.75,0,1,0,2,0,0,0,0,0,0,1,0,22;49;48,53,,119,53,0,1,1,0,0,1.0,0,0,0,0,0
2022,18,HOU,REG,IND,24,40,311,3,2,1,-10,0,0,339,120,16,7.652857407389209,-0.4011672970495726,1,23,59,0,1,1,3,-12.016529786907887,0,24,38,311,3,1,0,339,120,16,10.289506426299457,1,0,41,13,27,2,8,1,2.0,7.0,4,2,57,5,1,0,0,0,0,0,1,1,0,7,41,3,1,16,1,19,1,1,0,0,37.0,1.0,0,0,1,0,0,0,0,0,0,0,0,0,37,,,37,0,0,3,3,0,0,1.0,0,0,0,0,0
2022,18,IND,REG,HOU,23,35,209,2,2,2,-7,0,0,254,110,13,-13.008096263045445,0.22743545910891363,0,33,196,1,1,0,10,7.151901173468682,0,23,34,209,2,1,0,254,109,13,-10.339739472896326,0,0,35,3,21,5,25,2,1.0,10.0,6,2,38,4,1,1,0,0,3,4,1,1,0,2,10,6,2,13,4,88,1,1,0,0,54.0,1.0,0,0,0,0,1,0,0,0,0,0,0,0,54,,,54,0,0,4,4,0,0,1.0,0,0,0,0,0
2022,18,JAX,REG,TEN,20,32,212,1,0,1,-9,0,0,255,79,10,4.347590087726094,3.769606454619046,0,14,19,0,1,1,3,-9.133736643416341,0,20,29,212,1,0,0,255,79,10,8.290955636696271,0,0,47,5,35,7,17,2,4.0,14.0,11,1,29,5,0,0,0,0,0,1,1,1,1,4,25,3,2,33,4,125,2,2,0,0,36.0,1.0,0,1,1,0,0,0,0,0,0,0,0,0,26;36,,,62,0,0,2,2,0,0,1.0,0,0,0,0,0
2022,18,KC,REG,LV,18,26,202,1,0,2,-21,0,0,235,95,9,1.010588614166465,6.710937122503917,0,28,168,3,0,0,11,7.964467653946485,0,18,24,202,1,0,0,235,95,9,7.345336491429464,0,0,40,4,26,6,28,2,6.0,39.0,14,1,0,6,0,0,0,0,0,0,1,1,0,5,43,1,1,5,0,0,1,1,0,0,44.0,1.0,0,0,0,1,0,0,0,0,0,0,0,0,44,,,44,0,0,4,4,0,0,1.0,0,0,0,0,0
2022,18,LA,REG,SEA,13,26,147,0,1,5,-24,0,0,251,80,7,-11.475796162948965,-10.30342144270738,0,28,146,1,0,0,6,4.529148067464121,0,13,24,147,0,0,0,251,80,7,-1.1113356636849896,0,0,49,4,16,9,24,0,3.0,8.0,5,2,28,6,0,0,0,0,0,0,0,0,0,3,35,4,3,22,1,17,3,3,0,0,45.0,1.0,0,1,1,1,0,0,0,0,0,0,0,0,22;45;38,,,105,0,0,1,1,0,0,1.0,0,0,0,0,0
2022,18,LAC,REG,DEN,30,44,298,3,0,1,-5,0,0,279,179,17,17.79041788551674,-0.9402612393552606,1,22,59,0,2,1,4,-9.134407079720404,0,30,44,298,3,1,1,279,179,17,13.639010840670176,1,0,37,1,23,4,19,1,2.0,17.0,4,1,4,4,0,0,0,0,1,2,1,1,0,5,34,3,2,37,0,0,2,2,0,0,48.0,1.0,0,0,1,1,0,0,0,0,0,0,0,0,48;36,,,84,0,0,2,2,0,0,1.0,0,0,0,0,0
2022,18,LV,REG,KC,22,36,219,1,1,6,-39,2,1,305,90,13,-9.47109156276678,-2.8275529251379123,0,25,99,0,0,0,6,-1.1353332692524418,0,22,34,219,1,0,0,305,90,13,3.817270786677628,0,0,30,7,19,4,24,0,2.0,21.0,4,0,0,3,0,0,0,0,1,1,0,0,0,6,47,5,2,8,1,25,2,2,0,0,54.0,1.0,0,0,1,0,1,0,0,0,0,0,0,0,54;38,,,92,0,0,1,1,0,0,1.0,0,0,0,0,0
2022,18,MIA,REG,NYJ,20,31,152,0,0,1,-12,0,0,208,48,7,-7.085155114804383,7.642220733342348,0,32,162,0,0,0,10,1.3848809298579616,0,20,27,152,0,0,0,208,48,7,-0.7302631115708382,0,0,25,8,18,2,6,1,0.0,0.0,10,0,0,7,0,0,1,0,1,2,0,0,0,5,47,5,0,0,0,0,3,3,0,0,50.0,1.0,0,0,2,0,1,0,0,0,0,0,0,0,37;37;50,,,124,0,0,0,0,0,0,,0,0,0,0,0
2022,18,MIN,REG,CHI,28,33,341,1,1,0,0,0,0,278,162,15,22.193313416960777,20.46362916007638,0,38,141,2,1,1,13,-4.319284895303181,0,28,32,341,1,1,0,278,162,15,22.810951524932065,0,0,28,4,16,4,10,0,1.0,6.0,3,2,28,6,0,0,0,0,1,1,0,0,0,8,36,5,1,4,0,0,3,3,0,0,50.0,1.0,0,1,0,1,1,0,0,0,0,0,0,0,28;50;41,,,119,0,0,2,3,1,0,0.6666666666666666,0,0,0,0,0
2022,18,NE,REG,BUF,26,40,243,3,3,1,-9,0,0,282,90,13,-1.715124619149603,0.484739587857173,0,23,107,0,1,0,6,-0.6436293150223684,0,26,39,243,3,0,0,282,90,13,1.60998663496878,0,0,29,9,25,3,19,1,2.0,17.0,3,1,30,4,0,0,0,0,1,1,2,2,0,2,20,4,3,25,4,82,1,1,0,0,24.0,1.0,0,1,0,0,0,0,0,0,0,0,0,0,24,,,24,0,0,2,2,0,0,1.0,0,0,0,0,0
2022,18,NO,REG,CAR,15,25,171,1,0,1,-10,0,0,235,96,7,-4.9516878303989795,-9.881164073944092,0,32,143,0,0,0,7,-2.4692161117563955,0,15,25,171,1,1,1,235,96,7,-5.856067933273691,0,0,33,4,32,3,13,2,2.0,11.0,2,2,55,4,0,0,0,0,0,0,0,0,0,2,15,3,0,0,0,0,0,2,1,1,,0.0,0,0,0,0,0,0,0,0,0,1,0,0,,44,55,0,44,55,1,1,0,0,1.0,0,0,0,0,0
2022,18,NYG,REG,PHI,23,40,168,1,0,2,-13,0,0,204,76,11,-7.220007068556823,-6.994058034921947,0,21,129,1,0,0,6,7.110015273618046,0,23,38,168,1,0,0,204,76,11,0.6005707765369707,0,0,44,4,14,4,23,0,3.0,22.0,4,1,0,2,0,0,0,0,0,0,0,0,0,8,66,6,0,0,2,64,1,1,0,0,24.0,1.0,0,1,0,0,0,0,0,0,0,0,0,0,24,,,24,0,0,1,1,0,0,1.0,0,0,0,0,0
2022,18,NYJ,REG,MIA,18,33,149,0,0,0,0,0,0,280,49,10,0.06368995871728211,-6.617344170808792,0,20,38,0,1,0,1,-7.739941716394123,0,18,32,149,0,0,0,280,49,10,1.5893301022644892,0,0,33,10,28,5,39,0,1.0,12.0,9,0,0,4,0,0,0,0,1,1,0,0,0,6,54,3,2,29,0,0,2,3,1,0,35.0,0.6666666666666666,0,0,2,0,0,0,0,0,0,0,1,0,32;35,55,,67,55,0,0,0,0,0,,0,0,0,0,0
2022,18,PHI,REG,NYG,20,35,229,0,1,3,-22,0,0,239,129,11,-4.572545558074841,-4.519238587348692,0,34,135,1,0,0,11,3.2589169372222386,0,20,31,229,0,0,0,239,129,11,1.7556403176086344,0,0,36,4,14,5,18,0,2.0,13.0,9,0,0,9,0,0,0,0,0,0,0,0,0,4,30,2,2,30,0,0,5,5,0,0,54.0,1.0,0,1,2,0,2,0,0,0,0,0,0,0,32;52;39;54;22,,,199,0,0,1,1,0,0,1.0,0,0,0,0,0
2022,18,PIT,REG,CLE,13,29,195,1,0,1,-6,0,0,322,71,10,10.163560614810436,-12.973319100482124,1,37,144,2,2,1,11,-4.897260012221523,0,13,28,195,1,0,0,322,71,10,12.010532854983584,1,0,29,7,39,6,45,0,7.0,57.0,10,2,15,6,0,1,0,0,2,3,0,0,0,4,20,4,3,20,0,0,2,2,0,0,49.0,1.0,0,0,1,1,0,0,0,0,0,0,0,0,49;34,,,83,0,0,2,2,0,0,1.0,0,0,0,0,0
2022,18,SEA,REG,LA,19,31,213,1,2,3,-8,0,0,273,70,10,-7.512842737306058,0.5824434970106397,0,36,197,0,0,0,10,0.6614195243037981,0,19,28,213,1,0,0,273,70,10,-3.73561417934957,0,0,33,9,25,4,22,0,5.0,24.0,10,1,4,5,0,0,0,0,0,0,0,0,0,4,20,7,2,24,1,29,4,5,1,0,37.0,0.8,0,1,3,0,0,0,0,0,0,1,0,0,37;36;22;32,46,,127,46,0,1,1,0,0,1.0,1,1,0,0,32
2022,18,SF,REG,ARI,15,20,178,3,0,4,-36,0,0,107,107,10,5.973943722692779,4.3082694709300995,0,37,169,2,0,0,10,-2.8596993154787924,0,15,20,178,3,0,0,107,107,10,13.166776439145906,0,0,32,5,23,3,10,1,3.0,15.0,7,3,60,3,0,0,0,0,0,0,1,1,0,2,10,1,2,22,1,33,1,1,0,0,27.0,1.0,0,1,0,0,0,0,0,0,0,0,0,0,27,,,27,0,0,5,5,0,0,1.0,0,0,0,0,0
2022,18,TB,REG,ATL,22,34,136,2,0,0,0,0,0,189,112,8,-2.1181818352197297,-1.1274734229752512,0,20,86,0,0,0,5,-2.590531131147137,0,22,33,136,2,1,1,189,112,8,-6.092576952942181,0,0,32,9,31,6,24,0,1.0,8.0,5,0,0,2,0,0,0,0,0,0,1,1,0,3,30,4,1,12,1,24,1,1,0,0,41.0,1.0,0,0,0,1,0,0,0,0,0,0,0,0,41,,,41,0,0,2,2,0,0,1.0,0,0,0,0,0
2022,18,TEN,REG,JAX,20,29,179,1,1,4,-14,2,1,187,108,14,-0.5649513055226285,10.348027282290989,0,39,147,0,0,0,4,-6.127952700771857,0,20,27,179,1,0,0,187,108,14,13.608018950290173,0,0,27,6,12,2,10,0,1.0,9.0,4,0,0,2,0,0,0,0,1,1,1,1,0,6,40,5,1,2,3,71,3,3,0,0,51.0,1.0,0,0,1,1,1,0,0,0,0,0,0,0,51;39;41,,,131,0,0,1,1,0,0,1.0,0,0,0,0,0
2022,18,WAS,REG,DAL,11,19,169,1,1,3,-11,0,0,160,75,6,-7.461784537902072,-4.900194704532623,0,41,151,1,0,0,7,-4.547847428263994,0,11,18,169,1,0,0,160,75,6,-3.0666673750187137,0,0,30,4,28,3,25,0,1.0,10.0,4,1,29,7,1,1,0,0,1,1,1,1,0,2,10,1,7,55,1,27,2,4,2,0,29.0,0.5,0,2,0,0,0,0,0,0,1,0,1,0,29;22,31;52,,51,83,0,2,3,1,0,0.6666666666666666,0,0,0,0,0
2022,19,BAL,POST,CIN,17,29,226,2,1,2,-17,0,0,191,126,11,3.425004780988383,-4.344289217676435,0,35,155,0,1,1,10,-9.280454961641226,0,17,28,226,2,0,0,191,126,11,8.948017908781475,0,0,35,3,21,3,24,2,4.0,26.0,8,0,0,2,0,0,0,0,1,1,1,1,0,4,36,5,2,26,3,65,1,1,0,0,22.0,1.0,0,1,0,0,0,0,0,0,0,0,0,0,22,,,22,0,0,2,2,0,0,1.0,0,0,0,0,0
2022,19,BUF,POST,MIA,23,39,352,3,2,7,-36,2,1,608,79,16,-11.807607219514617,5.460669462745254,0,26,107,1,1,0,8,-0.96854921936756,0,23,37,352,3,0,0,608,79,16,4.819976639890095,0,0,31,7,19,6,36,0,4.0,31.0,11,2,10,10,0,1,0,0,2,2,0,0,0,2,13,5,3,17,2,56,2,2,0,0,39.0,1.0,0,0,2,0,0,0,0,0,0,0,0,0,33;39,,,72,0,0,4,4,0,0,1.0,0,0,0,0,0
2022,19,CIN,POST,BAL,23,32,209,1,0,4,-26,0,0,195,84,11,5.792991386327596,1.87448775395751,1,18,51,1,0,0,5,-0.4863816186261829,0,23,32,209,1,1,1,195,84,11,9.370119705455547,1,0,43,4,22,4,19,1,2.0,17.0,5,1,0,6,0,2,0,0,0,0,1,1,1,7,42,4,2,9,2,42,1,1,0,0,39.0,1.0,0,0,1,0,0,0,0,0,0,0,0,0,39,,,39,0,0,1,2,1,0,0.5,0,0,0,0,0
2022,19,DAL,POST,TB,25,33,305,4,0,1,-8,0,0,268,123,16,23.88380591443274,13.404040783643723,0,35,128,1,0,0,9,1.1435173061909154,0,25,32,305,4,0,0,268,123,16,27.820670925430022,0,0,42,2,20,5,23,1,2.0,17.0,6,1,0,12,0,0,0,0,0,0,0,0,0,2,15,3,2,7,1,35,0,0,0,0,,,0,0,0,0,0,0,0,0,0,0,0,0,,,,0,0,0,1,5,4,0,0.2,0,0,0,0,0
2022,19,JAX,POST,LAC,28,47,288,4,4,2,-15,0,0,353,107,18,-5.994776278617792,-6.79988303910131,0,21,117,0,0,0,5,4.98219793459123,1,28,46,288,4,0,0,353,107,18,-2.294885179682635,0,0,33,6,32,4,24,0,3.0,20.0,10,0,0,7,0,1,0,0,0,0,0,0,0,3,30,4,2,4,5,140,1,1,0,0,36.0,1.0,0,0,1,0,0,0,0,0,0,0,0,0,36,,,36,0,0,2,2,0,0,1.0,1,1,0,0,36
2022,19,LAC,POST,JAX,25,43,273,1,0,3,-20,0,0,239,150,13,7.645669385090526,-7.855833783036187,0,23,67,2,1,0,5,-2.6725862351595424,0,25,42,273,1,0,0,239,150,13,10.14715243520733,0,0,40,4,22,2,11,0,2.0,15.0,5,4,35,13,0,0,0,0,1,2,1,1,0,7,42,4,0,0,3,51,3,4,1,0,50.0,0.75,0,2,0,0,1,0,0,0,0,1,0,0,22;23;50,40,,95,40,0,3,3,0,0,1.0,0,0,0,0,0
2022,19,MIA,POST,BUF,18,45,220,1,2,4,-31,0,0,497,106,12,-9.625856898304903,-17.009518614837102,1,20,42,1,0,0,3,-5.108311242889613,0,18,42,220,1,0,0,497,106,12,-1.4291149332876207,1,0,42,5,23,5,17,3,7.0,36.0,13,2,78,6,0,0,0,0,0,0,1,1,1,7,34,6,2,53,1,23,3,3,0,0,48.0,1.0,0,0,1,2,0,0,0,0,0,0,0,0,40;48;37,,,125,0,0,2,2,0,0,1.0,0,0,0,0,0
2022,19,MIN,POST,NYG,32,40,271,2,0,0,0,0,0,262,131,16,9.867864937579725,13.61163243269309,0,16,61,1,0,0,3,-0.3274589389911853,0,32,39,271,2,0,0,262,131,16,11.676820779044647,0,0,40,5,17,5,17,1,3.0,12.0,4,0,0,4,0,1,0,0,1,1,0,0,0,3,12,4,1,0,1,24,1,1,0,0,38.0,1.0,0,0,1,0,0,0,0,0,0,0,0,0,38,,,38,0,0,3,3,0,0,1.0,0,0,0,0,0
2022,19,NYG,POST,MIN,24,35,301,2,0,3,-12,0,0,203,178,15,13.61165669968953,-1.3066129250959917,0,30,142,2,0,0,11,10.082732376351487,0,24,33,301,2,0,0,203,178,15,19.374015876102685,0,0,27,14,22,2,6,1,0.0,0.0,11,0,0,3,0,0,0,0,0,0,0,0,0,5,45,2,2,17,1,19,1,1,0,0,25.0,1.0,0,1,0,0,0,0,0,0,0,0,0,0,25,,,25,0,0,4,4,0,0,1.0,0,0,0,0,0
2022,19,SEA,POST,SF,25,35,253,2,1,3,-25,1,1,326,77,14,2.813331615631003,10.690565407276154,0,25,104,1,0,0,6,1.449509168932706,0,25,34,253,2,0,0,326,77,14,12.53583969872864,0,0,36,7,19,6,16,0,1.0,8.0,3,0,0,4,0,0,0,0,0,0,0,0,0,5,30,2,1,0,7,164,1,1,0,0,56.0,1.0,0,0,0,0,1,0,0,0,0,0,0,0,56,,,56,0,0,2,2,0,0,1.0,0,0,0,0,0
2022,19,SF,POST,SEA,18,30,332,3,0,1,-8,0,0,378,185,15,22.51470104532176,5.019948659119783,1,33,181,1,0,0,9,0.5713792989107596,0,18,27,332,3,0,0,378,185,15,25.346689309546253,1,0,47,3,17,5,17,1,3.0,25.0,2,1,6,1,0,0,0,0,0,0,1,1,0,3,28,3,1,16,0,0,4,4,0,0,46.0,1.0,0,0,3,1,0,0,0,0,0,0,0,0,34;33;46;31,,,144,0,0,3,3,0,0,1.0,0,0,0,0,0
2022,19,TB,POST,DAL,35,66,351,2,1,2,-17,0,0,360,192,20,-3.578787126374431,-13.038897172349397,1,12,52,0,0,0,4,-0.41560653498163447,0,35,61,351,2,0,0,360,192,20,4.686884353257716,1,0,43,3,23,3,10,0,1.0,8.0,5,0,0,2,0,0,0,0,1,1,0,0,0,3,34,5,3,34,3,58,0,0,0,0,,,0,0,0,0,0,0,0,0,0,0,0,0,,,,0,0,0,0,0,0,0,,0,0,0,0,0
2022,20,BUF,POST,CIN,25,42,264,0,1,1,-3,0,0,382,102,14,-1.7571034816497098,1.0545631498098373,0,19,64,1,0,0,5,2.233314476266969,0,25,40,264,0,0,0,382,102,14,0.4675376124509518,0,0,40,11,21,2,4,0,1.0,2.0,3,0,0,5,0,0,0,0,0,0,0,0,0,8,60,3,0,0,4,90,1,1,0,0,25.0,1.0,0,1,0,0,0,0,0,0,0,0,0,0,25,,,25,0,0,1,1,0,0,1.0,0,0,0,0,0
2022,20,CIN,POST,BUF,23,36,242,2,0,1,-2,0,0,252,138,14,12.047277628959305,5.609643692150712,0,34,172,1,0,0,13,3.1960079034863136,0,23,32,242,2,0,0,252,138,14,15.488545383783672,0,0,38,5,15,1,3,0,1.0,3.0,8,1,0,8,0,0,0,0,0,0,0,0,0,2,9,3,2,25,1,21,2,2,0,0,28.0,1.0,0,2,0,0,0,0,0,0,0,0,0,0,28;20,,,48,0,0,3,3,0,0,1.0,0,0,0,0,0
2022,20,DAL,POST,SF,23,37,206,1,2,1,0,0,0,303,83,9,-6.310623483164941,-5.130239676784825,0,22,76,0,0,0,5,0.8477876801043749,0,23,37,206,1,0,0,303,83,9,-5.549512426034321,0,0,32,11,39,3,19,1,2.0,15.0,5,0,0,3,0,0,0,0,0,0,1,1,0,7,50,6,0,0,4,120,2,2,0,0,43.0,1.0,0,1,0,1,0,0,0,0,0,0,0,0,25;43,,,68,0,0,0,1,0,1,0.0,0,0,0,0,0
2022,20,JAX,POST,KC,24,39,217,1,1,2,-12,0,0,303,120,11,0.09749504732646996,-2.4582011919272575,0,19,144,1,0,0,9,8.625843695364892,0,24,38,217,1,1,1,303,120,11,-1.3767357882370332,0,0,33,5,39,2,5,0,0.0,0.0,6,0,0,3,0,0,0,0,0,0,0,0,0,5,40,4,3,23,3,131,2,2,0,0,48.0,1.0,0,0,0,2,0,0,0,0,0,0,0,0,41;48,,,89,0,0,2,2,0,0,1.0,0,0,0,0,0
2022,20,KC,POST,JAX,27,37,218,3,0,0,0,0,0,198,113,14,12.40836861866628,7.307600549289158,0,30,144,0,0,0,7,0.09384539845632389,0,27,35,218,3,0,0,198,113,14,14.728992559612664,0,0,39,1,15,3,16,0,2.0,12.0,7,1,1,5,0,0,0,0,0,0,1,1,0,3,30,4,3,23,0,0,2,2,0,0,50.0,1.0,0,0,0,0,2,0,0,0,0,0,0,0,50;50,,,100,0,0,3,3,0,0,1.0,0,0,0,0,0
2022,20,NYG,POST,PHI,15,27,135,0,1,5,-26,1,0,212,55,8,-14.503513101837598,-10.485549156482403,0,20,118,1,0,0,5,2.642307728063315,0,15,26,135,0,0,0,212,55,8,-4.530798387131654,0,0,43,0,26,5,10,1,1.0,6.0,0,0,0,1,0,0,0,0,1,1,0,0,0,1,5,6,1,-3,5,130,0,0,0,0,,,0,0,0,0,0,0,0,0,0,0,0,0,,,,0,0,0,1,1,0,0,1.0,0,0,0,0,0
2022,20,PHI,POST,NYG,16,24,154,2,0,1,-6,1,0,144,87,8,5.891669733660251,-1.4345011363426845,0,44,268,3,0,0,17,17.02105527301319,0,16,24,154,2,0,0,144,87,8,7.251911397069648,0,0,37,1,15,4,19,1,5.0,26.0,8,1,8,6,0,0,0,0,1,1,0,0,0,5,25,2,0,0,0,0,1,1,0,0,30.0,1.0,0,0,1,0,0,0,0,0,0,0,0,0,30,,,30,0,0,5,5,0,0,1.0,0,0,0,0,0
2022,20,SF,POST,DAL,19,29,214,0,0,2,-15,0,0,248,83,11,3.6016753533626513,4.741751689177293,0,32,113,1,0,0,7,-3.1822307277894573,0,19,26,214,0,0,0,248,83,11,8.059321525995776,0,0,36,4,20,3,5,0,1.0,0.0,4,2,22,6,0,1,0,0,0,0,0,0,0,3,30,5,2,17,1,53,4,4,0,0,50.0,1.0,0,2,0,1,1,0,0,0,0,0,0,0,26;47;50;28,,,151,0,0,1,1,0,0,1.0,0,0,0,0,0
2022,21,CIN,POST,KC,26,41,270,1,2,5,-32,0,0,300,119,11,-1.8303664894601455,8.062006009591592,0,17,71,1,0,0,6,3.206043642538134,0,26,37,270,1,0,0,300,119,11,8.145584408560383,0,0,41,0,30,4,7,0,2.0,2.0,5,0,0,2,0,0,0,0,0,0,1,1,0,9,71,5,1,5,3,56,2,2,0,0,30.0,1.0,0,1,1,0,0,0,0,0,0,0,0,0,30;23,,,53,0,0,2,2,0,0,1.0,0,0,0,0,0
2022,21,KC,POST,CIN,29,43,326,2,0,3,-11,1,1,285,171,17,7.392084315645732,2.263510590646325,0,20,42,0,0,0,3,-4.389090741684869,0,29,41,326,2,1,0,285,171,17,16.285573908034237,0,0,42,2,12,5,29,0,5.0,32.0,12,2,6,7,0,0,0,0,1,1,0,0,0,4,55,6,3,41,3,63,3,3,0,0,45.0,1.0,0,1,0,2,0,0,0,0,0,0,0,0,43;24;45,,,112,0,0,2,2,0,0,1.0,1,1,0,0,45
2022,21,PHI,POST,SF,15,25,121,0,0,1,0,0,0,243,50,6,-0.6570534107740968,-2.6050777484973273,0,44,148,4,0,0,12,1.5656763539088616,0,15,24,121,0,0,0,243,50,6,0.85969293047674,0,0,28,4,22,3,17,2,3.0,14.0,7,0,0,1,0,0,0,0,0,0,3,3,0,4,34,2,0,0,1,29,1,1,0,0,31.0,1.0,0,0,1,0,0,0,0,0,0,0,0,0,31,,,31,0,0,4,4,0,0,1.0,0,0,0,0,0
2022,21,SF,POST,PHI,11,18,97,0,0,3,-14,1,1,115,66,4,-7.3389931918354705,-0.5345385521650314,0,24,81,1,2,2,8,-13.380708800104912,0,11,15,97,0,0,0,115,66,4,1.3246918693184853,0,0,42,2,24,7,12,0,1.0,0.0,2,0,0,4,0,0,0,0,0,1,0,0,0,11,81,0,2,17,3,107,0,0,0,0,,,0,0,0,0,0,0,0,0,0,0,0,0,,,,0,0,0,1,1,0,0,1.0,0,0,0,0,0
2022,22,KC,POST,PHI,21,27,182,3,0,0,0,0,0,167,80,12,12.38346458106125,13.6403249502182,0,26,158,1,0,0,8,4.106593038307374,0,21,25,182,3,0,0,167,80,12,13.844340606087915,0,0,46,2,20,5,6,1,2.0,2.0,2,0,0,3,0,0,0,0,1,1,1,1,1,3,14,3,2,77,0,0,1,2,1,0,27.0,0.5,0,1,0,0,0,0,0,0,0,1,0,0,27,42,,27,42,0,5,5,0,0,1.0,1,1,0,0,27
2022,22,PHI,POST,KC,27,38,304,1,0,2,-2,0,0,404,112,11,12.892023836994335,12.03083360896391,0,32,115,3,2,1,13,-1.1859629505050835,1,27,34,304,1,0,0,404,112,11,17.161889151907083,0,0,37,1,9,1,3,0,0.0,0.0,5,0,0,1,0,0,0,0,0,0,0,0,0,6,33,6,2,35,1,11,2,2,0,0,35.0,1.0,0,0,2,0,0,0,0,0,0,0,0,0,35;33,,,68,0,0,3,3,0,0,1.0,0,0,0,0,0
2023,1,ARI,REG,WAS,21,30,132,0,0,3,-18,1,1,186,63,9,-9.239667566276069,2.0314213633537292,0,25,96,0,1,1,5,-11.179295602603815,0,21,30,132,0,0,0,186,63,9,-2.799340452548961,0,0,38,6,28,6,26,2,6.0,46.0,6,1,1,7,0,0,0,0,1,2,2,2,1,9,122,4,4,24,0,0,3,3,0,0,54.0,1.0,0,1,1,0,1,0,0,0,0,0,0,0,28;54;37,,,119,0,0,1,1,0,0,1.0,0,0,0,0,0
2023,1,ATL,REG,CAR,15,18,115,1,0,4,-24,1,0,63,75,6,-4.450449751486303,6.426090333196852,0,26,130,2,0,0,7,-0.5957715588523496,0,15,18,115,1,0,0,63,75,6,0.7187994128034916,0,0,30,7,41,3,16,1,2.0,19.0,8,2,3,4,0,0,0,0,1,1,1,1,0,6,43,2,2,4,0,0,1,1,0,0,49.0,1.0,0,0,0,1,0,0,0,0,0,0,0,0,49,,,49,0,0,3,3,0,0,1.0,0,0,0,0,0
2023,1,BAL,REG,HOU,17,22,169,0,1,4,-14,1,1,102,84,8,-4.415662565714761,11.384226026989163,0,32,110,3,1,0,7,1.2081521022920496,1,17,21,169,0,0,0,102,84,8,7.9854877272349905,0,0,38,8,34,4,41,1,5.0,46.0,10,0,0,4,0,0,0,0,1,1,1,1,0,13,106,5,0,0,1,18,1,1,0,0,39.0,1.0,0,0,1,0,0,0,0,0,0,0,0,0,39,,,39,0,0,2,2,0,0,1.0,0,0,0,0,0
2023,1,BUF,REG,NYJ,29,41,236,1,3,5,-19,0,0,338,132,11,-1.409397025535174,7.830620079468456,0,22,97,0,1,1,9,-3.16856822141138,0,29,39,236,1,0,0,338,132,11,5.100839827791031,0,0,28,12,24,6,33,1,3.0,23.0,8,1,13,2,0,0,0,0,1,1,0,0,0,5,40,5,1,4,0,0,3,3,0,0,50.0,1.0,0,0,1,1,1,0,0,0,0,0,0,0,40;34;50,,,124,0,0,1,1,0,0,1.0,0,0,0,0,0
2023,1,CAR,REG,ATL,20,38,146,1,2,2,-19,0,0,281,92,9,-10.528563417818297,-5.514065777101824,0,32,154,0,2,1,10,-8.897444794420153,0,20,31,146,1,0,0,281,92,9,-3.1030003827511257,0,0,32,7,19,6,35,1,4.0,24.0,5,0,0,0,0,0,0,0,1,1,0,0,0,9,66,5,3,14,0,0,1,1,0,0,43.0,1.0,0,0,0,1,0,0,0,0,0,0,0,0,43,,,43,0,0,1,1,0,0,1.0,0,0,0,0,0
2023,1,CHI,REG,GB,24,37,216,1,1,4,-27,1,1,113,130,12,-11.945732079244234,-7.785577906502614,0,29,122,1,0,0,9,-0.7843370526824147,1,24,36,216,1,0,0,113,130,12,-2.5249783559718795,0,0,35,4,24,5,19,0,1.0,8.0,3,0,0,4,0,0,0,0,0,0,0,0,0,7,61,3,2,16,4,84,2,2,0,0,47.0,1.0,0,1,0,1,0,0,0,0,0,0,0,0,47;29,,,76,0,0,0,0,0,0,,0,0,0,0,0
2023,1,CIN,REG,CLE,14,32,82,0,0,2,-15,0,0,236,51,3,-19.882655908595407,-18.79459100384866,0,20,75,0,0,0,2,-4.316364576923661,0,14,31,82,0,0,0,236,51,3,-13.301555054213022,0,0,38,9,33,3,13,1,3.0,10.0,5,1,20,5,0,0,0,0,0,0,1,1,0,4,20,1,3,24,2,45,1,2,1,0,42.0,0.5,0,0,0,1,0,0,0,0,0,0,1,0,42,51,,42,51,0,0,0,0,0,,0,0,0,0,0
2023,1,CLE,REG,CIN,16,29,154,1,1,3,-10,0,0,329,62,9,-10.871305896014096,-6.878151616145822,0,40,206,1,1,1,14,0.7039852013550698,1,16,29,154,1,0,0,329,62,9,-6.493987274866672,0,0,29,1,21,4,19,0,2.0,15.0,10,0,0,4,0,0,0,0,1,1,0,0,0,5,43,3,3,15,0,0,3,3,0,0,43.0,1.0,0,0,1,2,0,0,0,0,0,0,0,0,42;34;43,,,119,0,0,1,1,0,0,1.0,0,0,0,0,0
2023,1,DAL,REG,NYG,13,25,143,0,0,0,0,0,0,181,71,8,1.5768303667302872,-11.235527753829956,0,30,122,3,0,0,7,1.7182066956884228,0,13,25,143,0,1,0,181,71,8,1.5768303667302872,0,1,39,5,21,9,48,3,7.0,47.0,12,2,22,8,1,0,0,58,1,1,1,1,0,5,35,4,2,17,0,0,2,2,0,0,38.0,1.0,0,1,1,0,0,0,0,0,0,0,0,0,21;38,,,59,0,0,4,5,1,0,0.8,0,0,0,0,0
2023,1,DEN,REG,LV,27,34,177,2,0,2,-11,0,0,137,78,11,2.355538343570046,14.956555236130953,0,22,94,0,0,0,5,-3.2456463303533383,0,27,32,177,2,0,0,137,78,11,7.102653600206644,0,0,28,3,23,1,3,0,0.0,0.0,3,1,0,5,0,0,0,0,0,0,0,0,0,10,83,6,0,0,2,55,1,2,1,0,24.0,0.5,0,1,0,0,0,0,0,0,0,0,1,0,24,55,,24,55,0,1,2,1,0,0.5,0,0,0,0,0
2023,1,DET,REG,KC,22,35,253,1,0,1,-3,0,0,238,109,11,6.543756803672295,-0.11570891365408897,0,34,118,1,0,0,9,-3.6365855225594714,0,22,32,253,1,1,1,238,109,11,6.054341426992323,0,0,37,3,13,1,3,0,0.0,0.0,7,1,50,5,1,0,0,0,1,2,0,0,0,4,63,3,1,16,0,0,0,0,0,0,,,0,0,0,0,0,0,0,0,0,0,0,0,,,,0,0,0,3,3,0,0,1.0,0,0,0,0,0
2023,1,GB,REG,CHI,15,27,245,3,0,1,-8,0,0,275,149,10,17.795653510178614,-5.516260862350464,0,32,92,1,1,0,7,-8.45357209496433,0,15,27,245,3,0,0,275,149,10,19.080095132871065,0,0,45,6,26,6,39,1,4.0,27.0,6,1,37,6,1,0,0,0,2,3,1,1,0,9,90,6,3,54,2,55,1,1,0,0,52.0,1.0,0,0,0,0,1,0,0,0,0,0,0,0,52,,,52,0,0,5,5,0,0,1.0,0,0,0,0,0
2023,1,HOU,REG,BAL,28,44,242,0,0,5,-46,1,1,260,133,13,-11.156192205151807,-4.569687676984208,0,23,72,0,0,0,1,-8.125070234664948,0,28,43,242,0,0,0,260,133,13,2.796676605436227,0,0,34,7,23,5,26,1,3.0,13.0,7,1,0,1,0,0,0,0,0,0,1,1,0,9,88,6,2,24,0,0,3,3,0,0,38.0,1.0,0,0,3,0,0,0,0,0,0,0,0,0,35;38;36,,,109,0,0,0,0,0,0,,0,0,0,0,0
2023,1,IND,REG,JAX,24,39,223,1,1,4,-8,0,0,218,136,12,-9.141757843695814,-10.71670964742318,0,26,65,1,1,1,5,-13.309330986026907,0,24,39,223,1,1,1,218,136,12,-10.158270213840296,0,0,42,9,27,6,14,3,2.0,4.0,4,1,34,3,0,0,0,0,0,0,1,1,1,4,35,5,2,20,1,19,0,0,0,0,,,0,0,0,0,0,0,0,0,0,0,0,0,,,,0,0,0,3,3,0,0,1.0,0,0,0,0,0
2023,1,JAX,REG,IND,24,32,241,2,1,2,-4,1,0,216,93,10,-9.001866828126367,5.192238278687,0,35,105,2,0,0,9,-6.879725337197041,0,24,32,241,2,1,0,216,93,10,1.3154447731212713,0,0,39,9,21,5,14,2,4.0,8.0,6,1,0,5,0,0,0,0,1,1,2,2,0,4,45,1,2,58,1,20,1,1,0,0,45.0,1.0,0,0,0,1,0,0,0,0,0,0,0,0,45,,,45,0,0,4,4,0,0,1.0,0,0,0,0,0
2023,1,KC,REG,DET,21,39,226,2,1,0,0,0,0,354,113,10,-6.4536129623823655,-6.219996028655283,0,23,90,0,0,0,6,-2.581925235397648,0,21,37,226,2,0,0,354,113,10,-5.052830207970445,0,0,34,9,29,2,13,1,1.0,3.0,4,0,0,4,0,0,0,0,0,0,1,1,0,3,25,6,3,16,0,0,2,2,0,0,39.0,1.0,0,0,2,0,0,0,0,0,0,0,0,0,35;39,,,74,0,0,2,2,0,0,1.0,0,0,0,0,0
2023,1,LA,REG,SEA,24,38,334,0,0,0,0,0,0,409,106,17,20.67998153272862,-0.42592617305549146,0,40,92,3,0,0,8,0.6943168618732556,0,24,37,334,0,0,0,409,106,17,21.20823096215105,0,0,24,4,26,3,8,0,2.0,17.0,7,0,0,1,0,0,0,0,0,0,0,0,0,7,53,6,1,7,1,8,3,5,1,1,54.0,0.6,0,0,1,1,1,0,0,0,0,0,1,0,38;54;45,56,57,137,56,57,3,3,0,0,1.0,0,0,0,0,0
2023,1,LAC,REG,MIA,23,33,229,1,0,3,-29,0,0,234,122,10,-1.2410654513043027,2.5835440043480182,0,40,233,3,0,0,17,12.84091145225612,0,23,31,229,1,0,0,234,122,10,7.229464493215209,0,0,33,4,8,3,10,0,0.0,0.0,2,1,9,10,0,0,0,0,0,0,1,1,0,6,70,5,1,3,0,0,2,2,0,0,50.0,1.0,0,1,0,0,1,0,0,0,0,0,0,0,50;25,,,75,0,0,4,4,0,0,1.0,0,0,0,0,0
2023,1,LV,REG,DEN,20,26,200,2,1,0,0,0,0,183,62,11,13.086084981785486,13.071728211182812,0,29,61,0,1,0,6,-7.017090056964662,0,20,26,200,2,0,0,183,62,11,13.086084981785486,0,0,36,3,25,6,25,0,2.0,11.0,4,0,0,1,0,0,0,0,1,1,0,0,0,10,97,2,0,0,0,0,1,1,0,0,24.0,1.0,0,1,0,0,0,0,0,0,0,0,0,0,24,,,24,0,0,2,2,0,0,1.0,0,0,0,0,0
2023,1,MIA,REG,LAC,28,45,466,3,1,0,0,0,0,495,162,23,27.078330696646354,0.7247561080889282,0,20,70,1,2,1,8,-10.330020508205052,0,28,44,466,3,0,0,495,162,23,27.514803745113078,0,0,40,16,32,2,20,0,3.0,29.0,5,0,0,1,0,0,0,0,1,3,0,0,0,6,38,1,0,0,0,0,3,3,0,0,45.0,1.0,0,1,0,2,0,0,0,0,0,0,0,0,23;41;45,,,109,0,0,3,4,1,0,0.75,0,0,0,0,0
2023,1,MIN,REG,TB,33,44,344,2,1,2,-16,1,1,298,145,15,0.3236897762782771,4.992012476379221,0,17,41,0,1,1,3,-8.6424593347474,0,33,44,344,2,0,0,298,145,15,7.33050828465837,0,0,33,13,31,1,4,0,1.0,4.0,2,0,0,5,0,0,0,0,0,1,0,0,0,6,45,5,4,18,1,15,1,1,0,0,25.0,1.0,0,1,0,0,0,0,0,0,0,0,0,0,25,,,25,0,0,2,2,0,0,1.0,0,0,0,0,0
2023,1,NE,REG,PHI,35,54,316,3,1,2,-10,0,0,403,190,18,-7.607893661319278,-3.1121518324922652,0,22,76,0,0,0,6,-3.561438186268788,0,35,54,316,3,1,1,403,190,18,-10.477490359000395,0,0,32,5,29,3,17,1,3.0,16.0,4,0,0,4,0,2,0,0,0,0,1,1,0,7,50,4,3,21,2,62,0,0,0,0,,,0,0,0,0,0,0,0,0,0,0,0,0,,,,0,0,0,2,2,0,0,1.0,0,0,0,0,0
2023,1,NO,REG,TEN,23,33,305,1,1,4,-23,0,0,378,103,12,3.6704846313371933,6.152717453060727,0,27,69,0,1,0,3,-13.520288779597841,0,23,33,305,1,0,0,378,103,12,9.157402672761553,0,0,31,4,24,1,9,0,3.0,17.0,10,3,5,11,0,0,0,0,1,1,0,0,0,7,45,3,2,6,5,110,3,3,0,0,52.0,1.0,0,1,1,0,1,0,0,0,0,0,0,0,26;33;52,,,111,0,0,1,1,0,0,1.0,0,0,0,0,0
2023,1,NYG,REG,DAL,17,30,110,0,2,7,-47,1,0,171,81,5,-23.242627227678895,-11.62389439755473,0,28,108,0,1,0,8,-2.2677686597438615,0,17,29,110,0,2,1,171,81,5,-17.8907828652882,0,0,26,6,30,1,5,1,0.0,0.0,3,0,0,4,0,0,0,0,4,6,0,0,0,6,72,3,1,7,0,0,0,2,1,1,,0.0,0,0,0,0,0,0,0,0,1,0,0,0,,36,45,0,36,45,0,0,0,0,,0,0,0,0,0
2023,1,NYJ,REG,BUF,14,22,140,1,1,3,-23,0,0,113,92,7,-5.221492526900821,6.418682138125101,0,28,172,0,1,0,5,2.803439830895746,0,14,18,140,1,0,0,113,92,7,3.475709805818042,0,1,42,11,19,6,24,1,5.0,19.0,9,3,0,4,0,0,0,0,0,0,1,1,0,2,10,3,2,66,2,46,3,3,0,0,43.0,1.0,0,1,1,1,0,0,0,0,0,0,0,0,26;43;30,,,99,0,0,1,1,0,0,1.0,0,0,0,0,0
2023,1,PHI,REG,NE,22,33,170,1,0,3,-16,0,0,332,64,8,-4.859522551436711,8.096699515978498,0,25,97,0,1,1,6,-4.086128338489847,0,22,30,170,1,0,0,332,64,8,0.5386158869900441,0,0,42,4,32,4,10,2,2.0,10.0,7,1,70,10,1,0,0,0,0,0,1,1,0,5,49,5,2,30,1,11,4,4,0,0,56.0,1.0,0,0,1,1,2,0,0,0,0,0,0,0,32;56;48;51,,,187,0,0,1,2,1,0,0.5,0,0,0,0,0
2023,1,PIT,REG,SF,31,46,232,1,2,5,-34,0,0,327,110,9,-20.120926569390576,2.07611083984375,0,10,41,0,0,0,3,-0.7824145538615994,0,31,45,232,1,0,0,327,110,9,-11.78356293757679,0,0,37,10,26,4,12,3,3.0,17.0,7,0,0,5,0,0,0,0,0,0,1,1,0,6,60,5,1,2,3,91,0,0,0,0,,,0,0,0,0,0,0,0,0,0,0,0,0,,,,0,0,0,1,1,0,0,1.0,0,0,0,0,0
2023,1,SEA,REG,LA,16,26,112,1,0,2,-17,0,0,127,71,7,-4.389090738004492,-1.2529852489630386,0,18,85,0,0,0,3,-0.556097753404174,0,16,24,112,1,0,0,127,71,7,-0.9580043806611158,0,0,39,9,37,4,15,0,0.0,0.0,2,0,0,1,0,0,0,10,0,0,0,0,0,7,55,3,1,18,2,50,2,3,1,0,42.0,0.6666666666666666,0,0,1,1,0,0,0,0,1,0,0,0,36;42,39,,78,39,0,1,1,0,0,1.0,0,0,0,0,0
2023,1,SF,REG,PIT,19,29,220,2,0,3,-17,2,1,242,54,13,6.527864027277396,3.14039247376578,0,34,188,1,0,0,8,3.488129185687285,0,19,28,220,2,1,0,242,54,13,17.230087944397532,0,0,37,5,17,7,43,0,5.0,34.0,9,2,37,4,0,0,0,0,2,2,0,0,0,11,85,4,3,41,0,0,3,3,0,0,41.0,1.0,0,0,1,2,0,0,0,0,0,0,0,0,41;32;40,,,113,0,0,3,3,0,0,1.0,0,0,0,0,0
2023,1,TB,REG,MIN,21,34,173,2,0,1,-4,0,0,252,83,9,0.9109713025364148,-2.990890759974718,0,33,73,0,0,0,5,-10.444308922509663,0,21,32,173,2,0,0,252,83,9,4.509457293161053,0,0,38,9,23,4,15,1,2.0,16.0,9,1,14,3,0,0,0,0,0,0,2,2,0,3,19,2,4,29,1,23,2,2,0,0,57.0,1.0,0,0,1,0,1,0,0,0,0,0,0,0,36;57,,,93,0,0,2,2,0,0,1.0,0,0,0,0,0
2023,1,TEN,REG,NO,16,34,198,0,3,3,-17,0,0,310,124,8,-12.042961892759902,-19.289592360005237,0,22,104,0,0,0,5,-1.0869991009822115,0,16,33,198,0,0,0,310,124,8,-8.244142758461923,0,0,41,5,29,6,24,2,4.0,23.0,8,1,10,4,0,0,0,0,0,0,1,1,0,6,45,4,4,37,0,0,5,5,0,0,50.0,1.0,0,2,1,1,1,0,0,0,0,0,0,0,50;27;31;45;29,,,182,0,0,0,0,0,0,,0,0,0,0,0
2023,1,WAS,REG,ARI,19,31,202,1,1,6,-46,1,1,228,68,10,-13.413062730876792,-6.899052961119292,0,28,92,1,1,1,8,-5.708866714819484,0,19,29,202,1,0,0,228,68,10,1.40977335505886,0,0,37,5,27,8,24,2,3.0,18.0,6,0,0,3,0,0,0,0,0,0,2,2,0,8,70,4,3,10,1,21,2,2,0,0,33.0,1.0,0,0,2,0,0,0,0,0,0,0,0,0,30;33,,,63,0,0,2,2,0,0,1.0,0,0,0,0,0
2023,2,ARI,REG,NYG,21,31,228,1,0,0,0,0,0,309,86,11,7.430885184349265,4.662621637870522,0,29,151,2,0,0,10,3.419217288847899,1,21,29,228,1,0,0,309,86,11,7.653436391116358,0,0,42,4,16,5,12,0,3.0,9.0,5,1,35,7,0,0,0,0,0,0,0,0,0,8,57,3,1,0,1,19,2,3,1,0,44.0,0.6666666666666666,0,0,1,1,0,0,0,0,0,0,1,0,37;44,55,,81,55,0,2,2,0,0,1.0,0,0,0,0,0
2023,2,ATL,REG,GB,19,32,237,1,1,1,-2,0,0,247,105,10,3.1194444414007774,-4.0856218338012695,0,45,211,1,0,0,15,3.124319511547574,0,19,30,237,1,0,0,247,105,10,5.143247651384182,0,0,25,5,13,2,16,0,1.0,11.0,3,0,0,5,0,0,0,0,0,0,0,0,0,6,110,5,2,20,1,19,4,4,0,0,39.0,1.0,0,2,2,0,0,0,0,0,0,0,0,0,24;33;39;25,,,121,0,0,1,2,1,0,0.5,0,0,0,0,0
2023,2,BAL,REG,CIN,24,33,237,2,0,0,0,0,0,300,78,12,12.392853365532094,5.829548022963784,0,37,178,1,0,0,12,2.8164624544828722,0,24,33,237,2,0,0,300,78,12,12.392853365532094,0,0,27,7,19,1,6,0,1.0,6.0,5,1,36,6,0,0,0,0,0,0,0,0,0,6,56,4,1,2,0,0,2,3,1,0,44.0,0.6666666666666666,0,0,0,2,0,0,0,0,0,0,1,0,44;40,59,,84,59,0,3,3,0,0,1.0,0,0,0,0,0
2023,2,BUF,REG,LV,31,37,274,3,0,2,-7,0,0,171,153,17,13.21760739837191,15.094337943527433,0,35,183,2,0,0,10,6.541145777994105,0,31,36,274,3,0,0,171,153,17,16.84994380021817,0,0,18,9,15,3,8,1,0.0,0.0,2,2,3,5,0,0,0,0,0,0,1,1,0,4,30,4,0,0,1,41,1,1,0,0,29.0,1.0,0,1,0,0,0,0,0,0,0,0,0,0,29,,,29,0,0,5,5,0,0,1.0,0,0,0,0,0
2023,2,CAR,REG,NO,22,33,153,1,0,4,-14,1,1,258,79,8,-11.27437778240337,3.4188852194816852,1,19,100,0,0,0,4,2.922318631259259,0,22,31,153,1,0,0,258,79,8,-1.1475880417002982,1,0,37,6,30,4,23,0,4.0,29.0,6,1,11,7,0,0,0,0,0,0,0,0,0,6,35,6,2,15,0,0,3,3,0,0,54.0,1.0,0,0,1,0,2,0,0,0,0,0,0,0,52;54;36,,,142,0,0,0,0,0,0,,0,0,0,0,0
2023,2,CHI,REG,TB,16,29,211,1,2,6,-42,1,0,179,111,9,-8.620328064332805,-10.542447865009308,0,16,67,1,1,0,6,0.21787651273189113,0,16,28,211,1,0,0,179,111,9,-1.1426724824123085,0,0,36,10,36,3,7,2,0.0,0.0,1,0,0,2,0,0,0,0,2,3,0,0,0,5,28,3,0,0,0,0,1,1,0,0,52.0,1.0,0,0,0,0,1,0,0,0,0,0,0,0,52,,,52,0,0,2,2,0,0,1.0,0,0,0,0,0
2023,2,CIN,REG,BAL,27,41,222,2,1,1,-6,0,0,221,142,13,1.5723083208449875,2.366721935761279,0,15,66,0,0,0,4,1.8999567845312413,0,27,39,222,2,0,0,221,142,13,4.082136110986559,0,1,44,6,24,2,5,0,0.0,0.0,1,0,0,3,0,0,0,0,0,0,0,0,0,5,30,5,1,81,0,0,1,1,0,0,27.0,1.0,0,1,0,0,0,0,0,0,0,0,0,0,27,,,27,0,0,3,3,0,0,1.0,0,0,0,0,0
2023,2,CLE,REG,PIT,22,40,235,1,1,6,-25,1,1,395,99,12,-15.953177403144817,-7.523954510688782,0,35,198,1,1,1,9,0.738389161735773,2,22,40,235,1,1,1,395,99,12,-4.147806507154562,0,0,24,8,14,2,14,1,2.0,22.0,9,1,0,7,0,2,0,0,0,0,1,1,0,8,81,3,0,0,0,0,2,3,1,0,55.0,0.6666666666666666,0,0,0,1,1,0,0,0,0,1,0,0,43;55,43,,98,43,0,0,0,0,0,,0,0,0,0,0
2023,2,DAL,REG,NYJ,31,38,255,2,0,1,-7,0,0,166,161,16,10.077872056186449,11.732454235489303,0,44,134,0,0,0,8,-8.8872576993301,1,31,37,255,2,1,0,166,161,16,12.31266658051011,0,0,24,2,12,5,25,1,3.0,19.0,5,3,40,7,0,0,0,0,1,1,1,1,0,6,38,1,0,0,1,0,5,5,0,0,55.0,1.0,0,2,2,0,1,0,0,0,0,0,0,0,35;21;55;26;30,,,167,0,0,1,1,0,0,1.0,0,0,0,0,0
2023,2,DEN,REG,WAS,18,32,308,3,1,7,-31,1,1,300,110,8,2.3995051103927842,2.543591349213211,0,23,122,1,0,0,10,5.8888226299895905,0,18,27,308,3,0,0,300,110,8,17.995254980822327,0,0,39,3,23,5,21,1,4.0,33.0,8,0,0,4,0,0,0,0,0,0,0,0,0,9,58,6,1,45,0,0,2,2,0,0,32.0,1.0,0,0,2,0,0,0,0,0,0,0,0,0,31;32,,,63,0,0,3,3,0,0,1.0,0,0,0,0,0
2023,2,DET,REG,SEA,28,35,323,3,1,2,-7,0,0,290,111,17,8.152201352508701,13.07824762428508,0,27,102,1,1,1,5,-8.643360751011642,0,28,34,323,3,1,1,290,111,17,9.188690147696025,0,0,45,5,19,1,17,0,1.0,17.0,1,0,0,2,0,0,0,0,0,0,0,0,0,4,24,2,2,17,0,0,1,1,0,0,38.0,1.0,0,0,1,0,0,0,0,0,0,0,0,0,38,,,38,0,0,4,4,0,0,1.0,0,0,0,0,0
2023,2,GB,REG,ATL,14,25,151,3,0,1,-11,0,0,221,74,10,2.631138812944961,-11.872460126876831,0,21,84,0,0,0,4,-0.24453191366046667,0,14,25,151,3,0,0,221,74,10,4.467519148912949,0,0,39,12,40,1,1,0,1.0,2.0,6,1,-2,4,0,0,0,0,0,0,0,0,0,7,40,5,0,0,2,55,1,1,0,0,33.0,1.0,0,0,1,0,0,0,0,0,0,0,0,0,33,,,33,0,0,3,3,0,0,1.0,0,0,0,0,0
2023,2,HOU,REG,IND,30,47,384,2,0,6,-47,1,1,436,123,18,7.303065555903382,1.6159686931343968,0,26,52,0,1,0,4,-8.756140708574094,0,30,43,384,2,0,0,436,123,18,21.64773054174093,0,0,33,5,19,0,0,1,0.0,0.0,1,0,0,1,0,0,0,0,2,3,0,0,0,3,20,4,2,20,2,37,2,3,1,0,36.0,0.6666666666666666,0,1,1,0,0,0,0,0,0,0,1,0,29;36,51,,65,51,0,2,2,0,0,1.0,0,0,0,0,0
2023,2,IND,REG,HOU,25,33,227,1,0,0,0,0,0,136,137,13,10.640065405486752,6.7277966007109615,0,23,126,3,0,0,6,3.7286753096268512,0,25,31,227,1,1,0,136,137,13,11.608209908035718,0,0,51,5,17,9,57,1,6.0,47.0,9,0,0,2,0,0,0,0,0,0,1,1,0,8,42,4,1,0,0,0,1,1,0,0,42.0,1.0,0,0,0,1,0,0,0,0,0,0,0,0,42,,,42,0,0,4,4,0,0,1.0,0,0,0,0,0
2023,2,JAX,REG,KC,23,42,215,0,0,4,-18,1,0,273,109,14,-13.865791954122573,-12.099692225456238,0,18,74,0,1,1,2,-7.586292712396244,0,23,41,215,0,0,0,273,109,14,-6.266964343515312,0,0,33,8,28,2,9,2,1.0,7.0,4,1,0,8,0,0,0,0,1,2,2,2,0,2,10,6,2,5,0,0,3,3,0,0,49.0,1.0,0,1,1,1,0,0,0,0,0,0,0,0,32;49;22,,,103,0,0,0,0,0,0,,0,0,0,0,0
2023,2,KC,REG,JAX,29,41,305,2,1,1,-7,0,0,274,179,12,10.558776084871267,3.813619501888752,0,22,101,0,0,0,9,-1.3830938463797793,0,29,40,305,2,2,1,274,179,12,6.124611834077866,0,0,34,2,24,3,13,1,4.0,18.0,7,0,0,6,0,1,0,0,2,2,1,1,0,12,94,0,3,8,1,14,1,1,0,0,38.0,1.0,0,0,1,0,0,0,0,0,0,0,0,0,38,,,38,0,0,2,2,0,0,1.0,0,0,0,0,0
2023,2,LA,REG,SF,34,55,307,1,2,1,-10,0,0,363,144,17,-5.089192700477702,-9.849129158716929,0,22,89,1,0,0,9,2.038193823711481,0,34,52,307,1,0,0,363,144,17,-0.8628869940062271,0,0,26,7,31,0,0,1,1.0,0.0,3,0,0,1,0,0,0,0,0,0,0,0,0,6,55,6,1,11,1,20,3,3,0,0,48.0,1.0,0,0,1,2,0,0,0,0,0,0,0,0,43;48;38,,,129,0,0,2,2,0,0,1.0,0,0,0,0,0
2023,2,LAC,REG,TEN,27,41,305,2,0,3,-24,0,0,441,113,14,10.31794210589466,7.6770969690420685,1,21,61,0,0,0,4,-4.23071229091147,0,27,39,305,2,0,0,441,113,14,17.50901999683313,1,0,34,10,36,6,49,0,5.0,46.0,6,0,0,1,0,0,0,0,0,0,0,0,0,4,43,5,4,63,1,24,3,3,0,0,33.0,1.0,0,1,2,0,0,0,0,0,0,0,0,0,27;30;33,,,90,0,0,1,1,0,0,1.0,0,0,0,0,0
2023,2,LV,REG,BUF,16,24,185,1,2,0,0,0,0,190,64,10,-2.0070985654510523,3.055281872334686,0,15,55,0,1,1,2,-8.178144040168263,0,16,23,185,1,0,0,190,64,10,-1.0659344800423796,0,0,47,8,26,3,13,0,2.0,7.0,2,0,0,2,0,0,0,0,0,0,0,0,0,2,30,1,0,0,1,23,1,1,0,0,47.0,1.0,0,0,0,1,0,0,0,0,0,0,0,0,47,,,47,0,0,1,1,0,0,1.0,0,0,0,0,0
2023,2,MIA,REG,NE,21,30,249,1,1,1,-5,0,0,269,129,15,11.266563081514587,7.973508793732217,0,30,145,2,2,0,9,0.6341191947918083,0,21,29,249,1,0,0,269,129,15,14.717330151927445,0,0,44,7,27,8,39,1,4.0,31.0,8,1,0,6,0,0,0,0,2,4,1,1,0,6,46,4,2,27,0,0,1,3,1,1,23.0,0.3333333333333333,0,1,0,0,0,0,0,0,0,0,1,0,23,55,49,23,55,49,3,3,0,0,1.0,0,0,0,0,0
2023,2,MIN,REG,PHI,31,44,364,4,0,2,-18,1,1,399,155,20,17.481337210163474,8.187004646589592,0,9,28,0,1,1,0,-6.570668466971256,0,31,43,364,4,1,1,399,155,20,18.203651710471604,0,0,41,14,42,4,22,1,4.0,22.0,5,1,0,3,0,1,0,0,0,0,0,0,0,2,15,6,2,19,0,0,0,0,0,0,,,0,0,0,0,0,0,0,0,0,0,0,0,,,,0,0,0,4,4,0,0,1.0,0,0,0,0,0
2023,2,NE,REG,MIA,31,42,231,1,1,4,-31,0,0,378,96,10,-2.3766230029077766,7.442533721526464,0,25,88,1,0,0,10,1.9336502191436011,0,31,42,231,1,1,1,378,96,10,-1.9205356782558871,0,0,39,4,18,4,10,0,1.0,5.0,2,1,0,3,0,0,0,4,0,0,0,0,0,5,45,3,2,12,0,0,1,1,0,0,49.0,1.0,0,0,0,1,0,0,0,0,0,0,0,0,49,,,49,0,0,2,2,0,0,1.0,0,0,0,0,0
2023,2,NO,REG,CAR,22,37,236,0,1,4,-29,0,0,284,66,11,-1.608775224193824,-1.1415773454834437,0,33,134,2,0,0,10,1.6757360272458754,0,22,34,236,0,0,0,284,66,11,7.1514298855425995,0,0,34,3,21,4,18,1,4.0,14.0,7,0,0,2,0,0,0,0,0,0,1,1,0,3,32,4,1,16,2,47,2,2,0,0,28.0,1.0,0,2,0,0,0,0,0,0,0,0,0,0,28;23,,,51,0,0,2,2,0,0,1.0,0,0,0,0,0
2023,2,NYG,REG,ARI,26,37,321,2,1,3,-9,0,0,346,103,15,8.180348059220705,6.0725173779896275,0,27,127,2,0,0,10,6.719742107731185,0,26,35,321,2,0,0,346,103,15,11.507128079712857,0,0,41,3,15,6,7,0,0.0,0.0,6,0,0,2,0,0,0,0,0,0,0,0,0,9,75,6,1,14,0,0,1,1,0,0,34.0,1.0,0,0,1,0,0,0,0,0,0,0,0,0,34,,,34,0,0,4,4,0,0,1.0,1,1,0,0,34
2023,2,NYJ,REG,DAL,12,27,170,1,3,3,-19,0,0,273,90,6,-18.485197545433778,-18.78376817703247,0,16,64,0,1,1,4,-7.815756131254602,0,12,25,170,1,0,0,273,90,6,-12.891806770346024,0,0,56,8,24,3,15,1,1.0,7.0,4,0,0,3,0,0,0,0,0,0,0,0,0,5,29,3,1,7,0,0,1,1,0,0,34.0,1.0,0,0,1,0,0,0,0,0,0,0,0,0,34,,,34,0,0,1,1,0,0,1.0,0,0,0,0,0
2023,2,PHI,REG,MIN,18,23,193,1,1,4,-22,0,0,208,70,4,1.1131707055028528,13.25925642793829,0,48,259,3,0,0,19,9.583386398668702,0,18,22,193,1,0,0,208,70,4,6.268201450468041,0,0,35,2,10,3,14,4,2.0,18.0,10,0,0,2,0,1,0,0,1,1,3,3,0,7,45,5,1,2,0,0,2,3,1,0,61.0,0.6666666666666666,0,1,0,0,0,1,0,0,0,0,1,0,24;61,55,,85,55,0,4,4,0,0,1.0,0,0,0,0,0
2023,2,PIT,REG,CLE,15,30,222,1,1,2,-22,0,0,172,151,6,-7.772112777774912,-15.314657112647744,0,21,55,0,0,0,3,-8.324056169323622,0,15,29,222,1,1,1,172,150,6,-9.644193617945295,0,0,43,15,23,7,23,4,6.0,25.0,11,1,30,8,1,0,0,0,0,0,3,3,1,5,31,2,1,14,1,0,2,2,0,0,52.0,1.0,0,0,0,0,2,0,0,0,0,0,0,0,52;50,,,102,0,0,2,2,0,0,1.0,0,0,0,0,0
2023,2,SEA,REG,DET,32,41,328,2,0,1,-17,0,0,259,118,18,14.869270530748489,15.73187692745312,0,25,82,2,0,0,7,1.5747841986012645,0,32,37,328,2,0,0,259,118,18,20.110645858092916,0,0,40,9,21,3,10,2,2.0,7.0,6,1,40,3,1,0,0,0,0,0,2,2,0,9,80,4,0,0,3,67,1,3,2,0,25.0,0.3333333333333333,0,1,0,0,0,0,0,0,0,1,1,0,25,45;56,,25,101,0,4,4,0,0,1.0,0,0,0,0,0
2023,2,SF,REG,LA,17,25,206,0,0,1,0,0,0,226,93,12,3.259913565046469,1.6733539601167036,0,28,159,3,1,0,10,4.244892328802962,0,17,24,206,0,1,0,226,93,12,5.540940865911859,0,0,39,7,27,2,11,0,1.0,10.0,7,2,24,7,0,0,0,0,1,1,0,0,0,6,57,5,1,13,0,0,3,3,0,0,57.0,1.0,0,2,0,0,1,0,0,0,0,0,0,0,27;57;26,,,110,0,0,3,3,0,0,1.0,0,0,0,0,0
2023,2,TB,REG,CHI,26,34,317,1,0,0,0,0,0,252,145,10,13.25848529643427,15.592158678919077,0,34,120,1,0,0,8,-1.2341223725234158,0,26,32,317,1,1,0,252,145,10,14.781831456611286,0,0,23,6,16,4,35,1,6.0,42.0,10,2,8,7,1,2,0,0,1,1,0,0,0,7,54,2,2,7,0,0,2,3,0,1,26.0,0.6666666666666666,0,2,0,0,0,0,0,0,0,0,0,0,26;25,,40,51,0,40,3,3,0,0,1.0,0,0,0,0,0
2023,2,TEN,REG,LAC,20,24,246,1,0,5,-46,0,0,211,63,9,1.4567640593870603,16.433273628354073,0,34,141,2,0,0,10,-0.7864493211083143,0,20,24,246,1,0,0,211,63,9,13.171933917108836,0,0,37,6,28,5,27,0,3.0,24.0,5,0,0,5,0,0,0,0,0,0,0,0,0,7,45,3,2,11,0,0,2,2,0,0,41.0,1.0,0,0,1,1,0,0,0,0,0,0,0,0,33;41,,,74,0,0,3,3,0,0,1.0,1,1,0,0,41
2023,2,WAS,REG,DEN,27,39,299,2,0,4,-33,1,0,229,160,11,7.249400672420453,8.928142488002777,0,23,122,2,0,0,11,6.220876910505584,1,27,34,299,2,0,0,229,160,11,16.988634698966695,0,0,29,6,24,4,20,1,7.0,31.0,14,1,3,4,0,2,0,0,1,1,1,1,0,8,71,5,2,9,0,0,2,4,2,0,49.0,0.5,0,0,0,2,0,0,0,0,0,1,1,0,44;49,49;59,,93,108,0,3,3,0,0,1.0,0,0,0,0,0
2023,3,ARI,REG,DAL,17,21,189,1,0,2,-11,0,0,131,106,8,3.6136314062201795,10.503742382639935,0,30,222,2,0,0,8,6.05442198400366,0,17,21,189,1,0,0,131,106,8,7.461302068844475,0,0,46,5,23,5,23,0,2.0,18.0,4,1,0,9,0,0,0,0,0,0,0,0,0,8,69,3,2,19,1,28,3,3,0,0,62.0,1.0,0,0,1,1,0,1,0,0,0,0,0,0,39;43;62,,,144,0,0,1,1,0,0,1.0,0,0,0,0,0
2023,3,ATL,REG,DET,21,38,201,0,0,7,-62,1,1,291,86,9,-14.69095040827284,-14.160722494125366,0,20,44,0,0,0,3,-7.176021059888819,0,21,38,201,0,0,0,291,86,9,-2.270382661533006,0,0,26,10,38,0,0,0,0.0,0.0,9,1,0,4,0,0,0,0,0,0,0,0,0,4,24,5,3,11,2,27,2,3,1,0,48.0,0.6666666666666666,0,1,0,1,0,0,0,0,0,1,0,0,48;24,47,,72,47,0,0,0,0,0,,0,0,0,0,0
2023,3,BAL,REG,IND,22,31,202,0,0,4,-24,2,1,199,92,7,-7.2513471138071,0.8391693234443665,0,37,186,2,0,0,13,2.1003600006806664,0,22,30,202,0,1,1,199,92,7,-2.607718627898833,0,0,42,13,35,3,21,1,4.0,38.0,7,0,0,5,0,0,1,0,2,3,0,0,0,1,5,7,4,45,1,20,1,2,1,0,50.0,0.5,0,0,0,0,1,0,0,0,0,0,0,1,50,61,,50,61,0,2,2,0,0,1.0,0,0,0,0,0
2023,3,BUF,REG,WAS,20,32,218,1,1,0,0,0,0,306,77,10,5.211040452186173,-3.0964242294430733,0,33,168,2,0,0,10,8.4761294425698,0,20,32,218,1,0,0,306,77,10,5.211040452186173,0,0,29,2,24,9,38,1,9.0,45.0,15,4,35,5,1,0,0,0,0,0,1,1,0,6,45,3,2,27,0,0,3,3,0,0,54.0,1.0,0,0,2,0,1,0,0,0,0,0,0,0,36;54;32,,,122,0,0,4,4,0,0,1.0,0,0,0,0,0
2023,3,CAR,REG,SEA,34,58,361,2,0,3,-27,0,0,477,128,17,4.548329591227218,-5.50634359058581,0,14,44,1,0,0,3,-1.1120853312895633,0,34,57,361,2,0,0,477,128,17,12.182278549182218,0,0,37,12,22,4,22,0,2.0,17.0,8,1,0,3,0,0,0,0,0,0,0,0,0,13,82,5,2,-3,1,37,2,3,1,0,47.0,0.6666666666666666,0,0,0,2,0,0,0,0,0,0,1,0,47;44,55,,91,55,0,3,3,0,0,1.0,0,0,0,0,0
2023,3,CHI,REG,KC,11,22,99,1,1,3,-12,0,0,314,40,5,-13.247832806431688,0.20127862691879272,0,26,116,0,0,0,6,2.0512181198824697,0,11,20,99,1,1,1,314,40,5,-9.638733272266109,0,0,35,13,39,4,5,0,0.0,0.0,5,2,42,4,0,0,0,0,0,0,0,0,0,6,32,1,0,0,0,0,1,1,0,0,21.0,1.0,0,1,0,0,0,0,0,0,0,0,0,0,21,,,21,0,0,1,1,0,0,1.0,0,0,0,0,0
2023,3,CIN,REG,LA,26,49,259,0,1,2,-17,0,0,344,136,12,-6.3870241614940735,-12.584375687267464,0,23,67,1,0,0,5,-2.2591245590592735,0,26,46,259,0,0,0,344,136,12,-2.6178169728474736,0,0,32,4,10,7,51,0,6.0,48.0,10,2,0,5,0,0,0,0,0,0,0,0,0,7,49,5,4,45,0,0,4,5,1,0,54.0,0.8,0,0,0,2,2,0,0,0,0,0,1,0,49;53;48;54,56,,204,56,0,1,1,0,0,1.0,0,0,0,0,0
2023,3,CLE,REG,TEN,27,33,289,2,0,3,-26,1,0,272,106,12,12.508116518452686,19.465619421774342,0,31,78,1,0,0,7,-6.108665562712099,0,27,31,289,2,1,1,272,106,12,13.365581847217788,0,0,26,5,13,8,37,1,5.0,36.0,8,0,0,4,0,1,0,0,2,2,0,0,0,5,46,2,2,11,1,26,2,2,0,0,52.0,1.0,0,0,0,1,1,0,0,0,0,0,0,0,48;52,,,100,0,0,3,3,0,0,1.0,0,0,0,0,0
2023,3,DAL,REG,ARI,25,40,249,1,1,2,-18,0,0,206,144,11,-3.6596148540473243,-3.304061615789257,0,33,185,0,0,0,12,8.314601436373778,0,25,37,249,1,0,0,206,144,11,0.5223734425173436,0,0,31,6,26,6,20,0,2.0,11.0,4,0,0,1,0,0,0,0,0,0,0,0,0,13,107,5,1,0,0,0,3,3,0,0,49.0,1.0,0,2,0,1,0,0,0,0,0,0,0,0,49;27;26,,,102,0,0,1,1,0,0,1.0,0,0,0,0,0
2023,3,DEN,REG,MIA,23,38,306,1,1,1,-12,0,0,412,123,13,2.2087187350008826,3.946023931105931,0,20,69,0,0,0,2,-5.999614568427205,0,23,36,306,1,3,2,412,123,13,-5.73363844799663,0,1,40,11,31,5,13,0,0.0,0.0,1,0,0,0,0,0,0,0,0,0,0,0,0,7,46,3,0,0,2,121,2,2,0,0,31.0,1.0,0,1,1,0,0,0,0,0,0,0,0,0,31;25,,,56,0,0,2,2,0,0,1.0,0,0,0,0,0
2023,3,DET,REG,ATL,22,33,243,1,1,0,0,0,0,272,66,11,2.720689908954858,3.2565460089714255,0,31,115,1,0,0,5,-7.763462320755934,0,22,31,243,1,0,0,272,66,11,3.5775522344671966,0,0,40,8,20,10,59,1,7.0,62.0,8,0,0,7,0,0,0,0,0,0,1,1,0,10,119,5,2,13,0,0,2,2,0,0,37.0,1.0,0,1,1,0,0,0,0,0,0,0,0,0,37;24,,,61,0,0,2,2,0,0,1.0,0,0,0,0,0
2023,3,GB,REG,NO,22,44,259,1,1,1,-14,0,0,522,77,13,-1.9114087828989978,-7.622924724290537,1,26,95,1,0,0,5,1.3659478595363908,0,22,43,259,1,0,0,522,77,13,1.1221387556082663,1,0,41,4,14,5,30,0,4.0,29.0,6,0,0,6,0,0,0,0,1,1,0,0,0,11,90,3,3,4,1,24,1,1,0,0,38.0,1.0,0,0,1,0,0,0,0,0,0,0,0,0,38,,,38,0,0,1,1,0,0,1.0,0,0,0,0,0
2023,3,HOU,REG,JAX,20,30,280,2,0,0,0,0,0,252,148,11,14.348350209458212,6.139893470139337,0,26,86,1,0,0,4,-2.0211372535354206,0,20,29,280,2,0,0,252,148,11,15.382590385472035,0,1,42,6,24,0,0,1,0.0,0.0,5,1,0,5,0,0,0,0,0,0,1,1,0,8,75,5,0,0,2,99,3,3,0,0,33.0,1.0,0,2,1,0,0,0,0,0,0,0,0,0,28;26;33,,,87,0,0,4,4,0,0,1.0,0,0,0,0,0
2023,3,IND,REG,BAL,27,44,227,1,0,5,-39,1,0,343,94,9,-8.418345229189798,-3.2286529739697793,0,35,139,0,0,0,10,-4.538658704244544,0,27,42,227,1,0,0,343,94,9,-0.047984323827038544,0,0,50,6,24,6,21,3,4.0,24.0,4,0,0,1,0,0,0,0,1,1,2,2,0,6,31,3,2,48,0,0,5,5,0,0,54.0,1.0,0,0,1,0,4,0,0,0,0,0,0,0,31;54;53;53;53,,,244,0,0,1,1,0,0,1.0,1,1,0,0,53
2023,3,JAX,REG,HOU,29,42,288,1,1,0,0,0,0,299,142,13,2.6320092902372796,2.7926620841026306,0,27,116,1,0,0,8,-1.7489474794791993,0,29,40,288,1,1,1,299,142,13,1.1147752148302477,0,0,25,14,26,4,10,0,0.0,0.0,4,0,0,2,0,0,0,0,0,0,0,0,0,6,49,1,0,0,3,72,1,3,1,1,33.0,0.3333333333333333,0,0,1,0,0,0,0,0,0,1,0,0,33,48,51,33,48,51,2,2,0,0,1.0,0,0,0,0,0
2023,3,KC,REG,CHI,27,38,303,3,2,0,0,0,0,254,126,16,14.211285196399533,6.955302647642189,0,37,153,2,0,0,12,0.5245528172235936,0,27,37,303,3,0,0,254,126,16,14.66946136920362,0,0,28,4,20,3,13,1,3.0,12.0,5,1,16,3,0,0,0,0,0,0,1,1,0,3,15,2,3,33,0,0,2,2,0,0,41.0,1.0,0,0,1,1,0,0,0,0,0,0,0,0,41;38,,,79,0,0,5,5,0,0,1.0,0,0,0,0,0
2023,3,LA,REG,CIN,18,33,269,1,2,6,-48,0,0,317,99,12,-8.404790011332945,-6.314455438405275,0,13,71,0,0,0,2,1.6214818219596054,0,18,32,269,1,0,0,317,99,12,0.5370054670658977,0,0,35,7,21,3,11,0,2.0,17.0,6,1,0,6,0,0,0,0,0,0,0,0,0,4,28,5,1,3,1,16,3,3,0,0,42.0,1.0,0,1,1,1,0,0,0,0,0,0,0,0,30;23;42,,,95,0,0,1,1,0,0,1.0,0,0,0,0,0
2023,3,LAC,REG,MIN,41,48,454,4,0,1,-9,1,0,341,223,22,25.470008118487065,15.428810194134712,0,15,30,0,0,0,2,-8.213132229197072,0,41,48,454,4,3,1,341,223,22,22.66067258984699,0,0,47,5,13,5,23,1,4.0,22.0,14,1,0,8,0,0,0,0,2,2,1,1,0,12,94,2,0,0,0,0,0,1,1,0,,0.0,0,0,0,0,0,0,0,0,0,0,1,0,,53,,0,53,0,4,4,0,0,1.0,0,0,0,0,0
2023,3,LV,REG,PIT,28,44,324,2,3,4,-31,0,0,456,87,12,-7.2994737805925425,-4.357039386575869,1,19,69,0,0,0,4,-2.5163789294310845,0,28,44,324,2,0,0,456,87,12,-0.9602430116279161,1,0,31,7,25,4,14,0,1.0,7.0,5,0,0,3,0,1,0,0,1,1,0,0,0,7,60,5,5,44,0,0,1,1,0,0,26.0,1.0,0,1,0,0,0,0,0,0,0,0,0,0,26,,,26,0,0,1,1,0,0,1.0,0,0,0,0,0
2023,3,MIA,REG,DEN,25,28,376,5,0,0,0,0,0,185,219,16,31.062446412688587,18.27114288296018,0,43,350,5,0,0,14,12.792768052924657,0,25,28,376,5,0,0,185,219,16,31.062446412688587,0,0,27,5,25,4,20,3,1.0,12.0,13,1,5,8,0,0,0,0,0,0,2,2,0,6,55,2,3,30,0,0,0,0,0,0,,,0,0,0,0,0,0,0,0,0,0,0,0,,,,0,0,0,10,10,0,0,1.0,0,0,0,0,0
2023,3,MIN,REG,LAC,32,50,367,3,1,4,-22,0,0,397,149,15,1.4202402869707438,0.5094700182477656,0,24,130,0,0,0,7,4.486499408812961,0,32,48,367,3,1,1,397,149,15,4.846613280941034,0,0,40,4,20,2,5,4,1.0,9.0,5,0,0,3,0,0,0,0,0,0,1,1,0,6,45,8,0,0,0,0,1,1,0,0,23.0,1.0,0,1,0,0,0,0,0,0,0,0,0,0,23,,,23,0,0,3,3,0,0,1.0,0,0,0,0,0
2023,3,NE,REG,NYJ,15,29,201,1,0,0,0,0,0,281,89,9,5.437647214136641,-4.928659178592541,0,40,157,0,0,0,8,-5.918863763889332,0,15,27,201,1,0,0,281,89,9,6.602262325096499,0,0,35,6,20,7,36,1,3.0,24.0,7,0,0,5,0,0,1,0,0,0,0,0,0,6,43,6,4,39,1,11,2,4,2,0,51.0,0.5,0,0,0,1,1,0,0,0,0,1,1,0,48;51,48;57,,99,105,0,1,1,0,0,1.0,0,0,0,0,0
2023,3,NO,REG,GB,23,34,204,1,0,4,-29,0,0,275,83,9,-2.445023297148782,2.370156873674952,0,22,77,0,0,0,6,-0.8648120909929276,0,23,34,204,1,0,0,275,83,9,4.414511671473246,0,1,28,5,29,3,22,0,1.0,14.0,3,1,0,13,0,0,0,0,0,0,0,0,0,7,102,4,1,76,2,32,1,2,1,0,25.0,0.5,0,1,0,0,0,0,0,0,0,1,0,0,25,46,,25,46,0,2,2,0,0,1.0,0,1,1,0,46
2023,3,NYG,REG,SF,22,33,137,0,1,2,-16,0,0,201,59,6,-9.7823756256967,-0.7377738133072853,0,11,29,1,0,0,2,-1.1149262460530736,0,22,32,137,0,0,0,201,59,6,-4.533910740456279,0,0,48,4,26,6,18,0,2.0,10.0,6,0,0,4,0,0,0,0,0,0,0,0,0,6,37,6,1,3,1,16,2,2,0,0,57.0,1.0,0,0,0,1,1,0,0,0,0,0,0,0,44;57,,,101,0,0,0,0,0,0,,0,0,0,0,0
2023,3,NYJ,REG,NE,18,36,157,0,0,3,-24,0,0,243,73,6,-15.248782486806231,-5.833315423556736,0,22,38,1,1,0,5,-7.152805132122012,0,18,28,157,0,0,0,243,73,6,-4.353282671165726,0,0,48,6,14,1,1,0,0.0,0.0,5,0,0,4,0,0,0,0,1,1,0,0,0,3,15,6,4,39,2,55,1,1,0,0,52.0,1.0,0,0,0,0,1,0,0,0,0,0,0,0,52,,,52,0,0,1,1,0,0,1.0,0,0,0,0,0
2023,3,PHI,REG,TB,23,37,277,1,2,1,-6,0,0,342,129,13,1.7553614552587664,1.6636091470718384,0,40,201,1,0,0,12,5.378777586389333,0,23,35,277,1,0,0,342,129,13,5.9229131503137715,0,0,26,3,13,4,6,2,2.0,13.0,5,1,0,2,0,0,1,0,0,0,1,1,0,3,20,4,3,81,2,47,3,3,0,0,38.0,1.0,0,1,2,0,0,0,0,0,0,0,0,0,36;38;26,,,100,0,0,2,2,0,0,1.0,0,0,0,0,0
2023,3,PIT,REG,LV,16,28,235,2,0,1,-7,0,0,228,120,10,5.9215954580455765,-10.126239944387365,0,31,105,0,0,0,5,-6.73726606581792,0,16,27,235,2,0,0,228,120,10,9.555780794374709,0,0,41,4,16,4,31,0,4.0,31.0,8,3,0,6,0,0,0,0,0,0,0,0,0,6,45,3,2,5,0,0,3,3,0,0,57.0,1.0,0,0,0,2,1,0,0,0,0,0,0,0,43;42;57,,,142,0,0,2,2,0,0,1.0,0,0,0,0,0
2023,3,SEA,REG,CAR,23,36,296,1,1,2,-17,0,0,297,150,14,6.326515248427628,3.2385456562042236,1,33,146,2,0,0,11,6.446058069705032,0,23,35,296,1,0,0,297,150,14,10.690772830393158,1,0,37,8,20,4,28,0,3.0,27.0,10,0,0,8,0,0,0,0,0,0,0,0,0,8,82,3,3,41,2,55,5,5,0,0,43.0,1.0,0,0,4,1,0,0,0,0,0,0,0,0,43;35;33;37;39,,,187,0,0,2,2,0,0,1.0,0,0,0,0,0
2023,3,SF,REG,NYG,25,37,310,2,0,2,-10,0,0,182,202,13,16.46249543812681,2.922070815282701,0,39,141,1,1,0,11,-4.0880769759532996,0,25,34,310,2,0,0,182,202,13,22.98847307666075,0,0,29,3,11,4,26,0,2.0,16.0,6,1,8,3,0,0,0,0,1,2,0,0,0,6,71,1,3,22,0,0,3,3,0,0,36.0,1.0,0,2,1,0,0,0,0,0,0,0,0,0,28;21;36,,,85,0,0,3,3,0,0,1.0,0,0,0,0,0
2023,3,TB,REG,PHI,15,25,146,1,1,2,-13,1,0,264,56,10,1.6140822458160358,-2.469452917575836,1,17,41,0,0,0,1,-7.951820789457997,0,15,25,146,1,1,1,264,56,10,0.9783414384778837,1,0,45,8,34,2,9,0,1.0,6.0,4,2,26,3,0,0,0,0,1,1,0,0,0,4,20,2,0,0,0,0,1,1,0,0,33.0,1.0,0,0,1,0,0,0,0,0,0,0,0,0,33,,,33,0,0,0,0,0,0,,0,0,0,0,0
2023,3,TEN,REG,CLE,13,25,104,0,0,5,-36,1,0,254,43,5,-14.025611756842375,-5.90042769908905,0,15,26,0,0,0,0,-5.683572513167746,0,13,24,104,0,0,0,254,43,5,-4.352968846280385,0,0,40,9,35,5,35,2,3.0,26.0,5,0,0,0,0,0,0,0,1,1,1,1,0,8,80,4,1,13,1,21,1,1,0,0,44.0,1.0,0,0,0,1,0,0,0,0,0,0,0,0,44,,,44,0,0,0,0,0,0,,0,0,0,0,0
2023,3,WAS,REG,BUF,19,29,170,0,4,9,-45,0,0,205,38,8,-26.450667170560944,0.02140485007187367,0,13,105,0,0,0,5,0.6512546974699944,0,19,29,170,0,1,1,205,38,8,-20.113799810046356,0,0,35,11,25,4,10,0,0.0,0.0,1,1,0,8,0,0,0,0,0,0,0,0,0,2,15,3,0,0,2,45,1,1,0,0,51.0,1.0,0,0,0,0,1,0,0,0,0,0,0,0,51,,,51,0,0,0,0,0,0,,0,0,0,0,0
2023,4,ARI,REG,SF,28,41,265,2,0,1,-8,0,0,339,79,13,3.8983110031806874,5.2794290025059745,0,25,105,0,1,0,9,4.531535257920157,0,28,41,265,2,0,0,339,79,13,6.4215028100409555,0,0,33,4,26,3,16,0,1.0,12.0,1,0,0,0,0,0,0,0,1,2,0,0,0,9,55,5,0,0,1,13,1,1,0,0,38.0,1.0,0,0,1,0,0,0,0,0,0,0,0,0,38,,,38,0,0,1,1,0,0,1.0,0,0,0,0,0
2023,4,ATL,REG,JAX,19,31,191,1,2,4,-31,1,1,256,94,11,-19.31930863641901,-1.6478418310483298,0,22,127,0,0,0,6,2.1960748744313605,0,19,30,191,1,0,0,256,94,11,-9.203710088448133,0,0,36,5,37,2,6,2,2.0,12.0,7,0,0,0,0,0,0,0,0,0,0,0,0,3,50,4,0,0,0,0,0,0,0,0,,,0,0,0,0,0,0,0,0,0,0,0,0,,,,0,0,0,1,1,0,0,1.0,0,0,0,0,0
2023,4,BAL,REG,CLE,15,19,186,2,0,3,-21,0,0,120,85,8,6.872492622467689,19.553625252511765,0,33,131,2,1,1,8,-4.947896729689091,0,15,18,186,2,0,0,120,85,8,12.65365751174977,0,0,41,1,11,10,64,0,3.0,30.0,8,3,88,11,0,0,0,0,1,2,0,0,0,8,92,3,3,47,2,44,0,0,0,0,,,0,0,0,0,0,0,0,0,0,0,0,0,,,,0,0,0,4,4,0,0,1.0,0,0,0,0,0
2023,4,BUF,REG,MIA,21,25,320,4,0,2,-10,0,0,205,163,14,22.19731426213972,19.293058276176453,0,29,104,2,0,0,8,0.525189742343064,0,21,25,320,4,0,0,205,163,14,24.730753457796403,0,0,41,6,10,5,33,2,4.0,31.0,9,1,23,5,0,0,0,0,0,0,1,1,0,4,20,4,0,0,2,43,2,2,0,0,53.0,1.0,0,0,1,0,1,0,0,0,0,0,0,0,53;33,,,86,0,0,6,6,0,0,1.0,0,0,0,0,0
2023,4,CAR,REG,MIN,25,32,204,0,0,5,-55,1,1,118,141,11,-13.02082383805393,5.1083725306295555,0,31,83,0,0,0,7,-4.410877126851119,0,25,31,204,0,1,0,118,141,11,6.9679964378781545,0,0,28,4,20,3,10,0,2.0,9.0,4,2,130,3,1,0,0,0,1,1,0,0,0,6,80,5,3,35,1,24,2,2,0,0,56.0,1.0,0,1,0,0,1,0,0,0,0,0,0,0,26;56,,,82,0,0,1,1,0,0,1.0,0,0,0,0,0
2023,4,CHI,REG,DEN,28,35,335,4,1,4,-35,1,1,310,130,17,7.1422850987291895,21.063219383358955,0,31,171,0,0,0,9,-0.28530308429617435,0,28,32,335,4,0,0,310,130,17,21.835260122898035,0,0,29,8,12,3,3,0,1.0,9.0,5,0,0,1,0,0,0,0,0,0,0,0,0,10,91,4,1,8,0,0,0,0,0,0,,,0,0,0,0,0,0,0,0,0,0,0,0,,,,0,0,0,4,4,0,0,1.0,0,0,0,0,0
2023,4,CIN,REG,TEN,20,30,165,0,0,3,-26,1,1,137,108,8,-8.805660734302364,6.549795247890332,0,18,72,0,0,0,5,-2.6886196608739126,0,20,27,165,0,0,0,137,108,8,3.0420996750472113,0,0,35,12,26,3,9,1,3.0,15.0,8,1,0,1,0,1,0,0,1,1,0,0,0,5,40,3,1,2,1,25,1,1,0,0,21.0,1.0,0,1,0,0,0,0,0,0,0,0,0,0,21,,,21,0,0,0,0,0,0,,0,0,0,0,0
2023,4,CLE,REG,BAL,19,36,121,0,3,4,-48,1,0,314,45,6,-27.36171850353747,-9.803169352166794,0,25,93,0,0,0,7,-5.540478944254573,0,19,34,121,0,0,0,314,45,6,-18.49854243058979,0,0,39,3,25,9,37,0,3.0,21.0,7,0,0,3,0,0,0,0,1,1,1,1,0,7,42,2,3,24,0,0,1,1,0,0,53.0,1.0,0,0,0,0,1,0,0,0,0,0,0,0,53,,,53,0,0,0,0,0,0,,0,0,0,0,0
2023,4,DAL,REG,NE,30,36,281,1,0,3,-28,0,0,227,109,16,6.563228831000361,13.73890754249361,1,30,124,1,1,0,7,-1.9697996662586652,0,30,36,281,1,1,0,227,109,16,15.229415914404958,1,0,29,6,18,3,12,1,2.0,7.0,2,2,64,5,1,0,0,0,1,1,1,1,1,5,32,4,2,13,0,0,3,3,0,0,33.0,1.0,0,2,1,0,0,0,0,0,0,0,0,0,23;23;33,,,79,0,0,3,3,0,0,1.0,0,0,0,0,0
2023,4,DEN,REG,CHI,21,28,223,3,0,1,-9,0,0,179,137,9,14.21806286516332,13.63615760436425,0,19,97,0,0,0,6,2.192693218414206,0,21,26,223,3,0,0,179,137,9,16.564685847574967,0,0,39,10,28,2,10,1,4.0,35.0,10,1,5,4,0,0,0,0,0,0,1,1,1,7,39,5,1,25,1,0,1,1,0,0,51.0,1.0,0,0,0,0,1,0,0,0,0,0,0,0,51,,,51,0,0,4,4,0,0,1.0,0,0,0,0,0
2023,4,DET,REG,GB,19,28,210,1,1,2,-20,0,0,180,96,11,2.45912331497229,3.6853973512296325,0,43,211,3,0,0,13,4.333834762859624,0,19,27,210,1,0,0,180,96,11,6.932713619461397,0,0,31,7,19,7,46,1,5.0,43.0,11,2,34,6,0,0,0,0,0,0,0,0,0,8,70,3,3,27,1,28,2,2,0,0,37.0,1.0,0,0,2,0,0,0,0,0,0,0,0,0,33;37,,,70,0,0,4,4,0,0,1.0,0,0,0,0,0
2023,4,GB,REG,DET,23,36,246,1,2,5,-43,0,0,343,49,9,-11.64017984635067,3.3552409094922675,1,12,27,1,1,0,2,-0.5237909270361998,0,23,34,246,1,0,0,343,49,9,-4.940363533069478,1,0,47,10,26,6,33,0,2.0,20.0,6,1,21,2,0,1,0,0,1,1,0,0,0,4,31,4,2,34,5,116,2,2,0,0,50.0,1.0,0,0,1,0,1,0,0,0,0,0,0,0,34;50,,,84,0,0,0,0,0,0,,0,0,0,0,0
2023,4,HOU,REG,PIT,17,31,312,3,0,0,0,0,0,259,173,14,11.682681519395965,-1.7617562302836707,0,38,139,0,1,0,10,-2.081083244702313,0,17,27,312,3,0,0,259,173,14,14.734001773156034,0,0,29,10,28,5,30,2,3.0,21.0,6,1,33,5,0,1,0,0,2,2,0,0,0,8,63,3,2,14,1,35,3,3,0,0,39.0,1.0,0,0,3,0,0,0,0,0,0,0,0,0,36;38;39,,,113,0,0,3,3,0,0,1.0,0,0,0,0,0
2023,4,IND,REG,LA,11,25,200,2,0,2,-4,0,0,311,56,10,7.211916146276286,-16.399486238757767,2,31,133,1,2,1,7,-5.858022003114456,0,11,24,200,2,0,0,311,56,10,11.562562665262028,2,0,48,7,25,2,10,1,2.0,16.0,9,1,0,7,0,0,0,0,1,2,0,0,0,8,80,1,1,13,0,0,0,1,1,0,,0.0,0,0,0,0,0,0,0,0,0,1,0,0,,47,,0,47,0,1,1,0,0,1.0,0,0,0,0,0
2023,4,JAX,REG,ATL,23,30,207,1,0,2,-12,0,0,179,85,11,4.4045161920384786,6.139653027057648,0,32,105,0,0,0,5,-5.541485920917992,0,23,30,207,1,1,0,179,85,11,8.897644641228887,0,0,37,3,11,5,32,1,4.0,31.0,7,2,79,9,1,1,0,0,2,2,1,1,0,3,25,4,2,17,0,0,3,3,0,0,56.0,1.0,0,0,1,1,1,0,0,0,0,0,0,0,56;43;38,,,137,0,0,2,2,0,0,1.0,0,0,0,0,0
2023,4,KC,REG,NYJ,18,30,203,1,2,1,-6,0,0,195,139,9,0.6326508337961014,-4.364060430691163,0,35,204,1,1,0,11,4.636433639912866,0,18,29,203,1,0,0,195,139,9,3.042676291822313,0,0,37,6,12,4,21,1,2.0,17.0,10,0,0,3,0,0,0,0,1,1,1,1,0,5,46,2,1,10,0,0,3,3,0,0,37.0,1.0,0,1,2,0,0,0,0,0,0,0,0,0,37;37;26,,,100,0,0,2,2,0,0,1.0,0,0,0,0,0
2023,4,LA,REG,IND,27,40,319,1,1,2,-16,0,0,297,114,16,11.37435107669372,1.6056166245387176,0,36,164,2,1,0,8,2.2951083882508474,0,27,39,319,1,0,0,297,114,16,15.535464600591837,0,0,21,12,30,4,16,1,2.0,4.0,3,0,0,4,0,0,0,0,1,1,1,1,0,8,85,7,4,15,0,0,3,5,2,0,54.0,0.6,0,0,0,1,2,0,0,0,0,2,0,0,40;54;51,46;48,,145,94,0,2,2,0,0,1.0,0,0,0,0,0
2023,4,LAC,REG,LV,13,24,167,1,1,2,-17,0,0,289,85,6,-3.6766773083841926,-7.2984082003434505,0,37,155,2,0,0,8,-0.20139586011646315,0,13,24,167,1,0,0,289,85,6,-0.025472117111881687,0,0,45,6,14,7,34,2,7.0,50.0,5,1,8,3,0,2,0,0,0,0,2,2,0,4,34,0,3,18,1,15,1,1,0,0,33.0,1.0,0,0,1,0,0,0,0,0,0,0,0,0,33,,,33,0,0,3,3,0,0,1.0,0,0,0,0,0
2023,4,LV,REG,LAC,24,39,238,0,1,7,-50,3,2,255,134,12,-11.765604441442477,-8.070814766381918,0,23,76,2,0,0,7,0.24910730664851144,0,24,38,238,0,0,0,255,134,12,8.403767437576832,0,0,40,5,13,5,25,0,2.0,17.0,4,1,16,7,0,0,0,0,1,1,0,0,0,9,80,4,1,1,1,40,1,1,0,0,22.0,1.0,0,1,0,0,0,0,0,0,0,0,0,0,22,,,22,0,0,2,2,0,0,1.0,0,0,0,0,0
2023,4,MIA,REG,BUF,25,35,282,1,1,4,-31,0,0,188,134,12,-4.431106180141679,6.372519538683051,0,19,142,2,1,1,8,3.7303200360038318,0,25,34,282,1,1,0,188,134,12,5.580435718337075,0,0,31,9,17,6,20,0,2.0,10.0,3,0,0,3,0,0,0,0,3,3,0,0,0,8,98,2,1,0,4,91,0,0,0,0,,,0,0,0,0,0,0,0,0,0,0,0,0,,,,0,0,0,2,2,0,0,1.0,0,0,0,0,0
2023,4,MIN,REG,CAR,12,19,139,2,2,2,-9,0,0,167,47,9,-10.878062953648623,2.7518909838464545,0,23,135,0,1,0,5,4.095251429476775,0,12,18,139,2,0,0,167,47,9,-8.440022287308238,0,0,41,8,42,5,35,2,5.0,55.0,6,0,0,3,0,0,0,0,1,1,1,1,1,7,37,4,3,9,2,55,0,0,0,0,,,0,0,0,0,0,0,0,0,0,0,0,0,,,,0,0,0,3,3,0,0,1.0,0,0,0,0,0
2023,4,NE,REG,DAL,16,30,207,0,2,2,-7,1,1,228,73,8,-15.83700942802581,-15.677876410813166,0,23,53,0,0,0,3,-10.45499995816499,0,16,29,207,0,0,0,228,73,8,-7.325310610875022,0,0,45,5,25,5,33,2,3.0,28.0,7,0,0,2,0,0,0,0,0,0,0,0,0,6,50,2,1,-2,0,0,1,2,1,0,29.0,0.5,0,1,0,0,0,0,0,0,0,0,1,0,29,52,,29,52,0,0,0,0,0,,0,0,0,0,0
2023,4,NO,REG,TB,24,39,140,0,1,3,-13,1,1,323,121,9,-15.893714581374008,-8.068859734033285,0,19,70,0,1,1,5,-6.0486810361617245,0,24,38,140,0,0,0,323,121,9,-9.33344817277037,0,0,32,7,37,3,12,0,1.0,7.0,3,1,0,3,0,0,0,0,0,0,0,0,0,7,58,5,2,45,2,39,3,3,0,0,44.0,1.0,0,0,2,1,0,0,0,0,0,0,0,0,37;32;44,,,113,0,0,0,0,0,0,,0,0,0,0,0
2023,4,NYG,REG,SEA,27,34,203,0,2,11,-67,2,1,125,130,9,-30.54047769183411,8.162377122789621,0,29,112,0,0,0,7,-3.001997146580834,0,27,32,203,0,0,0,125,130,9,-7.9120931852713845,0,0,32,5,15,6,22,0,2.0,13.0,3,0,0,4,0,1,0,0,2,2,0,0,0,6,45,5,1,0,1,19,1,1,0,0,55.0,1.0,0,0,0,0,1,0,0,0,0,0,0,0,55,,,55,0,0,0,0,0,0,,0,0,0,0,0
2023,4,NYJ,REG,KC,28,39,245,2,0,2,-17,0,0,291,64,12,3.608918252683421,7.951877285272649,0,16,108,0,2,1,6,-2.435497738086153,1,28,39,245,2,0,0,291,64,12,5.633470616178297,0,0,33,6,24,3,8,0,1.0,6.0,9,2,1,4,0,0,1,0,0,1,0,0,0,7,42,5,1,11,1,22,1,2,1,0,31.0,0.5,0,0,1,0,0,0,0,0,0,0,1,0,31,52,,31,52,0,1,1,0,0,1.0,0,0,0,0,0
2023,4,PHI,REG,WAS,25,37,319,2,0,3,-8,0,0,398,118,14,10.566899214391144,10.497407921973396,0,27,104,1,1,0,6,1.5008339454022699,1,25,34,319,2,0,0,398,118,14,16.073167167132794,0,0,43,4,28,5,32,1,5.0,32.0,9,0,0,5,0,0,0,0,1,1,0,0,0,11,81,4,3,38,0,0,4,4,0,0,54.0,1.0,0,0,1,2,1,0,0,0,0,0,0,0,41;47;36;54,,,178,0,0,2,2,0,0,1.0,1,1,0,0,54
2023,4,PIT,REG,HOU,18,28,132,0,1,3,-21,0,0,174,90,5,-14.756266717942697,-1.2855465765352605,0,25,114,0,1,0,7,-1.0376912142799481,0,18,27,132,0,1,0,174,90,5,-7.39792018107072,0,0,35,7,33,2,7,1,0.0,0.0,6,0,0,4,0,0,0,0,1,1,0,0,0,2,18,2,2,9,3,69,2,2,0,0,35.0,1.0,0,1,1,0,0,0,0,0,0,0,0,0,35;23,,,58,0,0,0,0,0,0,,0,0,0,0,0
2023,4,SEA,REG,NYG,15,26,173,1,0,2,-13,0,0,128,111,6,-7.327809906261909,-9.815942725309963,0,23,121,1,0,0,6,1.4686047577124555,0,15,26,173,1,0,0,128,111,6,-4.628161057124168,0,0,47,8,34,9,53,2,11.0,67.0,14,2,118,4,1,0,0,0,0,0,1,1,0,8,74,4,1,23,1,30,1,2,1,0,34.0,0.5,0,0,1,0,0,0,0,0,0,0,1,0,34,53,,34,53,0,3,3,0,0,1.0,0,0,0,0,0
2023,4,SF,REG,ARI,20,21,283,1,0,1,-12,0,0,181,104,17,22.84409084377694,27.244574683053152,0,31,124,4,0,0,10,2.6758490678330418,0,20,21,283,1,0,0,181,104,17,24.98366511144559,0,0,39,8,18,3,14,0,1.0,8.0,7,0,0,0,0,0,0,0,0,0,0,0,0,4,21,2,2,24,1,18,0,0,0,0,,,0,0,0,0,0,0,0,0,0,0,0,0,,,,0,0,0,5,5,0,0,1.0,0,0,0,0,0
2023,4,TB,REG,NO,25,33,246,3,1,1,-7,0,0,189,132,13,7.190223423924297,12.746586402257282,0,33,114,0,0,0,7,-5.40520912199677,0,25,30,246,3,0,0,189,132,13,11.93615163383959,0,0,38,3,19,4,20,2,3.0,13.0,5,1,4,4,0,0,0,0,0,0,2,2,0,11,91,2,1,7,0,0,2,2,0,0,51.0,1.0,0,1,0,0,1,0,0,0,0,0,0,0,51;28,,,79,0,0,2,2,0,0,1.0,0,0,0,0,0
2023,4,TEN,REG,CIN,19,26,242,2,1,3,-15,0,0,309,86,11,10.267895371368724,12.058817767179928,0,33,173,1,1,0,10,-2.113137224863749,0,19,26,242,2,1,0,309,86,11,15.376986459250634,0,0,25,11,25,4,16,2,3.0,26.0,10,0,0,5,0,0,0,0,2,3,1,1,0,5,27,4,3,37,1,16,2,2,0,0,53.0,1.0,0,0,1,0,1,0,0,0,0,0,0,0,53;35,,,88,0,0,3,3,0,0,1.0,0,0,0,0,0
2023,4,WAS,REG,PHI,29,41,290,1,0,5,-32,0,0,399,135,12,7.724412571688452,10.372384503865854,0,28,107,2,1,0,10,7.344721425266471,0,29,39,290,1,0,0,399,135,12,15.322622994825515,0,0,41,9,19,5,14,1,3.0,8.0,8,0,0,3,0,0,0,0,2,2,0,0,1,7,41,4,1,14,1,29,1,1,0,0,27.0,1.0,0,1,0,0,0,0,0,0,0,0,0,0,27,,,27,0,0,4,4,0,0,1.0,0,0,0,0,0
2023,5,ARI,REG,CIN,15,32,166,2,2,3,-14,1,1,312,84,10,-15.65153375652153,-14.58431750535965,0,22,142,1,0,0,5,-1.1529388019698672,0,15,30,166,2,0,0,312,84,10,-5.404606214025989,0,0,45,18,28,7,41,1,3.0,30.0,4,1,2,1,0,0,0,0,0,0,0,0,0,2,16,6,2,22,0,0,0,0,0,0,,,0,0,0,0,0,0,0,0,0,0,0,0,,,,0,0,0,2,3,1,0,0.6666666666666666,0,0,0,0,0
2023,5,ATL,REG,HOU,29,38,351,1,0,0,0,0,0,317,133,18,17.018661590105722,8.262903125662556,1,36,96,1,2,1,9,-12.824565233293898,0,29,38,351,1,1,1,317,133,18,10.34482170459708,1,0,33,4,18,3,12,0,0.0,0.0,2,0,0,5,0,0,0,0,1,2,0,0,0,7,55,3,1,10,2,35,2,2,0,0,37.0,1.0,0,0,2,0,0,0,0,0,0,0,0,0,33;37,,,70,0,0,1,1,0,0,1.0,1,1,0,0,37
2023,5,BAL,REG,PIT,22,38,236,0,1,4,-26,1,1,422,68,11,-13.225236594514607,-3.431467829566253,0,25,125,1,0,0,7,2.492176511674188,0,22,38,236,0,2,1,422,68,11,-7.333180413564586,0,0,31,8,28,4,17,1,3.0,22.0,4,0,0,5,0,0,0,0,0,0,1,1,0,2,20,5,2,13,0,0,1,1,0,0,23.0,1.0,0,1,0,0,0,0,0,0,0,0,0,0,23,,,23,0,0,1,1,0,0,1.0,0,0,0,0,0
2023,5,BUF,REG,JAX,27,40,359,2,1,0,0,0,0,443,70,13,13.9983127423767,13.4102722009023,0,14,29,1,0,0,3,-1.219620194286108,0,27,36,359,2,1,1,443,70,13,14.255913898625412,0,0,47,12,30,3,9,3,5.0,37.0,8,0,0,7,0,2,0,0,0,0,2,2,0,11,109,6,2,9,0,0,0,0,0,0,,,0,0,0,0,0,0,0,0,0,0,0,0,,,,0,0,0,2,2,0,0,1.0,0,0,0,0,0
2023,5,CAR,REG,DET,25,41,247,3,2,1,-4,0,0,255,81,15,-0.011282131300903941,2.1979341336659,0,23,99,0,1,1,7,-5.1699274373822846,0,25,35,247,3,0,0,255,81,15,7.196783686850322,0,0,29,5,31,3,20,0,2.0,18.0,7,0,0,0,0,0,0,0,1,1,0,0,0,7,45,2,1,3,3,75,1,1,0,0,33.0,1.0,0,0,1,0,0,0,0,0,0,0,0,0,33,,,33,0,0,3,3,0,0,1.0,0,0,0,0,0
2023,5,CHI,REG,WAS,15,29,282,4,0,3,-9,0,0,266,157,9,11.5088239949803,1.9222137928009033,0,32,178,0,0,0,9,8.263792529741938,0,15,25,282,4,1,0,266,157,9,17.59456670985335,0,0,28,7,39,5,30,1,5.0,29.0,11,1,0,5,0,0,0,0,1,1,1,1,0,3,35,1,2,17,0,0,4,4,0,0,43.0,1.0,0,1,2,1,0,0,0,0,0,0,0,0,22;36;43;37,,,138,0,0,4,4,0,0,1.0,0,0,0,0,0
2023,5,CIN,REG,ARI,36,46,317,3,1,3,-30,0,0,300,155,20,9.498447030530684,9.692201424728742,0,30,93,0,0,0,7,-8.893337546905968,0,36,44,317,3,1,0,300,155,20,16.41618148247417,0,0,29,2,20,3,8,1,3.0,14.0,8,2,11,8,1,0,0,0,0,0,1,1,0,4,40,4,4,68,0,0,2,2,0,0,40.0,1.0,0,0,0,2,0,0,0,0,0,0,0,0,40;40,,,80,0,0,4,4,0,0,1.0,0,0,0,0,0
2023,5,DAL,REG,SF,16,26,161,1,3,4,-21,0,0,305,82,5,-13.610493244952522,-2.2637854401881894,0,19,57,0,1,1,4,-9.73194374381899,0,16,26,161,1,0,0,305,82,5,-7.575012999703176,0,0,36,12,36,4,12,1,1.0,2.0,2,0,0,5,0,0,0,0,0,0,1,1,0,6,60,1,1,10,4,68,1,1,0,0,50.0,1.0,0,0,0,0,1,0,0,0,0,0,0,0,50,,,50,0,0,1,1,0,0,1.0,0,0,0,0,0
2023,5,DEN,REG,NYJ,20,31,196,2,0,4,-27,1,1,177,148,10,-10.412276005515249,3.7973156681767213,0,22,139,0,2,1,6,-2.0935795226980902,1,20,27,196,2,0,0,177,148,10,5.867220173097796,0,0,40,7,23,4,12,3,4.0,26.0,5,1,0,2,0,1,0,0,0,1,1,1,0,4,31,4,1,0,0,0,2,2,0,0,23.0,1.0,0,2,0,0,0,0,0,0,0,0,0,0,23;22,,,45,0,0,1,1,0,0,1.0,0,0,0,0,0
2023,5,DET,REG,CAR,20,28,236,3,0,2,-18,0,0,159,121,11,5.771698093274608,3.1071547004911624,0,30,159,3,0,0,11,5.965143567009363,0,20,27,236,3,0,0,159,121,11,11.442541279364377,0,0,38,5,19,2,6,2,1.0,4.0,6,2,17,3,0,0,0,0,0,0,1,1,0,5,35,1,0,0,1,22,0,0,0,0,,,0,0,0,0,0,0,0,0,0,0,0,0,,,,0,0,0,6,6,0,0,1.0,0,0,0,0,0
2023,5,GB,REG,LV,16,30,182,0,3,2,-7,0,0,239,131,7,-14.767112767702136,-15.98655160131126,0,25,110,1,0,0,9,4.087527142080944,0,16,29,182,0,0,0,239,131,7,-11.481107691930083,0,0,33,8,36,6,30,0,4.0,25.0,6,1,9,4,0,0,0,0,0,0,0,0,0,3,18,5,1,2,0,0,2,2,0,0,37.0,1.0,0,1,1,0,0,0,0,0,0,0,0,0,37;22,,,59,0,0,1,1,0,0,1.0,0,0,0,0,0
2023,5,HOU,REG,ATL,20,35,249,1,0,0,0,0,0,293,83,13,3.2933569529967617,-7.727622985839844,0,23,64,0,0,0,3,-7.14755097438807,0,20,32,249,1,0,0,293,83,13,6.310634458478377,0,0,43,13,29,2,3,2,0.0,0.0,4,0,0,3,0,0,0,0,0,0,2,2,0,5,25,6,2,19,0,0,4,4,0,0,43.0,1.0,0,1,1,2,0,0,0,0,0,0,0,0,38;43;28;42,,,151,0,0,1,1,0,0,1.0,0,0,0,0,0
2023,5,IND,REG,TEN,20,26,253,0,0,1,-17,1,0,207,141,12,9.54389786451903,13.059070830543837,0,34,193,2,0,0,7,1.9837577088166864,0,20,24,253,0,0,0,207,141,12,13.239437225792434,0,0,27,9,27,0,0,0,1.0,5.0,8,1,10,5,0,0,0,0,0,0,0,0,0,8,55,4,1,5,1,19,3,3,0,0,43.0,1.0,0,1,1,1,0,0,0,0,0,0,0,0,43;35;28,,,106,0,0,2,2,0,0,1.0,0,0,0,0,0
2023,5,JAX,REG,BUF,25,37,315,1,0,5,-37,3,2,294,109,16,8.35737227689242,2.147887606878537,0,40,196,2,0,0,10,0.07160667071094995,1,25,37,315,1,0,0,294,109,16,19.98657315695891,0,0,29,3,9,2,7,1,0.0,0.0,6,1,0,3,0,0,0,0,1,1,1,1,0,8,56,4,2,5,1,10,1,1,0,0,44.0,1.0,0,0,0,1,0,0,0,0,0,0,0,0,44,,,44,0,0,2,2,0,0,1.0,0,0,0,0,0
2023,5,KC,REG,MIN,31,41,281,2,0,2,-15,0,0,241,148,15,14.760243160670512,9.968654543925556,0,21,67,1,0,0,5,-3.946121920424048,0,31,39,281,2,0,0,241,148,15,17.81686230395863,0,0,40,4,14,3,25,1,3.0,25.0,12,0,0,8,0,0,0,0,0,0,1,1,0,10,86,3,1,8,1,20,2,2,0,0,40.0,1.0,0,0,1,1,0,0,0,0,0,0,0,0,38;40,,,78,0,0,3,3,0,0,1.0,0,0,0,0,0
2023,5,LA,REG,PHI,21,37,222,2,0,4,-27,0,0,366,90,13,-2.536261009518057,-7.522155782755684,0,14,54,0,0,0,2,2.3882794960518368,0,21,34,222,2,1,0,366,97,13,7.191699185990728,0,0,43,12,32,4,12,0,1.0,8.0,2,1,0,3,0,0,0,0,1,1,0,0,0,5,48,7,0,0,0,0,0,0,0,0,,,0,0,0,0,0,0,0,0,0,0,0,0,,,,0,0,0,2,2,0,0,1.0,0,0,0,0,0
2023,5,LV,REG,GB,22,31,208,1,1,4,-25,0,0,154,126,13,-1.8032500712052242,0.24694790100229008,0,29,96,1,0,0,6,-3.3814758192888617,0,22,29,208,1,0,0,154,126,13,6.604667217887851,0,0,28,4,28,4,17,0,2.0,7.0,2,3,28,4,0,0,0,0,0,0,0,0,0,4,28,4,1,6,1,29,1,3,1,1,26.0,0.3333333333333333,0,1,0,0,0,0,0,0,0,0,1,0,26,52,53,26,52,53,2,2,0,0,1.0,0,0,0,0,0
2023,5,MIA,REG,NYG,22,30,308,2,2,1,-6,0,0,123,235,15,-1.8441978553910436,9.305503964424133,0,23,222,2,1,1,9,7.101427808607696,0,22,28,308,2,1,0,123,235,15,-0.27098326830309816,0,0,46,7,23,6,22,1,7.0,22.0,14,0,0,4,0,0,0,0,0,0,0,0,0,6,43,3,0,0,1,25,1,1,0,0,40.0,1.0,0,0,0,1,0,0,0,0,0,0,0,0,40,,,40,0,0,4,4,0,0,1.0,0,0,0,0,0
2023,5,MIN,REG,KC,29,47,284,2,0,3,-25,0,0,355,137,15,2.568145951075815,-3.372316937083785,0,18,70,0,0,0,5,3.0688958186656237,0,29,46,284,2,1,1,355,137,15,1.7263603552071007,0,0,32,11,29,2,15,0,2.0,15.0,9,0,0,4,0,0,0,0,1,1,0,0,0,4,51,4,1,3,0,0,2,2,0,0,40.0,1.0,0,1,0,1,0,0,0,0,0,0,0,0,40;29,,,69,0,0,2,2,0,0,1.0,0,0,0,0,0
2023,5,NE,REG,NO,15,31,132,0,2,2,-21,0,0,341,53,4,-26.24472973776144,-15.918100264764597,0,18,45,0,1,1,2,-13.681900654337369,0,15,31,132,0,0,0,341,53,4,-24.108473480514725,0,0,38,10,32,2,15,0,2.0,15.0,2,0,0,1,0,2,0,0,0,1,0,0,0,5,30,3,2,1,2,42,0,1,1,0,,0.0,0,0,0,0,0,0,0,0,0,1,0,0,,48,,0,48,0,0,0,0,0,,0,0,0,0,0
2023,5,NO,REG,NE,18,26,183,2,0,2,-15,0,0,249,99,11,3.4477739772610976,10.194663524627686,0,42,136,1,0,0,7,-6.364492336695548,0,18,25,183,2,0,0,249,99,11,8.684527909965254,0,0,24,5,19,3,22,0,2.0,21.0,4,2,27,8,1,0,0,0,0,0,1,1,0,12,86,2,3,22,1,18,2,2,0,0,54.0,1.0,0,0,0,0,2,0,0,0,0,0,0,0,54;53,,,107,0,0,4,4,0,0,1.0,0,0,0,0,0
2023,5,NYG,REG,MIA,23,32,205,0,0,7,-22,0,0,202,104,10,-2.1547107067253988,8.44487617413203,0,29,85,0,1,0,4,-9.014591515995562,0,23,30,205,0,0,0,202,104,10,9.488153725731255,0,0,33,4,14,1,6,2,1.0,6.0,2,2,109,6,1,0,0,0,1,1,1,1,0,6,43,4,0,0,1,20,3,4,1,0,51.0,0.75,0,0,1,1,1,0,0,0,0,0,1,0,49;37;51,55,,137,55,0,1,1,0,0,1.0,0,0,0,0,0
2023,5,NYJ,REG,DEN,19,26,199,0,1,4,-26,2,0,181,108,10,-7.168929509143194,7.181784969109757,0,32,234,1,0,0,8,7.331139497383679,0,19,26,199,0,0,0,181,108,10,-1.6633135366763234,0,0,29,6,22,5,29,2,4.0,27.0,7,0,0,4,0,2,1,0,3,3,3,3,1,9,71,5,2,14,1,20,5,5,0,0,49.0,1.0,0,3,1,1,0,0,0,0,0,0,0,0,30;26;27;22;49,,,154,0,0,2,2,0,0,1.0,0,0,0,0,0
2023,5,PHI,REG,LA,25,38,303,1,1,1,-8,0,0,296,149,13,7.784427022446399,3.8916126770131747,0,39,159,1,0,0,12,3.810686712276757,0,25,34,303,1,0,0,296,149,13,11.86691230425051,0,0,29,2,14,5,28,1,4.0,27.0,8,0,0,2,0,0,0,0,0,0,0,0,0,3,35,4,2,35,0,0,3,3,0,0,34.0,1.0,0,2,1,0,0,0,0,0,0,0,0,0,34;26;26,,,86,0,0,2,2,0,0,1.0,0,0,0,0,0
2023,5,PIT,REG,BAL,18,32,224,1,0,3,-22,0,0,305,66,11,3.101525538584668,-5.963685435633504,0,30,87,0,0,0,6,-8.115876096187632,0,18,31,224,1,0,0,305,66,11,10.211368959020895,0,0,38,6,20,6,25,3,4.0,26.0,6,1,0,6,0,1,1,0,0,0,2,2,0,3,30,2,1,8,2,43,3,3,0,0,43.0,1.0,0,1,0,2,0,0,0,0,0,0,0,0,43;25;42,,,110,0,0,0,0,0,0,,0,0,0,0,0
2023,5,SF,REG,DAL,18,25,253,4,0,1,-2,0,0,211,112,12,17.486431839613942,6.030826568603516,0,41,170,2,1,1,10,-6.08330048629432,0,18,25,253,4,0,0,211,112,12,18.508959008351667,0,0,28,5,21,6,18,1,4.0,21.0,9,3,49,6,0,0,0,0,0,0,1,1,0,6,45,2,4,39,0,0,0,0,0,0,,,0,0,0,0,0,0,0,0,0,0,0,0,,,,0,0,0,6,6,0,0,1.0,0,0,0,0,0
2023,5,TEN,REG,IND,23,35,264,0,1,1,-5,0,0,271,115,14,8.853494955466875,1.619977547841914,0,22,89,1,0,0,5,-3.386885887943208,0,23,34,264,0,0,0,271,115,14,9.226958580438794,0,0,30,14,36,0,0,1,1.0,17.0,2,0,0,1,0,0,0,0,0,0,0,0,0,4,58,4,1,12,1,12,3,3,0,0,53.0,1.0,0,1,1,0,1,0,0,0,0,0,0,0,27;53;34,,,114,0,0,1,1,0,0,1.0,0,0,0,0,0
2023,5,WAS,REG,CHI,37,51,388,2,1,5,-29,0,0,386,171,21,2.7283229359080607,11.745180624226728,0,10,29,0,0,0,1,-4.247707070104376,1,37,48,388,2,1,1,386,171,21,5.126959534120706,0,0,33,3,27,2,9,1,3.0,9.0,9,0,0,4,0,0,0,0,0,0,0,0,0,1,5,4,1,20,0,0,2,3,1,0,51.0,0.6666666666666666,0,0,1,0,1,0,0,0,0,1,0,0,51;32,46,,83,46,0,0,0,0,0,,0,0,0,0,0
2023,6,ARI,REG,LA,21,41,235,0,1,2,-20,1,1,426,97,12,-17.462166118847428,-10.08599486790205,0,30,130,0,0,0,6,-1.3853656186301833,0,21,38,235,0,0,0,426,97,12,-5.898674638073183,0,0,32,7,23,4,24,1,3.0,23.0,3,0,0,0,0,0,0,0,0,0,1,1,0,5,36,3,1,16,0,0,3,3,0,0,55.0,1.0,0,1,1,0,1,0,0,0,0,0,0,0,55;32;27,,,114,0,0,0,0,0,0,,0,0,0,0,0
2023,6,ATL,REG,WAS,28,47,307,2,3,3,-11,0,0,409,112,18,-8.266498811313207,-3.167097270488739,0,29,106,0,0,0,5,-5.619254017263185,0,28,44,307,2,0,0,409,112,18,-0.7249401308393804,0,0,27,4,20,4,24,0,5.0,30.0,10,0,0,2,0,0,0,0,0,0,0,0,0,4,31,5,3,11,0,0,1,1,0,0,47.0,1.0,0,0,0,1,0,0,0,0,0,0,0,0,47,,,47,0,0,1,1,0,0,1.0,0,0,0,0,0
2023,6,BAL,REG,TEN,21,30,223,1,1,1,-2,0,0,227,123,9,5.8466380612309585,4.92347817996453,0,39,139,0,0,0,9,-5.838204444510012,0,21,29,223,1,0,0,227,123,9,8.577300869518847,0,0,28,4,18,7,47,0,6.0,46.0,10,1,24,4,0,0,0,0,0,0,1,1,0,9,88,4,3,91,2,41,6,6,0,0,41.0,1.0,0,4,1,1,0,0,0,0,0,0,0,0,41;28;23;29;20;36,,,177,0,0,0,1,0,1,0.0,0,0,0,0,0
2023,6,BUF,REG,NYG,19,30,169,2,1,0,0,0,0,264,68,12,1.2013992320389677,-2.164990223687277,0,29,128,0,0,0,7,2.779493125155568,0,19,29,169,2,1,1,264,68,12,-3.2732868494822434,0,0,47,7,25,8,20,0,2.0,9.0,5,0,0,2,0,0,0,0,0,0,0,0,0,7,51,3,1,3,0,0,0,2,2,0,,0.0,0,0,0,0,0,0,0,0,0,0,2,0,,52;53,,0,105,0,2,2,0,0,1.0,0,0,0,0,0
2023,6,CAR,REG,MIA,24,39,224,1,0,4,-36,1,0,315,94,13,-12.907182209671102,3.643042274883816,0,25,108,1,0,0,6,3.1993028218857944,0,24,35,224,1,0,0,315,94,13,-3.2177272492380355,0,0,30,10,22,3,13,0,0.0,0.0,1,1,61,6,1,0,0,0,1,1,0,0,0,3,11,4,2,21,1,31,0,1,1,0,,0.0,0,0,0,0,0,0,0,0,0,1,0,0,,43,,0,43,0,3,3,0,0,1.0,0,0,0,0,0
2023,6,CHI,REG,MIN,16,24,141,0,2,5,-28,1,1,142,66,8,-25.197223626806267,-2.4088567743698768,0,36,162,1,1,0,9,1.924662053337662,0,16,24,141,0,0,0,142,66,8,-8.61526981642237,0,0,32,8,24,2,4,3,2.0,7.0,4,0,0,2,0,0,0,0,1,1,1,1,0,5,29,3,1,12,3,90,2,2,0,0,53.0,1.0,0,1,0,0,1,0,0,0,0,0,0,0,22;53,,,75,0,0,1,1,0,0,1.0,0,0,0,0,0
2023,6,CIN,REG,SEA,24,35,185,2,1,3,-17,0,0,202,113,10,-3.312432660459075,-1.3560199737548828,0,15,46,0,0,0,3,-1.9270369708538055,0,24,35,185,2,0,0,202,113,10,1.184507593541872,0,0,46,9,19,6,34,0,4.0,29.0,14,2,24,7,0,0,0,0,0,0,0,0,0,5,43,4,1,1,1,27,1,1,0,0,52.0,1.0,0,0,0,0,1,0,0,0,0,0,0,0,52,,,52,0,0,2,2,0,0,1.0,0,0,0,0,0
2023,6,CLE,REG,SF,18,34,192,0,2,2,-18,0,0,238,118,6,-14.264403022690107,-11.441265001441494,0,34,160,1,0,0,10,0.7909040228766879,0,18,33,192,0,1,0,238,118,6,-10.840761155777265,0,0,34,5,11,4,24,0,2.0,10.0,6,1,14,3,0,0,0,0,1,1,0,0,0,13,119,5,5,44,2,42,4,5,1,0,50.0,0.8,0,1,0,2,1,0,0,0,0,1,0,0,42;46;50;29,47,,167,47,0,1,1,0,0,1.0,0,0,0,0,0
2023,6,DAL,REG,LAC,21,30,272,1,0,5,-26,0,0,265,125,12,6.778182700220884,1.7032557725906372,0,26,96,1,0,0,6,-4.850762645655777,0,21,30,272,1,0,0,265,125,12,15.706026349452248,0,0,34,8,12,2,12,0,1.0,8.0,8,1,0,6,0,1,0,0,0,0,0,0,0,11,85,4,2,15,1,21,2,2,0,0,39.0,1.0,0,0,2,0,0,0,0,0,0,0,0,0,32;39,,,71,0,0,2,2,0,0,1.0,0,0,0,0,0
2023,6,DEN,REG,KC,13,22,95,1,2,4,-13,0,0,117,58,4,-18.298592432925943,-11.658618125048552,0,23,115,0,0,0,8,5.765027299799956,1,13,22,95,1,1,1,117,58,4,-16.19771336967824,0,0,49,5,17,5,18,1,2.0,13.0,5,1,6,5,0,0,0,0,0,0,0,0,0,3,34,5,2,30,0,0,0,0,0,0,,,0,0,0,0,0,0,0,0,0,0,0,0,,,,0,0,0,0,0,0,0,,0,0,0,0,0
2023,6,DET,REG,TB,30,44,353,2,0,3,-13,0,0,270,172,16,17.925803287663015,2.99493801303026,0,22,40,0,1,0,2,-7.840065600688921,0,30,41,353,2,0,0,270,172,16,22.679294177748247,0,0,26,8,16,2,3,0,1.0,1.0,4,1,0,9,0,0,0,0,1,1,0,0,0,5,35,1,3,33,2,38,2,3,1,0,36.0,0.6666666666666666,0,0,2,0,0,0,0,0,0,0,1,0,30;36,52,,66,52,0,2,2,0,0,1.0,0,0,0,0,0
2023,6,HOU,REG,NO,13,27,199,2,1,2,-22,0,0,235,89,9,-0.315728024306809,-10.150206709901495,0,31,120,0,0,0,7,-1.8555600423715077,0,13,24,199,2,0,0,235,89,9,6.488634821067462,0,0,43,10,24,3,18,1,2.0,16.0,8,1,0,3,0,0,0,0,0,0,1,1,0,3,29,2,1,0,1,18,2,2,0,0,24.0,1.0,0,2,0,0,0,0,0,0,0,0,0,0,24;22,,,46,0,0,2,2,0,0,1.0,0,0,0,0,0
2023,6,IND,REG,JAX,33,55,329,1,3,3,-19,1,1,394,178,14,-11.561452929262398,-4.132208113486946,0,17,44,1,0,0,4,-4.003963062597904,0,33,52,329,1,0,0,394,178,14,-2.3732403166942584,0,0,36,6,14,8,46,0,3.0,33.0,5,1,0,2,0,0,0,0,0,0,0,0,0,6,46,6,2,13,0,0,2,2,0,0,56.0,1.0,0,1,0,0,1,0,0,0,0,0,0,0,28;56,,,84,0,0,2,2,0,0,1.0,0,0,0,0,0
2023,6,JAX,REG,IND,20,30,181,2,1,3,-33,0,0,222,96,6,-3.6709388580254894,6.424733251333237,0,29,85,2,0,0,7,-1.7788664539232637,0,20,28,181,2,0,0,222,96,6,3.011595975303985,0,0,36,9,27,3,9,1,3.0,19.0,8,3,45,9,0,0,0,0,0,0,1,1,0,5,25,1,1,6,1,53,3,3,0,0,51.0,1.0,0,0,0,2,1,0,0,0,0,0,0,0,48;49;51,,,148,0,0,4,4,0,0,1.0,0,0,0,0,0
2023,6,KC,REG,DEN,30,41,306,1,1,2,-13,0,0,174,208,14,4.125068846734349,4.613428008862032,0,27,96,0,0,0,6,-9.408838269589548,0,30,39,306,1,0,0,174,208,14,9.29921058505743,0,0,34,3,11,4,9,1,4.0,13.0,7,2,12,9,0,3,0,0,1,1,1,1,0,7,84,2,3,10,0,0,4,4,0,0,60.0,1.0,0,1,1,0,1,1,0,0,0,0,0,0,35;60;25;52,,,172,0,0,1,1,0,0,1.0,0,0,0,0,0
2023,6,LA,REG,ARI,15,24,226,1,0,3,-23,0,0,191,84,7,3.271050272125505,3.344295847983588,0,28,179,1,0,0,9,3.9226133885966075,0,15,21,226,1,0,0,191,84,7,9.254784547436604,0,0,40,5,21,6,26,1,2.0,20.0,9,1,0,6,0,1,0,0,0,0,1,1,0,6,59,5,3,30,0,0,4,4,0,0,43.0,1.0,0,2,1,1,0,0,0,0,0,0,0,0,29;35;25;43,,,132,0,0,2,2,0,0,1.0,0,0,0,0,0
2023,6,LAC,REG,DAL,22,37,227,2,1,1,-8,0,0,256,131,12,-0.20592430754743463,-6.066871655953899,0,23,53,0,0,0,2,-6.442235722439364,0,22,37,227,2,0,0,256,131,12,0.6118662440293288,0,0,40,10,12,6,29,0,5.0,26.0,6,0,0,2,0,0,0,0,0,0,1,1,0,9,79,3,2,38,0,0,1,1,0,0,24.0,1.0,0,1,0,0,0,0,0,0,0,0,0,0,24,,,24,0,0,2,2,0,0,1.0,0,0,0,0,0
2023,6,LV,REG,NE,20,32,264,1,1,0,0,0,0,257,83,12,9.882565256729341,-4.26763786423591,0,33,84,0,0,0,4,-10.972409796610009,0,20,31,264,1,0,0,257,83,12,11.559125015083188,0,0,33,6,20,3,20,0,4.0,24.0,5,1,25,3,0,0,1,0,0,0,0,0,0,6,42,3,1,13,0,0,4,4,0,0,37.0,1.0,0,2,2,0,0,0,0,0,0,0,0,0,25;37;30;24,,,116,0,0,1,1,0,0,1.0,0,0,0,0,0
2023,6,MIA,REG,CAR,21,32,262,3,1,0,0,0,0,274,124,14,7.147843165206723,4.002660711606344,0,33,162,3,1,0,9,2.2443071605521254,0,21,30,262,3,0,0,274,124,14,9.160930453217588,0,0,37,6,28,4,36,1,4.0,36.0,9,0,0,3,0,0,0,0,1,2,0,0,0,3,25,1,1,0,0,0,0,0,0,0,,,0,0,0,0,0,0,0,0,0,0,0,0,,,,0,0,0,6,6,0,0,1.0,0,0,0,0,0
2023,6,MIN,REG,CHI,21,31,181,1,0,2,-7,2,1,189,81,8,-6.169656257693803,1.3472096125284825,0,22,46,0,0,0,3,-4.477782745962031,0,21,30,181,1,0,0,189,81,8,0.8521714887217078,0,0,42,12,24,5,22,2,5.0,28.0,8,2,46,7,0,1,0,0,1,1,1,1,1,5,63,4,3,32,0,0,2,3,1,0,53.0,0.6666666666666666,0,0,0,0,2,0,0,0,0,0,1,0,53;51,57,,104,57,0,1,2,0,1,0.5,0,0,0,0,0
2023,6,NE,REG,LV,24,33,200,0,1,4,-24,0,0,176,141,7,-4.471818769699661,1.7433119397009555,0,19,83,2,0,0,8,4.164758487575455,0,24,31,200,0,0,0,176,141,7,3.130719633191126,0,0,37,6,22,1,2,0,0.0,0.0,3,1,0,5,0,0,0,0,0,0,0,0,0,10,79,5,1,14,1,23,1,1,0,0,43.0,1.0,0,0,0,1,0,0,0,0,0,0,0,0,43,,,43,0,0,2,2,0,0,1.0,0,0,0,0,0
2023,6,NO,REG,HOU,33,51,357,1,1,2,-16,0,0,522,113,13,5.300712124990806,5.858012418384138,0,25,89,0,0,0,9,-2.529934524500277,0,33,46,357,1,0,0,522,113,13,11.218762703320518,0,0,31,6,22,5,28,0,2.0,22.0,3,1,10,3,0,1,0,0,0,0,0,0,0,7,83,4,0,0,1,19,2,4,2,0,48.0,0.5,0,0,0,2,0,0,0,1,0,0,1,0,48;45,52;29,,93,81,0,1,1,0,0,1.0,0,0,0,0,0
2023,6,NYG,REG,BUF,24,36,200,0,0,3,-15,1,0,250,72,11,-2.1304791267131993,9.364541019162825,0,34,132,0,0,0,5,-9.312827790825395,0,24,31,200,0,0,0,250,72,11,5.808713665875439,0,0,36,4,18,1,2,1,0.0,0.0,1,1,5,3,0,0,0,0,1,1,1,1,0,9,65,6,2,4,2,24,3,3,0,0,43.0,1.0,0,2,0,1,0,0,0,0,0,0,0,0,29;43;29,,,101,0,0,0,0,0,0,,0,0,0,0,0
2023,6,NYJ,REG,PHI,19,33,186,0,0,5,-31,0,0,259,96,9,-8.832183468243898,-9.012882456634983,1,21,89,1,0,0,5,-2.209576333636038,0,19,33,186,0,0,0,259,96,9,-1.4029325186356258,1,0,40,5,15,4,19,1,2.0,12.0,4,3,57,12,0,0,0,0,0,0,1,1,0,9,68,6,0,0,0,0,4,4,0,0,43.0,1.0,0,0,2,2,0,0,0,0,0,0,0,0,43;42;35;38,,,158,0,0,0,0,0,0,,0,0,0,0,0
2023,6,PHI,REG,NYJ,28,45,280,1,3,2,-12,0,0,364,127,16,-6.5059565516402715,-3.0454318883807145,0,22,80,1,0,0,6,2.573431991011603,0,28,43,280,1,1,1,364,127,16,-6.692483349295799,0,0,33,0,22,6,25,0,5.0,31.0,10,0,0,5,0,0,0,0,0,0,0,0,0,5,46,2,3,9,0,0,0,1,1,0,,0.0,0,0,0,0,0,0,0,0,1,0,0,0,,37,,0,37,0,2,2,0,0,1.0,0,0,0,0,0
2023,6,SEA,REG,CIN,27,41,326,0,2,4,-29,0,0,345,142,13,-3.6160494096484745,13.73439068729813,0,25,87,1,0,0,6,-1.1165577633364592,0,27,37,326,0,0,0,345,142,13,5.795953603773306,0,0,34,6,12,4,19,0,3.0,17.0,5,1,0,6,0,0,0,0,0,0,0,0,0,7,64,4,3,34,1,21,2,2,0,0,55.0,1.0,0,1,0,0,1,0,0,0,0,0,0,0,55;23,,,78,0,0,1,1,0,0,1.0,0,0,0,0,0
2023,6,SF,REG,CLE,12,27,125,1,1,3,-18,1,0,250,71,5,-10.562338488182686,-14.019419997930527,0,25,108,1,0,0,6,0.3004335616875746,0,12,24,125,1,0,0,250,71,5,-4.721622809243185,0,0,41,10,26,5,25,1,2.0,18.0,9,2,60,5,0,0,0,0,1,1,0,0,0,12,105,5,2,13,2,45,1,3,2,0,25.0,0.3333333333333333,0,1,0,0,0,0,0,0,0,1,1,0,25,54;41,,25,95,0,2,2,0,0,1.0,0,1,1,0,41
2023,6,TB,REG,DET,19,37,206,0,1,1,-1,0,0,443,62,12,-8.3001118324078,-10.475925376286382,0,16,46,0,0,0,0,-4.8327139493776485,0,19,37,206,0,0,0,443,62,12,-7.3662949116747205,0,0,37,11,29,4,19,1,3.0,13.0,3,0,0,3,0,0,0,0,0,0,0,0,0,5,33,2,0,0,3,55,2,2,0,0,36.0,1.0,0,0,2,0,0,0,0,0,0,0,0,0,33;36,,,69,0,0,0,0,0,0,,0,0,0,0,0
2023,6,TEN,REG,BAL,12,21,150,0,1,6,-46,0,0,170,104,4,-10.576330424870427,-0.46641141176223755,0,19,129,1,0,0,5,1.5125428174505942,0,12,20,150,0,0,0,170,104,4,-0.5585079956819001,0,0,50,9,19,4,10,0,1.0,2.0,1,1,10,2,0,1,0,0,0,0,0,0,0,6,45,3,3,11,0,0,3,3,0,0,38.0,1.0,0,2,1,0,0,0,0,0,0,0,0,0,26;27;38,,,91,0,0,1,1,0,0,1.0,0,0,0,0,0
2023,6,WAS,REG,ATL,14,23,151,3,0,5,-30,0,0,218,77,9,-0.19973860121178255,1.850157124655588,0,22,72,0,0,0,3,-1.3542039801250212,0,14,21,151,3,0,0,218,77,9,6.594811353668712,0,0,39,13,31,1,11,0,3.0,11.0,6,3,23,9,0,0,0,0,0,0,0,0,0,6,40,3,1,61,1,13,1,1,0,0,37.0,1.0,0,0,1,0,0,0,0,0,0,0,0,0,37,,,37,0,0,3,3,0,0,1.0,0,0,0,0,0
2023,7,ARI,REG,SEA,20,34,150,0,0,4,-28,1,0,236,60,7,-14.338608254966124,-9.778644099380038,0,25,127,1,0,0,8,0.7910179706523195,0,20,33,150,0,0,0,236,60,7,-7.56627899512768,0,0,36,6,26,5,15,1,2.0,16.0,3,1,0,3,0,0,0,0,2,3,2,2,0,7,59,5,2,8,2,28,1,2,1,0,44.0,0.5,0,0,0,1,0,0,0,0,1,0,0,0,44,34,,44,34,0,1,1,0,0,1.0,0,0,0,0,0
2023,7,ATL,REG,TB,19,25,250,0,0,1,-5,1,1,203,95,9,7.05915386592294,15.261376163233882,0,38,156,1,2,2,12,-10.090162486150605,0,19,23,250,0,0,0,203,95,9,11.270317015836714,0,0,34,7,27,2,14,2,3.0,19.0,6,1,4,7,0,0,0,0,0,1,1,1,0,9,60,6,1,9,1,25,3,3,0,0,51.0,1.0,0,1,0,1,1,0,0,0,0,0,0,0,24;41;51,,,116,0,0,1,1,0,0,1.0,1,1,0,0,51
2023,7,BAL,REG,DET,21,28,357,3,0,0,0,0,0,247,195,15,24.334781337005552,9.35576930642128,0,27,146,2,1,1,8,1.2196387491914091,0,21,28,357,3,0,0,247,195,15,24.334781337005552,0,0,46,5,13,4,26,2,5.0,31.0,8,1,0,6,0,0,0,0,0,1,0,0,0,4,45,3,0,0,0,0,1,1,0,0,32.0,1.0,0,0,1,0,0,0,0,0,0,0,0,0,32,,,32,0,0,5,5,0,0,1.0,0,0,0,0,0
2023,7,BUF,REG,NE,27,41,265,2,1,1,-7,0,0,449,123,14,8.579465328659799,6.70944998661677,1,24,81,1,1,1,8,1.9119879263453186,0,27,39,265,2,0,0,449,123,14,13.025279158237545,1,0,36,9,19,4,12,1,1.0,4.0,4,0,0,2,0,0,0,0,0,0,1,1,0,9,46,3,1,7,3,58,1,2,1,0,36.0,0.5,0,0,1,0,0,0,0,0,0,1,0,0,36,42,,36,42,0,2,2,0,0,1.0,0,0,0,0,0
2023,7,CHI,REG,LV,21,29,162,1,0,2,-12,1,0,53,111,10,5.4144285741201665,-1.4100888679767478,0,38,173,2,0,0,14,7.2967285042395815,0,21,29,162,1,0,0,53,111,10,6.142068998043897,0,0,33,3,15,2,13,0,1.0,8.0,3,3,39,10,1,0,0,0,0,0,0,0,0,9,110,2,0,0,3,49,1,1,0,0,54.0,1.0,0,0,0,0,1,0,0,0,0,0,0,0,54,,,54,0,0,3,4,0,1,0.75,0,0,0,0,0
2023,7,CLE,REG,IND,16,37,183,0,2,2,-17,0,0,303,94,9,-9.205800788601248,-22.182309968130927,0,33,150,3,1,0,7,-4.454959546754137,0,16,35,183,0,0,0,303,94,9,-5.980597595710826,0,0,38,16,30,3,12,4,4.0,17.0,5,1,20,3,0,0,0,19,1,2,3,3,1,4,20,6,3,22,2,46,4,4,0,0,58.0,1.0,0,0,0,1,3,0,0,0,0,0,0,0,44;54;54;58,,,210,0,0,3,3,0,0,1.0,0,0,0,0,0
2023,7,DEN,REG,GB,20,29,194,1,0,1,0,0,0,227,88,9,4.0957134996304845,14.976602047681808,0,25,145,0,0,0,6,0.9505512665491551,0,20,24,194,1,0,0,227,88,9,8.291314139378496,0,0,34,7,27,3,5,0,0.0,0.0,3,1,14,5,0,0,0,0,0,0,0,0,0,8,60,6,1,11,0,0,4,4,0,0,52.0,1.0,0,1,2,0,1,0,0,0,0,0,0,0,32;29;35;52,,,148,0,0,1,1,0,0,1.0,0,0,0,0,0
2023,7,DET,REG,BAL,33,53,284,0,1,5,-31,2,0,341,141,13,-13.326357203666586,-1.765269892556328,0,14,84,1,0,0,4,1.834398761158809,0,33,49,284,0,0,0,341,141,13,-0.4043082064162009,0,0,29,5,17,0,0,0,0.0,0.0,1,0,0,0,0,0,0,0,2,2,1,1,0,5,57,1,2,32,2,41,0,0,0,0,,,0,0,0,0,0,0,0,0,0,0,0,0,,,,0,0,0,0,0,0,0,,0,0,0,0,0
2023,7,GB,REG,DEN,22,32,194,2,1,0,0,0,0,221,117,13,8.45576283670026,4.822959750890732,0,29,137,0,0,0,5,-0.27930399094475433,0,22,32,194,2,0,0,221,117,13,8.45576283670026,0,0,35,4,18,1,11,0,1.0,0.0,3,0,0,0,0,0,0,0,0,0,0,0,0,7,56,5,2,17,0,0,1,2,1,0,29.0,0.5,0,1,0,0,0,0,0,0,0,1,0,0,29,43,,29,43,0,2,2,0,0,1.0,0,0,0,0,0
2023,7,IND,REG,CLE,15,23,305,2,1,4,-17,3,3,209,171,11,0.7342462386582902,0.3849927674640302,0,40,168,3,0,0,8,-4.15224156473414,0,15,22,305,2,0,0,209,171,11,16.550041059264533,0,0,37,9,25,7,35,0,2.0,17.0,8,2,0,7,0,1,0,0,1,1,0,0,0,8,67,2,4,38,2,38,1,2,0,1,27.0,0.5,0,1,0,0,0,0,0,0,0,0,0,0,27,,60,27,0,60,5,5,0,0,1.0,0,0,0,0,0
2023,7,JAX,REG,NO,21,30,217,1,0,0,0,0,0,191,153,9,7.159442653484457,-2.7865907549858093,0,26,113,2,0,0,7,-3.444677252031397,0,21,30,217,1,1,1,191,153,9,1.2187220385072761,0,0,44,3,31,2,3,1,1.0,6.0,7,1,24,9,1,1,0,0,0,0,0,0,0,5,42,1,2,9,0,0,1,1,0,0,43.0,1.0,0,0,0,1,0,0,0,0,0,0,0,0,43,,,43,0,0,4,4,0,0,1.0,0,0,0,0,0
2023,7,KC,REG,LAC,32,42,424,4,1,1,-9,0,0,343,238,21,22.31995404173889,12.674711644649506,0,21,68,0,0,0,3,-1.149370712984819,0,32,40,424,4,1,1,343,238,21,20.58147386275035,0,0,33,2,24,5,40,0,5.0,40.0,8,2,13,7,0,0,0,0,0,0,0,0,0,6,43,1,1,50,0,0,1,1,0,0,35.0,1.0,0,0,1,0,0,0,0,0,0,0,0,0,35,,,35,0,0,4,4,0,0,1.0,0,0,0,0,0
2023,7,LA,REG,PIT,14,29,231,1,1,2,-12,0,0,263,112,8,-2.537840504016092,-19.661905478548118,1,31,135,1,0,0,8,-0.1854365994481051,0,14,27,231,1,0,0,263,112,8,2.3919952678928906,1,0,25,10,30,3,21,1,2.0,16.0,7,0,0,2,0,0,0,0,0,0,0,0,0,5,40,5,0,0,1,12,1,3,2,0,41.0,0.3333333333333333,0,0,0,1,0,0,0,0,0,0,2,0,41,53;51,,41,104,0,0,1,1,0,0.0,0,0,0,0,0
2023,7,LAC,REG,KC,17,30,259,1,2,5,-40,0,0,324,95,11,0.5402288636620121,-3.7643265227476768,0,26,139,1,0,0,4,2.2822093660361134,0,17,30,259,1,0,0,324,95,11,9.066021821935099,0,0,41,4,12,4,17,1,1.0,9.0,4,1,0,2,0,0,0,0,0,0,1,1,0,4,43,2,0,0,0,0,1,1,0,0,55.0,1.0,0,0,0,0,1,0,0,0,0,0,0,0,55,,,55,0,0,2,2,0,0,1.0,0,0,0,0,0
2023,7,LV,REG,CHI,27,45,204,1,3,1,-8,0,0,323,87,16,-10.487696678162926,-7.0589910613166,0,14,39,0,0,0,1,-4.083089710620698,0,27,45,204,1,0,0,323,87,16,-9.057892424072513,0,0,33,9,35,3,9,1,2.0,12.0,3,0,0,3,0,0,0,0,0,0,0,0,0,2,15,4,1,18,2,51,2,3,1,0,40.0,0.6666666666666666,0,1,0,1,0,0,0,0,0,1,0,0,40;25,41,,65,41,0,0,0,0,0,,0,0,0,0,0
2023,7,MIA,REG,PHI,23,32,216,1,1,4,-17,0,0,259,52,9,-5.1977122859552525,6.344408914446831,0,12,45,0,0,0,3,-2.050691452866886,0,23,32,216,1,0,0,259,52,9,-1.1902142682683667,0,0,43,4,22,4,18,1,3.0,23.0,5,1,22,5,1,0,0,0,1,1,1,1,0,10,70,4,1,16,4,105,1,1,0,0,40.0,1.0,0,0,0,1,0,0,0,0,0,0,0,0,40,,,40,0,0,2,2,0,0,1.0,0,0,0,0,0
2023,7,MIN,REG,SF,35,45,378,2,1,0,0,0,0,249,175,18,12.857418658475131,9.525347934212798,0,21,74,0,0,0,3,-2.516029168862155,0,35,43,378,2,0,0,249,175,18,13.568418618380298,0,0,30,6,20,2,15,1,1.0,12.0,3,2,0,4,0,0,0,0,0,0,1,1,0,5,35,4,1,4,2,41,3,4,1,0,54.0,0.75,0,2,0,0,1,0,0,0,0,0,1,0,21;20;54,50,,95,50,0,1,2,1,0,0.5,0,0,0,0,0
2023,7,NE,REG,BUF,25,30,272,2,0,1,-4,0,0,100,170,13,13.239483982002865,9.503167569637299,0,24,96,1,0,0,6,-0.5941491071550747,0,25,30,272,2,1,1,100,170,13,10.96982455631153,0,0,37,8,26,3,14,1,1.0,7.0,6,1,1,3,0,0,0,0,0,0,1,1,0,8,59,4,1,25,0,0,3,3,0,0,49.0,1.0,0,1,1,1,0,0,0,0,0,0,0,0,30;24;49,,,103,0,0,2,2,0,0,1.0,0,0,0,0,0
2023,7,NO,REG,JAX,33,55,301,1,1,1,-6,1,0,322,176,15,-15.797711419647928,-7.428219577051564,1,31,112,1,0,0,8,4.624428427195412,0,33,53,301,1,0,0,322,176,15,-14.277483412014227,1,0,32,4,14,2,3,1,0.0,0.0,0,0,0,5,0,0,0,0,1,1,2,2,0,3,34,4,0,0,0,0,3,4,1,0,42.0,0.75,0,1,1,1,0,0,0,0,0,0,1,0,23;35;42,51,,100,51,0,1,1,0,0,1.0,0,0,0,0,0
2023,7,NYG,REG,WAS,18,29,279,2,0,4,-29,0,0,318,114,10,4.930734614199576,0.6105470436590699,0,32,106,0,1,1,5,-8.103617805230897,0,18,27,279,2,0,0,318,114,10,11.987196507687297,0,0,33,6,28,4,37,0,6.0,52.0,12,1,6,6,0,2,0,0,1,1,0,0,0,4,40,2,4,10,0,0,0,1,1,0,,0.0,0,0,0,0,0,0,0,0,0,1,0,0,,42,,0,42,0,2,2,0,0,1.0,0,0,0,0,0
2023,7,PHI,REG,MIA,23,31,279,2,1,3,-23,1,1,228,123,11,2.172574536059983,10.153937538464865,0,34,99,2,0,0,12,0.034441887243297664,0,23,30,279,2,0,0,228,123,11,9.334124173154123,0,0,34,3,11,7,30,0,4.0,17.0,6,1,16,3,0,0,0,0,0,0,0,0,0,0,0,2,0,0,2,45,1,1,0,0,24.0,1.0,0,1,0,0,0,0,0,0,0,0,0,0,24,,,24,0,0,4,4,0,0,1.0,0,0,0,0,0
2023,7,PIT,REG,LA,17,25,230,0,0,2,-16,0,0,213,111,9,0.6385510045254286,4.620547657427581,0,29,86,3,1,0,8,0.34657122276257724,0,17,23,230,0,0,0,213,111,9,7.94531489577253,0,0,28,9,25,4,15,0,2.0,12.0,4,1,24,2,0,0,0,0,1,1,0,0,0,8,76,1,3,14,1,15,1,1,0,0,53.0,1.0,0,0,0,0,1,0,0,0,0,0,0,0,53,,,53,0,0,3,3,0,0,1.0,0,0,0,0,0
2023,7,SEA,REG,ARI,18,24,219,2,1,2,-16,0,0,229,43,11,7.281663570599958,12.151968230803806,0,32,115,0,1,1,7,-7.570455981942359,0,18,24,219,2,0,0,229,43,11,11.220156272221685,0,0,41,7,19,5,32,1,4.0,28.0,8,0,0,8,0,1,0,0,0,1,0,0,0,5,32,3,4,47,1,24,2,2,0,0,48.0,1.0,0,1,0,1,0,0,0,0,0,0,0,0,21;48,,,69,0,0,2,2,0,0,1.0,0,0,0,0,0
2023,7,SF,REG,MIN,21,30,272,1,2,1,-12,0,0,240,127,12,8.158350352013061,1.5154245598562812,0,22,65,1,1,1,7,-4.455658905324526,0,21,29,272,1,0,0,240,127,12,10.39972144026686,0,0,44,9,19,4,7,0,0.0,0.0,6,1,0,4,0,0,0,0,0,0,0,0,0,5,37,4,0,0,1,34,1,2,1,0,55.0,0.5,0,0,0,0,1,0,0,0,0,1,0,0,55,40,,55,40,0,2,2,0,0,1.0,0,0,0,0,0
2023,7,TB,REG,ATL,27,42,275,1,1,3,-19,1,0,318,154,13,0.5751858274117692,-1.9462544016721766,0,20,73,0,0,0,3,-3.8414418447646312,0,27,41,275,1,1,1,318,154,13,2.110171568935429,0,0,39,10,28,1,1,2,1.0,5.0,1,0,0,3,0,0,0,0,1,1,2,2,0,9,66,3,1,3,2,50,2,2,0,0,36.0,1.0,0,1,1,0,0,0,0,0,0,0,0,0,24;36,,,60,0,0,1,1,0,0,1.0,0,0,0,0,0
2023,7,WAS,REG,NYG,22,42,249,0,1,6,-52,0,0,377,109,9,-14.697246201267244,-3.217159791125189,0,19,76,1,0,0,3,-0.7242102444870397,0,22,36,249,0,0,0,377,109,9,0.7932855290237226,0,0,36,5,27,8,36,1,4.0,29.0,4,0,0,5,0,2,0,0,0,0,2,2,0,10,75,4,6,33,1,38,0,1,0,1,,0.0,0,0,0,0,0,0,0,0,0,0,0,0,,,27,0,0,27,1,1,0,0,1.0,0,0,0,0,0
2023,8,ARI,REG,BAL,25,37,208,2,2,2,-27,1,0,263,74,12,-9.691719452253775,2.6523532966772727,0,32,129,1,0,0,7,-4.185319579744712,1,25,36,208,2,0,0,263,74,12,-3.671499306321377,0,0,38,4,20,5,22,1,4.0,19.0,6,0,0,5,0,0,0,0,1,1,0,0,0,6,70,3,1,11,1,22,1,1,0,0,47.0,1.0,0,0,0,1,0,0,0,0,0,0,0,0,47,,,47,0,0,1,1,0,0,1.0,0,0,0,0,0
2023,8,ATL,REG,TEN,20,34,246,1,0,6,-44,1,1,304,81,12,-5.552846934905679,-2.903895486484875,0,26,140,1,0,0,4,2.294732267037034,0,20,33,246,1,0,0,304,81,12,7.670381558509769,0,0,39,6,24,3,14,0,2.0,12.0,11,0,0,2,0,0,0,0,0,0,1,1,0,3,15,5,1,6,2,39,3,3,0,0,49.0,1.0,0,1,1,1,0,0,0,0,0,0,0,0,29;49;39,,,117,0,0,2,2,0,0,1.0,0,0,0,0,0
2023,8,BAL,REG,ARI,18,27,157,1,0,4,-19,0,0,160,85,8,-4.98437022745088,-0.9215315947165866,0,29,130,3,0,0,9,5.586592224222841,0,18,26,157,1,1,0,160,85,8,0.41107202797252484,0,0,44,9,17,5,15,1,2.0,27.0,7,2,5,4,0,0,0,0,1,1,0,0,0,6,45,3,3,31,0,0,1,2,1,0,48.0,0.5,0,0,0,1,0,0,0,0,0,0,1,0,48,53,,48,53,0,4,4,0,0,1.0,0,0,0,0,0
2023,8,BUF,REG,TB,31,40,324,2,1,2,-12,0,0,239,154,16,1.8202115608550784,10.107232974125786,0,26,115,1,0,0,8,4.841855446982663,0,31,39,324,2,0,0,239,154,16,5.430046617559547,0,0,30,9,17,3,13,0,3.0,13.0,10,0,0,8,0,0,0,0,0,0,0,0,0,9,86,4,4,49,1,9,1,1,0,0,37.0,1.0,0,0,1,0,0,0,0,0,0,0,0,0,37,,,37,0,0,3,3,0,0,1.0,0,0,0,0,0
2023,8,CAR,REG,HOU,22,31,235,1,0,6,-55,0,0,196,121,11,-0.3340692363736806,1.56821281679215,0,24,44,0,0,0,3,-9.131099868518387,0,22,31,235,1,0,0,196,121,11,7.724337837641441,0,0,31,8,32,5,35,1,2.0,21.0,3,0,0,4,0,0,0,0,0,0,1,1,0,3,20,5,3,12,3,107,3,3,0,0,46.0,1.0,0,1,1,1,0,0,0,0,0,0,0,0,46;37;23,,,106,0,0,0,1,1,0,0.0,1,1,0,0,23
2023,8,CHI,REG,LAC,25,37,232,0,2,1,-10,0,0,254,116,10,-9.57190470393095,-4.375041900454342,0,25,73,2,0,0,8,0.061329739284701645,0,25,37,232,0,0,0,254,116,10,-7.418786268171854,0,0,44,7,15,4,6,1,0.0,0.0,2,0,0,3,0,0,0,0,1,1,1,1,0,7,53,0,1,14,2,24,0,0,0,0,,,0,0,0,0,0,0,0,0,0,0,0,0,,,,0,0,0,1,1,0,0,1.0,0,0,0,0,0
2023,8,CIN,REG,SF,28,32,283,3,0,3,-17,0,0,181,126,17,13.392601461227596,17.564267851412296,0,27,134,1,0,0,10,5.417723227641545,0,28,32,283,3,2,1,181,126,17,13.308457960753834,0,0,37,5,13,3,11,1,2.0,18.0,7,2,25,4,0,0,0,0,1,1,1,1,0,1,15,4,1,8,2,53,1,2,1,0,56.0,0.5,0,0,0,0,1,0,0,0,0,0,1,0,56,50,,56,50,0,4,4,0,0,1.0,0,0,0,0,0
2023,8,CLE,REG,SEA,16,32,257,1,2,3,-27,1,1,283,169,10,-4.993773691612946,-3.5034939646720886,0,40,155,1,0,0,9,-1.3553849070158321,0,16,30,257,1,0,0,283,169,10,3.7424861900269075,0,0,34,3,15,4,14,1,1.0,6.0,3,2,0,4,0,0,0,0,0,0,0,0,0,4,25,3,3,30,1,15,2,2,0,0,27.0,1.0,0,2,0,0,0,0,0,0,0,0,0,0,25;27,,,52,0,0,2,2,0,0,1.0,0,0,0,0,0
2023,8,DAL,REG,LA,27,34,307,4,1,3,-22,0,0,293,136,16,9.2763032953795,9.84399090794956,0,26,102,0,0,0,6,-2.056731217657216,0,27,34,307,4,0,0,293,136,16,15.2160025193762,0,0,33,8,14,5,21,0,2.0,16.0,5,1,30,5,1,0,1,0,0,0,0,0,0,4,21,4,2,0,3,96,2,2,0,0,58.0,1.0,0,1,0,0,1,0,0,0,0,0,0,0,58;27,,,85,0,0,5,5,0,0,1.0,0,0,0,0,0
2023,8,DEN,REG,KC,12,19,114,3,0,6,-27,2,1,127,72,7,-4.8447875870412584,2.6744816038343626,0,40,153,0,0,0,10,0.4188039183500223,0,12,18,114,3,0,0,127,72,7,5.978728030924685,0,0,36,4,10,5,23,2,3.0,28.0,11,2,38,6,0,0,0,-1,0,0,3,3,0,6,35,5,1,31,1,28,1,2,0,1,28.0,0.5,0,1,0,0,0,0,0,0,0,0,0,0,28,,38,28,0,38,3,3,0,0,1.0,0,0,0,0,0
2023,8,DET,REG,LV,26,37,272,1,1,1,-8,0,0,171,176,17,0.4245398886660854,1.6994757687344246,0,43,222,1,1,1,10,-6.692868981626816,0,26,34,272,1,1,1,171,176,17,-1.4265789569662144,0,0,27,1,15,7,50,1,6.0,49.0,9,1,15,3,0,0,0,0,0,0,0,0,0,5,55,1,2,18,2,31,4,5,1,0,52.0,0.8,0,0,2,1,1,0,0,1,0,0,0,0,44;31;33;52,26,,160,26,0,2,2,0,0,1.0,0,0,0,0,0
2023,8,GB,REG,MIN,24,41,229,1,1,4,-33,1,0,372,121,14,-7.905982737080194,-3.9750339090824127,0,17,74,0,0,0,1,-7.107107679912588,0,24,40,229,1,1,0,372,121,14,-1.0299714106949978,0,0,41,8,28,5,24,1,3.0,13.0,8,0,0,5,0,0,0,23,2,2,1,1,0,11,99,6,1,6,3,62,1,1,0,0,30.0,1.0,0,0,1,0,0,0,0,0,0,0,0,0,30,,,30,0,0,1,1,0,0,1.0,0,0,0,0,0
2023,8,HOU,REG,CAR,16,24,140,0,0,2,-21,0,0,179,74,10,1.4899864267646334,-1.0741612563530614,0,30,110,2,0,0,6,2.080196784401778,0,16,24,140,0,1,1,179,74,10,-1.6732867772369646,0,0,38,9,31,8,46,0,6.0,55.0,10,0,0,3,0,0,0,0,0,0,0,0,0,10,70,5,3,25,2,44,0,0,0,0,,,0,0,0,0,0,0,0,0,0,0,0,0,,,,0,0,0,1,1,0,0,1.0,0,0,0,0,0
2023,8,IND,REG,NO,23,41,213,2,1,2,-6,0,0,325,77,10,-2.0379720588497108,-10.00228743804128,0,24,164,1,0,0,6,5.2401797121274285,0,23,38,213,2,0,0,325,77,10,3.7352570178874727,0,0,31,17,31,1,2,1,1.0,4.0,2,0,0,2,0,0,0,0,0,0,1,1,0,6,30,5,1,7,0,0,2,2,0,0,42.0,1.0,0,1,0,1,0,0,0,0,0,0,0,0,20;42,,,62,0,0,3,3,0,0,1.0,0,0,0,0,0
2023,8,JAX,REG,PIT,24,32,292,1,1,3,-21,0,0,215,126,11,7.139634887643098,6.580767594277859,0,30,106,0,1,1,6,-8.528875274133696,1,24,32,292,1,1,1,215,134,11,8.09289727623289,0,0,36,4,14,4,21,1,3.0,20.0,9,2,23,7,0,0,0,0,0,0,0,0,0,6,72,2,3,34,2,48,4,4,0,0,51.0,1.0,0,0,2,0,2,0,0,0,0,0,0,0,50;51;38;37,,,176,0,0,0,0,0,0,,0,0,0,0,0
2023,8,KC,REG,DEN,24,38,240,0,2,3,-28,1,1,277,154,12,-10.966318837583815,-4.185679192478588,0,16,62,0,0,0,3,-1.5645180161982357,0,24,37,240,0,1,1,277,154,12,-8.345654381248453,0,0,45,7,25,7,30,2,6.0,27.0,10,0,0,2,0,1,0,0,0,0,1,1,0,5,38,5,3,-3,1,14,3,3,0,0,56.0,1.0,0,1,1,0,1,0,0,0,0,0,0,0,23;34;56,,,113,0,0,0,0,0,0,,0,0,0,0,0
2023,8,LA,REG,DAL,18,32,204,1,1,2,-16,0,0,205,129,8,-10.002155409348632,-12.776074837893248,1,24,92,1,0,0,5,0.595644117935207,0,18,32,204,1,0,0,205,129,8,-5.089120291487748,1,0,40,4,20,5,25,0,3.0,22.0,3,1,18,6,0,0,0,0,0,0,0,0,0,4,25,2,1,-5,0,0,2,2,0,0,47.0,1.0,0,0,1,1,0,0,0,0,0,0,0,0,33;47,,,80,0,0,0,0,0,0,,0,0,0,0,0
2023,8,LAC,REG,CHI,31,40,298,3,0,0,0,0,0,174,209,18,17.087563478393,6.8514667843517545,0,25,54,0,0,0,1,-14.207473947375547,0,31,38,298,3,1,1,174,210,18,13.82072340720844,0,0,32,9,21,2,12,0,1.0,10.0,2,2,14,7,0,0,0,0,0,0,0,0,0,2,15,3,1,6,0,0,3,3,0,0,53.0,1.0,0,0,0,2,1,0,0,0,0,0,0,0,43;53;46,,,142,0,0,3,3,0,0,1.0,0,0,0,0,0
2023,8,LV,REG,DET,10,21,126,0,1,6,-49,0,0,234,70,6,-24.156507637933828,-17.411868061338147,0,18,80,1,0,0,4,0.6078411011840217,0,10,21,126,0,1,0,234,70,6,-11.700309807667509,0,0,47,7,41,4,17,2,1.0,8.0,5,1,75,3,1,0,0,0,1,1,2,2,0,4,40,6,0,0,1,2,0,0,0,0,,,0,0,0,0,0,0,0,0,0,0,0,0,,,,0,0,0,2,2,0,0,1.0,0,0,0,0,0
2023,8,MIA,REG,NE,30,45,324,3,1,2,-12,0,0,305,145,17,12.581885234021849,-0.7445388896898809,0,26,78,1,1,1,6,-11.498556682927301,0,30,44,324,3,0,0,305,145,17,16.41569772028577,0,0,28,9,15,4,24,0,3.0,20.0,7,1,49,4,0,0,0,0,0,1,0,0,0,3,25,4,2,17,1,25,1,1,0,0,30.0,1.0,0,0,1,0,0,0,0,0,0,0,0,0,30,,,30,0,0,4,4,0,0,1.0,0,0,0,0,0
2023,8,MIN,REG,GB,26,35,297,2,0,3,-13,1,1,212,119,14,16.919077953609502,10.955220811507283,0,31,62,1,0,0,6,-4.440963745699264,0,26,34,297,2,0,0,212,119,14,23.5930073329886,0,0,34,8,22,1,12,2,4.0,33.0,8,1,43,7,0,0,0,0,0,0,0,0,0,7,35,3,3,34,1,27,1,3,1,1,25.0,0.3333333333333333,0,1,0,0,0,0,0,0,0,1,0,0,25,42,44,25,42,44,3,3,0,0,1.0,0,0,0,0,0
2023,8,NE,REG,MIA,19,29,161,2,1,3,-20,0,0,200,83,7,-9.12733173041946,-0.6692311061280126,0,19,77,0,0,0,6,-0.30392057594144717,0,19,28,161,2,0,0,200,83,7,-4.306060612376314,0,0,40,10,18,5,24,0,2.0,12.0,2,1,15,6,0,0,0,0,0,0,1,1,0,7,45,1,0,0,1,24,1,1,0,0,38.0,1.0,0,0,1,0,0,0,0,0,0,0,0,0,38,,,38,0,0,2,2,0,0,1.0,0,0,0,0,0
2023,8,NO,REG,IND,20,29,354,2,0,1,-4,1,1,381,138,12,16.120713905023877,5.0616628137128075,0,36,161,3,0,0,10,5.525837249318192,0,20,29,354,2,0,0,381,138,12,20.43917725275969,0,0,29,7,29,1,3,0,2.0,6.0,8,1,27,10,0,0,0,0,0,0,0,0,0,8,73,3,4,46,0,0,1,1,0,0,27.0,1.0,0,1,0,0,0,0,0,0,0,0,0,0,27,,,27,0,0,5,5,0,0,1.0,0,0,0,0,0
2023,8,NYG,REG,NYJ,6,14,7,0,0,4,-16,1,0,20,17,0,-17.296500740608135,-23.49360684553782,0,52,203,1,0,0,7,-8.780025184893091,0,6,12,7,0,0,0,20,17,0,-10.433971491153752,0,0,30,6,20,5,48,1,4.0,47.0,9,0,0,8,0,2,0,0,1,1,2,2,0,6,73,5,6,56,1,24,1,3,2,0,31.0,0.3333333333333333,0,0,1,0,0,0,0,0,1,1,0,0,31,47;35,,31,82,0,1,1,0,0,1.0,0,0,0,0,0
2023,8,NYJ,REG,NYG,17,36,240,1,0,4,-47,1,1,275,117,8,-14.034994183657078,-16.82802999720854,0,22,58,0,1,1,3,-10.551328721165191,0,17,34,240,1,0,0,275,117,8,-1.304476383200381,0,0,41,13,43,9,27,1,4.0,16.0,8,0,0,4,0,0,0,0,0,1,0,0,0,9,85,5,3,20,1,22,2,2,0,0,35.0,1.0,0,0,2,0,0,0,0,0,0,0,0,0,35;33,,,68,0,0,1,1,0,0,1.0,1,1,0,0,33
2023,8,PHI,REG,WAS,29,38,319,4,0,2,-4,0,0,304,137,17,23.611318518510913,15.330001030649457,0,22,59,1,2,2,4,-13.862751121690962,0,29,35,319,4,0,0,304,137,17,27.436705032874258,0,0,41,6,20,4,4,1,1.0,9.0,6,1,17,6,0,0,0,0,0,0,0,0,0,3,14,4,1,25,0,0,1,1,0,0,51.0,1.0,0,0,0,0,1,0,0,0,0,0,0,0,51,,,51,0,0,5,5,0,0,1.0,0,0,0,0,0
2023,8,PIT,REG,JAX,25,43,211,1,2,3,-20,0,0,385,97,12,-14.039891999154936,-1.8260271102190018,0,18,70,0,1,0,4,-1.5680185501405504,0,25,40,211,1,0,0,385,97,12,-7.951160761409557,0,0,48,7,19,4,14,2,3.0,21.0,6,1,7,2,0,0,0,0,1,1,2,2,0,6,52,6,0,0,1,36,1,2,1,0,22.0,0.5,0,1,0,0,0,0,0,0,0,0,0,1,22,61,,22,61,0,1,1,0,0,1.0,0,0,0,0,0
2023,8,SEA,REG,CLE,23,37,254,2,2,1,-6,1,0,284,132,12,2.6245567447569798,-0.40511803494559595,0,17,114,1,0,0,5,-1.9957899368309882,0,23,36,254,2,0,0,284,132,12,5.88815751770219,0,0,36,7,39,5,25,1,3.0,27.0,10,2,0,6,0,0,0,0,1,1,1,1,0,7,43,3,2,15,1,24,1,1,0,0,32.0,1.0,0,0,1,0,0,0,0,0,0,0,0,0,32,,,32,0,0,3,3,0,0,1.0,0,0,0,0,0
2023,8,SF,REG,CIN,22,31,365,1,2,2,-18,1,1,270,171,15,-2.851934379665181,7.749614119529724,0,23,113,1,0,0,8,1.0756934145338466,0,22,30,365,1,0,0,270,171,15,3.2272625225014053,0,0,34,12,32,4,24,2,3.0,17.0,8,0,0,3,0,0,0,0,0,0,1,1,0,5,54,6,0,0,1,16,1,1,0,0,36.0,1.0,0,0,1,0,0,0,0,0,0,0,0,0,36,,,36,0,0,2,2,0,0,1.0,0,0,0,0,0
2023,8,TB,REG,BUF,25,42,237,2,0,3,-13,0,0,306,133,10,-1.0801537833780106,-2.5577255548575017,1,17,78,0,0,0,4,-3.5207440790254623,0,25,39,237,2,0,0,306,133,10,6.147062456044083,1,0,43,9,25,3,13,0,2.0,12.0,3,1,0,6,0,1,0,0,2,2,0,0,0,11,74,6,1,0,2,44,1,2,0,1,57.0,0.5,0,0,0,0,1,0,0,0,0,0,0,0,57,,50,57,0,50,1,1,0,0,1.0,0,0,0,0,0
2023,8,TEN,REG,ATL,19,29,238,4,0,2,-12,0,0,323,108,7,5.93669582210714,11.461449872988922,0,36,149,0,1,1,10,-4.3376442872104235,0,19,26,238,4,0,0,323,108,7,10.861433577199932,0,0,34,9,27,6,43,1,6.0,44.0,9,0,0,4,0,0,0,0,0,1,1,1,0,6,53,3,5,32,1,13,0,0,0,0,,,0,0,0,0,0,0,0,0,0,0,0,0,,,,0,0,0,4,4,0,0,1.0,0,0,0,0,0
2023,8,WAS,REG,PHI,39,52,397,4,1,1,-9,1,0,388,166,20,3.5826236466527916,8.419225379532454,0,16,84,0,0,0,5,1.1587547046365216,0,39,51,397,4,0,0,388,166,20,8.663829837343656,0,0,34,6,20,3,5,1,2.0,4.0,4,0,0,3,0,0,0,0,1,1,2,2,0,7,79,6,1,11,1,27,1,1,0,0,61.0,1.0,0,0,0,0,0,1,0,0,0,0,0,0,61,,,61,0,0,4,4,0,0,1.0,0,0,0,0,0
2023,9,ARI,REG,CLE,11,20,58,0,2,7,-41,1,1,49,43,3,-32.76908288651612,-17.27859318256378,0,21,41,0,0,0,3,-5.83965398860164,0,11,20,58,0,0,0,49,43,3,-18.65290555579122,0,0,44,7,37,3,14,0,1.0,6.0,5,0,0,1,0,0,0,0,0,0,0,0,0,4,40,3,4,48,2,25,0,0,0,0,,,0,0,0,0,0,0,0,0,0,0,0,0,,,,0,0,0,0,0,0,0,,0,0,0,0,0
2023,9,ATL,REG,MIN,21,38,268,1,1,1,-8,0,0,391,172,12,-1.488744884431334,-7.074726767399728,0,28,110,1,1,1,6,-6.445085331351336,0,21,34,268,1,0,0,391,172,12,3.238929803373786,0,0,36,15,31,5,20,2,4.0,19.0,4,0,0,6,0,0,1,0,0,0,2,2,0,8,62,4,1,0,1,5,4,4,0,0,54.0,1.0,0,1,0,1,2,0,0,0,0,0,0,0,52;43;23;54,,,172,0,0,2,2,0,0,1.0,0,0,0,0,0
2023,9,BAL,REG,SEA,26,33,225,1,0,1,-8,1,1,268,94,11,1.9949237646343683,14.448739122599363,0,41,298,3,1,0,17,10.95730487385299,0,26,32,225,1,1,1,268,94,11,3.98893193636777,0,0,29,2,8,4,28,1,4.0,34.0,4,1,0,7,0,0,0,0,1,1,1,1,0,3,11,5,2,27,0,0,3,3,0,0,45.0,1.0,0,0,2,1,0,0,0,0,0,0,0,0,37;45;31,,,113,0,0,4,4,0,0,1.0,0,0,0,0,0
2023,9,BUF,REG,CIN,26,38,258,1,1,1,-9,0,0,300,141,11,4.649652031051859,12.625141814351082,1,16,68,1,0,0,9,3.238244490523357,0,26,32,258,1,1,1,300,141,11,6.140380320872112,1,0,43,3,19,4,10,0,1.0,5.0,7,0,0,7,0,0,0,0,0,0,0,0,0,5,49,5,0,0,2,44,1,1,0,0,34.0,1.0,0,0,1,0,0,0,0,0,0,0,0,0,34,,,34,0,0,1,1,0,0,1.0,0,0,0,0,0
2023,9,CAR,REG,IND,24,39,173,1,3,4,-36,0,0,180,86,8,-24.652827640945322,-7.474460956212637,0,28,138,0,0,0,10,3.45484275824856,0,24,37,173,1,1,0,180,86,8,-18.503705160642273,0,0,27,7,33,2,9,0,1.0,7.0,4,0,0,3,0,0,0,0,0,0,1,1,0,10,81,4,3,32,1,46,2,2,0,0,49.0,1.0,0,0,1,1,0,0,0,0,0,0,0,0,35;49,,,84,0,0,1,1,0,0,1.0,0,0,0,0,0
2023,9,CHI,REG,NO,18,30,220,2,3,2,-8,1,1,184,138,13,-3.6926080370794896,-2.2869138763501065,0,32,156,0,0,0,8,3.4743338294210844,0,18,26,220,2,1,1,184,138,13,-1.5578827789009058,0,0,35,8,34,0,0,0,0.0,0.0,2,0,0,2,0,0,0,0,1,1,0,0,0,8,71,5,0,0,0,0,1,2,1,0,31.0,0.5,0,0,1,0,0,0,0,0,0,1,0,0,31,40,,31,40,0,2,2,0,0,1.0,0,0,0,0,0
2023,9,CIN,REG,BUF,31,44,348,2,0,1,-5,0,0,289,183,17,12.65865346840559,6.038427210989451,0,22,54,1,0,0,5,-2.83665285303141,0,31,42,348,2,0,0,289,183,17,16.066535445442184,0,0,29,5,19,2,10,1,1.0,9.0,5,1,0,2,0,0,0,0,0,0,1,1,0,6,49,5,2,11,3,61,1,1,0,0,20.0,1.0,0,1,0,0,0,0,0,0,0,0,0,0,20,,,20,0,0,3,3,0,0,1.0,0,0,0,0,0
2023,9,CLE,REG,ARI,19,30,219,2,0,1,-6,0,0,211,120,9,1.4342772680909022,0.4897461405822219,0,40,113,1,0,0,7,-6.45906658860622,0,19,28,219,2,0,0,211,120,9,4.102459689417468,0,0,35,6,14,8,41,1,7.0,41.0,10,2,0,8,0,0,0,0,0,0,1,1,0,6,65,4,6,55,0,0,2,3,1,0,45.0,0.6666666666666666,0,0,1,1,0,0,0,0,0,1,0,0,30;45,48,,75,48,0,3,3,0,0,1.0,0,0,0,0,0
2023,9,DAL,REG,PHI,29,44,374,3,0,5,-41,0,0,420,126,19,12.918436241445182,5.908740108663387,0,21,73,0,0,0,5,-1.9385594451013022,0,29,44,374,3,1,1,420,126,19,17.135788808220116,0,0,32,4,26,2,11,2,3.0,24.0,4,0,0,1,0,0,0,0,1,1,0,0,0,10,83,5,2,23,2,79,1,1,0,0,51.0,1.0,0,0,0,0,1,0,0,0,0,0,0,0,51,,,51,0,0,2,2,0,0,1.0,0,0,0,0,0
2023,9,GB,REG,LA,20,26,228,1,0,4,-21,1,0,173,104,10,8.078893333065578,11.559046745300293,0,38,184,1,1,1,10,-7.1509300916093945,0,20,25,228,1,1,1,173,104,10,9.030459963629255,0,0,35,7,15,4,13,1,1.0,11.0,4,1,1,10,0,0,0,0,0,0,1,1,0,8,57,4,2,37,1,51,2,3,1,0,34.0,0.6666666666666666,0,1,1,0,0,0,0,0,0,1,0,0,26;34,48,,60,48,0,2,2,0,0,1.0,0,0,0,0,0
2023,9,HOU,REG,TB,30,42,470,5,0,3,-27,1,0,463,205,22,27.471964593821205,13.618804279126623,0,17,53,0,0,0,2,-5.4250848017106765,1,30,38,470,5,1,1,463,205,22,30.026374162468194,0,0,37,8,30,5,21,2,2.0,14.0,5,0,0,3,0,0,0,0,1,1,1,1,0,9,115,5,1,7,3,52,2,2,0,0,50.0,1.0,0,1,0,0,1,0,0,0,0,0,0,0,50;29,,,79,0,0,1,1,0,0,1.0,0,0,0,0,0
2023,9,IND,REG,CAR,17,26,127,1,0,1,-7,0,0,93,75,7,-1.0497175877787495,1.5546535452206935,0,30,78,0,0,0,5,-6.448081479058601,0,17,24,127,1,0,0,93,75,7,2.9898769208894755,0,0,47,6,16,4,30,1,4.0,36.0,7,3,115,8,2,1,0,0,0,0,0,0,0,5,25,0,3,11,0,0,2,2,0,0,57.0,1.0,0,1,0,0,1,0,0,0,0,0,0,0,26;57,,,83,0,0,3,3,0,0,1.0,0,0,0,0,0
2023,9,KC,REG,MIA,20,30,185,2,0,2,-11,1,1,167,116,11,1.3612226745462976,0.29194727540016174,0,24,93,0,0,0,4,-0.3902288636309095,0,20,28,185,2,0,0,167,116,11,7.736371283477638,0,0,30,7,21,3,24,2,3.0,18.0,6,0,0,0,0,0,0,0,0,0,1,2,1,9,69,2,3,14,1,20,0,0,0,0,,,0,0,0,0,0,0,0,0,0,0,0,0,,,,0,0,0,3,3,0,0,1.0,0,0,0,0,0
2023,9,LA,REG,GB,13,28,130,0,1,1,-11,1,1,262,48,6,-14.595850082733032,-17.60801374912262,0,26,68,0,0,0,3,-10.094224873174245,0,13,27,130,0,0,0,262,48,6,-7.687166945463341,0,0,36,11,39,3,13,2,4.0,21.0,5,0,0,1,0,0,0,0,1,1,2,2,0,5,36,4,3,37,2,56,1,2,1,0,52.0,0.5,0,0,0,0,1,0,0,0,0,1,0,0,52,49,,52,49,0,0,0,0,0,,0,0,0,0,0
2023,9,LAC,REG,NYJ,16,30,136,0,0,5,-29,1,0,160,64,7,-6.611584542193967,-10.302193356411797,0,21,84,2,0,0,5,0.06878268995313075,0,16,28,136,0,1,0,160,64,7,1.8489218759438444,0,1,46,4,26,4,39,3,8.0,57.0,8,0,0,7,0,1,0,0,3,3,3,3,0,4,39,3,3,104,0,0,2,2,0,0,55.0,1.0,0,0,1,0,1,0,0,0,0,0,0,0,55;38,,,93,0,0,3,3,0,0,1.0,0,0,0,0,0
2023,9,LV,REG,NYG,16,25,209,0,0,0,0,0,0,203,122,9,7.6030486396681125,-6.526519482334454,0,34,125,3,0,0,7,-7.482465936098387,0,16,24,209,0,0,0,203,122,9,9.15297516062728,0,0,45,4,24,8,40,1,8.0,46.0,9,2,50,5,0,0,0,0,0,0,0,0,0,4,30,5,1,6,0,0,3,3,0,0,46.0,1.0,0,1,0,2,0,0,0,0,0,0,0,0,24;46;41,,,111,0,0,3,3,0,0,1.0,0,0,0,0,0
2023,9,MIA,REG,KC,21,34,193,1,0,3,-18,0,0,281,73,11,0.5236871447996236,-1.740258661183442,0,21,117,1,2,0,7,0.5664211229304783,0,21,33,193,1,1,1,281,72,11,-2.300566761812661,0,0,27,10,26,1,7,1,2.0,11.0,4,0,0,3,0,0,0,0,2,3,1,1,0,6,45,4,1,7,0,0,0,0,0,0,,,0,0,0,0,0,0,0,0,0,0,0,0,,,,0,0,0,2,2,0,0,1.0,0,0,0,0,0
2023,9,MIN,REG,ATL,25,36,236,2,0,4,-19,2,2,227,119,13,-0.5388649123825724,2.2128957509994507,1,33,146,1,1,0,9,-2.131557184810502,0,25,35,236,2,0,0,227,119,13,14.500169001689635,1,0,34,9,25,3,13,1,1.0,8.0,3,1,18,4,0,0,0,0,1,2,1,1,0,1,4,3,1,24,0,0,3,3,0,0,32.0,1.0,1,0,2,0,0,0,0,0,0,0,0,0,19;32;31,,,82,0,0,2,2,0,0,1.0,0,0,0,0,0
2023,9,NE,REG,WAS,24,44,220,1,1,0,0,0,0,375,124,13,-6.030163121383092,-12.06822630970977,0,19,107,1,0,0,4,0.4737043646455277,0,24,43,220,1,0,0,375,124,13,-5.457554619732699,0,0,46,7,33,3,17,1,3.0,17.0,6,1,20,6,0,0,0,0,0,0,1,1,0,4,30,4,2,-2,0,0,1,1,0,0,43.0,1.0,0,0,0,1,0,0,0,0,0,0,0,0,43,,,43,0,0,2,2,0,0,1.0,0,0,0,0,0
2023,9,NO,REG,CHI,26,35,214,3,0,0,0,0,0,146,126,11,3.5195149977447087,6.02160319685936,0,27,87,0,0,0,6,-12.226430301147047,0,26,32,214,3,0,0,146,126,11,4.718379822174329,0,0,36,8,20,3,10,2,2.0,8.0,4,3,5,7,0,0,0,0,0,0,2,2,0,1,5,5,2,20,1,24,1,2,1,0,55.0,0.5,0,0,0,0,1,0,0,0,0,1,0,0,55,47,,55,47,0,3,3,0,0,1.0,0,0,0,0,0
2023,9,NYG,REG,LV,19,29,200,1,2,8,-46,0,0,286,120,10,-19.974122655999846,-5.019075192254168,0,25,123,0,0,0,5,-4.605570251645986,0,19,29,200,1,1,0,286,120,10,-8.079211734657175,0,0,35,3,27,3,9,0,0.0,0.0,1,0,0,2,0,0,0,0,1,1,0,0,0,3,8,5,3,33,5,110,0,0,0,0,,,0,0,0,0,0,0,0,0,0,0,0,0,,,,0,0,0,0,0,0,0,,0,0,0,0,0
2023,9,NYJ,REG,LAC,33,49,263,0,0,8,-57,2,2,353,118,12,-19.13270812645457,0.43657620747884157,0,20,64,0,1,0,4,-4.653348990017548,0,33,48,263,0,1,1,353,118,12,-0.19114219794514575,0,0,29,3,19,4,17,2,5.0,29.0,13,0,0,7,0,0,0,0,1,2,0,0,0,8,40,4,3,8,0,0,2,2,0,0,47.0,1.0,0,0,0,2,0,0,0,0,0,0,0,0,47;46,,,93,0,0,0,0,0,0,,0,0,0,0,0
2023,9,PHI,REG,DAL,17,23,207,2,0,3,-24,1,0,199,90,10,8.435014081711415,14.767008877935861,0,33,109,2,2,0,8,2.9839958988595754,0,17,21,207,2,0,0,199,90,10,14.07186792610446,0,0,40,6,24,3,29,1,5.0,41.0,10,0,0,6,0,0,0,0,3,3,1,1,0,10,98,6,1,4,0,0,0,0,0,0,,,0,0,0,0,0,0,0,0,0,0,0,0,,,,0,0,0,4,4,0,0,1.0,0,0,0,0,0
2023,9,PIT,REG,TEN,19,30,160,1,0,0,0,0,0,160,106,9,3.3539545370808663,-3.2443526489981274,0,30,166,1,0,0,10,4.12298258440569,0,19,29,160,1,0,0,160,106,9,4.80101569742736,0,0,37,2,24,6,36,0,4.0,27.0,10,1,0,6,0,0,0,0,0,0,0,0,0,10,80,2,2,13,2,42,2,2,0,0,30.0,1.0,0,1,1,0,0,0,0,0,0,0,0,0,29;30,,,59,0,0,2,2,0,0,1.0,0,0,0,0,0
2023,9,SEA,REG,BAL,13,28,157,0,1,4,-34,1,1,219,57,5,-14.661981639171309,-13.332615733146667,0,15,28,0,0,0,1,-5.834953866433352,0,13,25,157,0,0,0,219,57,5,-4.943346882336364,0,0,48,7,23,4,11,2,1.0,8.0,0,0,0,2,0,0,0,0,0,0,2,2,0,5,29,2,2,18,3,60,1,1,0,0,33.0,1.0,0,0,1,0,0,0,0,0,0,0,0,0,33,,,33,0,0,0,0,0,0,,0,0,0,0,0
2023,9,TB,REG,HOU,21,30,265,2,0,2,-14,0,0,264,114,10,10.57921514787013,2.6890016595522552,0,31,81,2,0,0,8,-0.9911753230790619,0,21,30,265,2,1,0,264,114,10,10.728932139743122,0,0,38,6,16,8,32,2,3.0,27.0,6,0,0,1,0,0,0,0,1,1,1,1,0,9,90,3,3,22,3,54,3,3,0,0,55.0,1.0,0,0,1,1,1,0,0,0,0,0,0,0,35;49;55,,,139,0,0,4,4,0,0,1.0,0,0,0,0,0
2023,9,TEN,REG,PIT,22,39,262,0,1,4,-27,0,0,393,113,12,-3.6523889199792645,0.2706261502729872,0,25,105,1,0,0,5,3.366362130288053,0,22,37,262,0,0,0,393,113,12,2.2471127095204277,0,0,30,8,32,2,6,0,0.0,0.0,2,0,0,3,0,0,0,0,0,0,0,0,0,7,51,6,2,7,2,46,3,3,0,0,48.0,1.0,0,0,2,1,0,0,0,0,0,0,0,0,36;36;48,,,120,0,0,1,1,0,0,1.0,0,0,0,0,0
2023,9,WAS,REG,NE,29,45,325,1,1,3,-17,0,0,384,164,14,5.039729462119961,1.7407659102569932,0,29,124,1,1,1,8,-2.2007855568079173,0,29,44,325,1,0,0,384,164,14,9.803171625126364,0,0,34,3,15,0,0,0,0.0,0.0,1,1,0,10,0,0,0,0,0,0,0,0,0,4,30,1,5,31,3,72,2,2,0,0,37.0,1.0,0,0,2,0,0,0,0,0,0,0,0,0,37;30,,,67,0,0,2,2,0,0,1.0,0,0,0,0,0
2023,10,ARI,REG,ATL,19,32,249,0,1,2,-19,0,0,333,114,11,-6.457303714336204,-8.249509526837254,0,26,122,2,0,0,8,5.265692303199991,0,19,31,249,0,0,0,333,114,11,-0.951034015839296,0,0,34,8,32,3,24,0,3.0,24.0,5,0,0,2,0,0,0,0,0,0,0,0,0,11,112,4,2,56,1,22,4,4,0,0,56.0,1.0,0,1,0,1,2,0,0,0,0,0,0,0,51;46;56;23,,,176,0,0,1,1,0,0,1.0,1,1,0,0,23
2023,10,ATL,REG,ARI,12,21,94,1,0,3,-24,0,0,185,49,5,-5.991686343489216,-3.6590143253928726,0,41,184,2,0,0,12,3.9277777613606304,0,12,19,94,1,0,0,185,49,5,0.03023285021493216,0,0,34,6,18,2,19,0,2.0,19.0,2,1,25,6,0,0,0,0,0,0,0,0,0,4,43,3,1,8,0,0,1,1,0,0,36.0,1.0,0,0,1,0,0,0,0,0,0,0,0,0,36,,,36,0,0,2,2,0,0,1.0,0,0,0,0,0
2023,10,BAL,REG,CLE,13,23,223,1,2,3,-23,0,0,240,116,9,-5.893444059215654,-7.44926981304003,0,24,106,2,0,0,4,-2.593068252026569,0,13,23,223,1,0,0,240,116,9,-0.9173540867828773,0,0,40,8,32,3,9,1,4.0,18.0,8,1,18,3,1,0,0,0,0,0,1,1,0,7,64,6,2,12,2,30,1,2,0,1,37.0,0.5,0,0,1,0,0,0,0,0,0,0,0,0,37,,55,37,0,55,4,4,0,0,1.0,0,0,0,0,0
2023,10,BUF,REG,DEN,15,26,177,1,2,0,0,0,0,226,83,6,-3.9883880485575647,-5.25529670715332,1,26,192,2,2,1,13,5.7249972890131176,0,15,25,177,1,1,1,226,83,6,-8.322802498776465,1,0,48,9,29,3,12,1,4.0,15.0,8,0,0,0,0,0,0,0,1,2,1,1,0,5,63,6,1,15,1,19,0,0,0,0,,,0,0,0,0,0,0,0,0,0,0,0,0,,,,0,0,0,2,2,0,0,1.0,0,0,0,0,0
2023,10,CAR,REG,CHI,21,38,185,0,0,3,-15,0,0,257,78,6,-8.250408326359667,-7.97019592102836,0,16,43,0,0,0,4,0.3877563403802924,0,21,34,185,0,0,0,257,78,6,-0.7701473667660879,0,1,43,8,20,2,3,0,0.0,0.0,4,0,0,4,0,1,0,0,1,1,0,0,0,5,45,3,3,79,1,27,2,3,1,0,39.0,0.6666666666666666,0,0,2,0,0,0,0,0,0,0,1,0,33;39,59,,72,59,0,1,1,0,0,1.0,0,0,0,0,0
2023,10,CHI,REG,CAR,20,33,162,0,0,0,0,0,0,222,101,10,-2.019608180303595,-4.023586492985487,0,37,133,1,0,0,10,-3.2293077096451865,0,20,32,162,0,0,0,222,101,10,-0.5524809842784917,0,0,28,7,21,6,23,0,3.0,15.0,9,0,0,4,0,0,0,0,0,0,0,0,0,7,44,3,2,12,1,24,3,3,0,0,54.0,1.0,0,0,2,0,1,0,0,0,0,0,0,0,54;36;39,,,129,0,0,1,1,0,0,1.0,0,0,0,0,0
2023,10,CIN,REG,HOU,27,40,347,2,2,4,-33,1,0,352,163,11,3.1982571250112413,4.261310283954325,0,16,66,1,0,0,5,-3.164611087035155,0,27,39,347,2,0,0,352,163,11,11.222724964726305,0,0,35,10,30,0,0,1,1.0,0.0,4,1,30,7,0,0,0,0,1,1,2,2,0,4,63,4,1,8,2,25,2,2,0,0,50.0,1.0,0,0,1,0,1,0,0,0,0,0,0,0,50;31,,,81,0,0,3,3,0,0,1.0,0,0,0,0,0
2023,10,CLE,REG,BAL,20,35,213,1,1,4,-18,1,0,370,112,10,-0.4717739849186344,1.428074948489666,0,36,178,1,0,0,12,7.083625032870362,1,20,32,213,1,0,0,370,112,10,5.762427333229191,0,0,27,5,21,3,22,0,3.0,23.0,6,2,44,6,1,1,0,27,1,1,0,0,0,10,55,6,1,0,1,33,4,4,0,0,40.0,1.0,0,2,1,1,0,0,0,0,0,0,0,0,36;28;23;40,,,127,0,0,1,2,1,0,0.5,1,1,0,0,40
2023,10,DAL,REG,NYG,33,44,472,4,2,0,0,0,0,459,151,19,15.83787598053459,12.237278338183057,0,33,168,3,0,0,13,7.711907633041847,0,33,44,472,4,0,0,459,151,19,15.83787598053459,0,0,32,5,15,7,33,0,5.0,25.0,7,1,0,6,0,0,0,0,0,0,0,0,0,9,83,4,3,9,1,11,0,0,0,0,,,0,0,0,0,0,0,0,0,0,0,0,0,,,,0,0,0,7,7,0,0,1.0,0,0,0,0,0
2023,10,DEN,REG,BUF,24,29,193,2,0,4,-15,0,0,100,116,12,5.758063172628668,13.293047609000372,0,38,122,0,0,0,5,-4.970491225609786,0,24,29,193,2,1,1,100,116,12,8.515056576403353,0,0,21,5,31,1,1,2,0.0,0.0,3,2,9,4,0,0,0,0,0,0,2,2,0,10,61,6,2,44,1,31,4,4,0,0,49.0,1.0,0,0,1,3,0,0,0,0,0,0,0,0,40;49;40;36,,,165,0,0,0,1,1,0,0.0,1,1,0,0,36
2023,10,DET,REG,LAC,23,33,333,2,0,0,0,0,0,245,174,13,14.826729859458283,1.3152116909623146,0,31,200,3,0,0,8,11.664153754076239,0,23,32,333,2,0,0,245,174,13,19.77432662434876,0,0,34,8,26,1,2,0,0.0,0.0,5,1,0,5,0,0,0,0,0,0,0,0,0,4,44,2,1,12,0,0,2,2,0,0,41.0,1.0,0,0,1,1,0,0,0,0,0,0,0,0,33;41,,,74,0,0,5,5,0,0,1.0,1,1,0,0,41
2023,10,GB,REG,PIT,21,40,289,2,2,1,-6,0,0,395,90,13,5.195348850801601,-4.211193323135376,0,24,116,0,0,0,3,-1.1921250824816525,0,21,37,289,2,1,0,395,89,13,7.940260242031435,0,0,35,12,30,2,8,0,1.0,7.0,4,0,0,5,0,1,0,0,2,2,0,0,0,5,32,4,2,12,5,139,2,2,0,0,31.0,1.0,0,1,1,0,0,0,0,0,0,0,0,0,31;28,,,59,0,0,1,2,0,1,0.5,0,0,0,0,0
2023,10,HOU,REG,CIN,23,39,356,1,1,1,0,1,1,466,82,16,5.137883713780641,0.7072235529239372,0,34,188,2,1,1,11,2.3639730577124283,0,23,39,356,1,0,0,466,82,16,8.811572352503166,0,0,35,4,22,4,23,1,4.0,33.0,9,2,13,2,0,0,0,0,0,1,0,0,0,7,50,5,3,18,0,0,3,3,0,0,45.0,1.0,0,1,1,1,0,0,0,0,0,0,0,0,45;22;38,,,105,0,0,3,3,0,0,1.0,1,1,0,0,38
2023,10,IND,REG,NE,18,28,194,0,1,0,0,0,0,247,57,8,2.417548161858106,2.328082345999202,0,26,70,1,0,0,4,-3.3657889316091314,0,18,26,194,0,0,0,247,57,8,4.910048501958483,0,0,47,9,19,6,26,1,5.0,22.0,9,2,9,3,0,0,0,0,0,0,0,0,0,4,34,3,1,11,1,42,1,2,1,0,51.0,0.5,0,0,0,0,1,0,0,0,0,0,1,0,51,57,,51,57,0,1,1,0,0,1.0,0,0,0,0,0
2023,10,JAX,REG,SF,18,32,190,0,2,5,-28,1,1,224,107,7,-18.958666815111123,-8.964667589433734,0,17,59,0,0,0,3,-2.1963004949502647,0,18,31,190,0,1,1,224,107,7,-10.590532759300608,0,0,34,5,29,3,11,0,2.0,9.0,7,0,0,4,0,0,0,0,0,0,0,0,0,5,39,2,1,15,2,44,1,1,0,0,37.0,1.0,0,0,1,0,0,0,0,0,0,0,0,0,37,,,37,0,0,0,0,0,0,,0,0,0,0,0
2023,10,LAC,REG,DET,27,40,323,4,1,0,0,0,0,273,165,16,14.587980706253923,-2.181691527366638,0,28,98,1,0,0,5,-0.8695998395560309,0,27,40,323,4,0,0,273,165,16,14.587980706253923,0,0,33,9,19,5,10,0,0.0,0.0,2,0,0,2,0,0,0,0,0,0,0,0,0,3,36,4,0,0,1,27,1,1,0,0,48.0,1.0,0,0,0,1,0,0,0,0,0,0,0,0,48,,,48,0,0,5,5,0,0,1.0,0,0,0,0,0
2023,10,LV,REG,NYJ,16,27,153,1,1,3,-27,0,0,197,83,7,-9.807394982754028,-8.571783065795898,0,32,148,0,3,1,8,-1.6373362876544792,0,16,25,153,1,0,0,197,83,7,-3.269739266457743,0,0,36,6,20,1,1,1,2.0,6.0,5,1,25,5,0,0,0,0,1,2,0,0,0,3,25,4,3,49,1,25,3,3,0,0,54.0,1.0,0,0,0,2,1,0,0,0,0,0,0,0,41;54;40,,,135,0,0,1,1,0,0,1.0,0,0,0,0,0
2023,10,MIN,REG,NO,23,34,268,1,0,1,-5,0,0,267,111,12,8.314626031168919,1.948162354528904,0,33,125,2,0,0,8,-1.526245634246152,0,23,32,268,1,0,0,267,111,12,11.786462954092022,0,0,34,3,21,5,18,1,3.0,17.0,7,2,4,7,0,0,0,0,0,0,0,0,0,5,35,4,2,12,0,0,2,3,1,0,40.0,0.6666666666666666,0,0,1,1,0,0,0,0,0,0,1,0,40;33,54,,73,54,0,3,3,0,0,1.0,0,0,0,0,0
2023,10,NE,REG,IND,18,27,195,0,2,5,-22,0,0,124,138,9,-4.4484860586213575,0.22212438858472738,0,36,167,0,0,0,11,4.502537116175517,0,18,26,195,0,1,0,124,138,9,3.3724262115802883,0,0,32,5,19,3,9,0,0.0,0.0,1,1,6,4,0,0,0,0,1,1,0,0,0,5,34,4,0,0,1,22,2,3,1,0,37.0,0.6666666666666666,0,1,1,0,0,0,0,0,1,0,0,0,37;24,35,,61,35,0,0,0,0,0,,0,0,0,0,0
2023,10,NO,REG,MIN,26,43,232,2,2,3,-17,1,0,484,92,10,-6.8737391665301475,-3.4735116362571716,0,15,65,0,0,0,4,3.7838654175577684,2,26,40,232,2,0,0,484,92,10,-0.3353553477747555,0,0,43,8,22,5,10,0,1.0,5.0,4,0,0,6,0,0,0,0,1,1,0,0,0,9,74,4,2,22,2,54,1,1,0,0,48.0,1.0,0,0,0,1,0,0,0,0,0,0,0,0,48,,,48,0,0,0,0,0,0,,0,0,0,0,0
2023,10,NYG,REG,DAL,14,27,86,2,1,5,-25,0,0,163,62,5,-11.907895865544461,-12.776603607031015,0,23,111,0,0,0,7,-1.6143245821003802,0,14,26,86,2,0,0,163,62,5,-3.7779974510630296,0,0,50,5,19,3,5,0,0.0,0.0,4,2,32,5,0,0,0,0,0,0,0,0,0,2,5,6,0,0,1,36,1,1,0,0,40.0,1.0,0,0,0,1,0,0,0,0,0,0,0,0,40,,,40,0,0,2,2,0,0,1.0,0,0,0,0,0
2023,10,NYJ,REG,LV,23,40,263,0,1,2,-6,1,0,368,149,11,-4.5566586719484405,-8.43874981274476,0,21,108,0,0,0,4,-3.7305151079883494,0,23,37,263,0,0,0,368,149,11,0.06202932044320164,0,0,33,7,35,4,26,2,3.0,27.0,7,1,6,4,0,0,0,0,1,1,1,1,0,8,83,4,1,5,1,14,4,4,0,0,53.0,1.0,0,0,1,2,1,0,0,0,0,0,0,0,47;53;30;45,,,175,0,0,0,0,0,0,,0,0,0,0,0
2023,10,PIT,REG,GB,14,23,126,0,0,1,-7,0,0,108,85,6,-5.687628693613217,-6.903415511954911,0,36,205,2,0,0,12,8.23097381228581,0,14,22,126,0,0,0,108,85,6,-2.6114320125354915,0,0,34,10,20,4,18,0,1.0,6.0,5,2,62,7,0,0,0,0,0,0,0,0,0,3,27,5,2,20,3,73,3,3,0,0,49.0,1.0,0,0,1,2,0,0,0,0,0,0,0,0,42;49;35,,,126,0,0,2,2,0,0,1.0,0,0,0,0,0
2023,10,SEA,REG,WAS,31,47,369,2,0,1,0,0,0,278,257,16,5.205711377139459,3.14810233456748,0,26,120,0,0,0,7,2.323835076444084,0,31,42,369,2,0,0,278,257,16,10.923273666564958,0,0,36,3,23,3,19,1,3.0,24.0,6,0,0,7,0,0,0,0,0,0,1,1,0,8,50,6,2,14,0,0,5,5,0,0,45.0,1.0,0,0,1,4,0,0,0,0,0,0,0,0,45;43;33;45;43,,,209,0,0,2,2,0,0,1.0,1,1,0,0,43
2023,10,SF,REG,JAX,20,28,302,3,0,2,-9,0,0,184,132,11,14.700359179060637,6.871286696857872,0,30,144,1,0,0,8,3.654639150307048,0,20,27,302,3,0,0,184,132,11,19.899205513506345,0,0,30,7,19,4,23,2,5.0,28.0,10,2,34,6,0,0,0,0,0,0,2,2,0,7,90,6,4,30,1,20,2,2,0,0,39.0,1.0,0,0,2,0,0,0,0,0,0,0,0,0,39;35,,,74,0,0,4,4,0,0,1.0,0,0,0,0,0
2023,10,TB,REG,TEN,18,29,278,2,1,3,-15,0,0,349,118,12,7.865437767983115,2.645555755187726,0,29,77,0,1,0,5,-6.390067834814545,0,18,29,278,2,0,0,349,118,12,12.213858127060979,0,0,27,4,22,8,43,0,4.0,32.0,13,1,28,6,0,0,0,0,1,1,0,0,0,7,50,0,2,15,0,0,2,2,0,0,35.0,1.0,0,1,1,0,0,0,0,0,0,0,0,0,25;35,,,60,0,0,2,2,0,0,1.0,0,0,0,0,0
2023,10,TEN,REG,TB,19,39,199,0,1,4,-32,0,0,448,126,10,-11.563321911684696,-10.52598147056041,0,16,42,0,0,0,2,-4.343140162935015,0,19,39,199,0,0,0,448,126,10,-5.113562970559878,0,0,28,8,30,4,19,0,3.0,15.0,5,1,18,2,0,0,0,0,0,0,0,0,0,5,35,3,3,23,0,0,2,3,1,0,38.0,0.6666666666666666,0,1,1,0,0,0,0,0,0,0,1,0,38;27,51,,65,51,0,0,0,0,0,,0,0,0,0,0
2023,10,WAS,REG,SEA,29,44,312,3,0,3,-24,0,0,219,230,13,11.658417408175435,-2.8182913150106157,0,14,68,0,1,1,3,-4.999893540283665,0,29,42,312,3,0,0,219,230,13,18.113097484749687,0,0,40,10,26,3,7,0,1.0,0.0,5,0,0,5,0,0,0,0,0,0,0,0,0,6,39,6,2,9,5,133,2,2,0,0,49.0,1.0,0,0,0,2,0,0,0,0,0,0,0,0,49;47,,,96,0,0,2,3,1,0,0.6666666666666666,0,0,0,0,0
2023,11,ARI,REG,HOU,20,30,214,1,1,3,-18,1,0,277,102,11,-6.826709361931806,-0.8564833937020152,0,25,123,1,0,0,7,3.4677761833155527,0,20,29,214,1,0,0,277,102,11,-2.1645835260278545,0,0,41,12,18,5,33,0,4.0,30.0,5,3,46,7,0,1,0,0,1,1,0,0,0,5,50,5,2,3,1,23,1,1,0,0,57.0,1.0,0,0,0,0,1,0,0,0,0,0,0,0,57,,,57,0,0,1,1,0,0,1.0,0,0,0,0,0
2023,11,BAL,REG,CIN,16,26,264,2,0,3,-16,0,0,305,150,9,8.243131167493246,7.041422439658124,0,31,157,2,0,0,10,1.999310623566089,0,16,23,264,2,1,0,305,150,9,16.352902113057624,0,0,36,7,17,5,33,0,5.0,33.0,7,0,0,7,0,0,0,0,1,1,0,0,0,9,110,0,1,5,0,0,2,2,0,0,47.0,1.0,0,1,0,1,0,0,0,0,0,0,0,0,25;47,,,72,0,0,4,4,0,0,1.0,0,0,0,0,0
2023,11,BUF,REG,NYJ,20,32,275,3,1,1,-12,0,0,228,190,11,12.000879541489958,-3.4068952346670236,0,38,130,0,0,0,10,-8.04467347968115,0,20,29,275,3,1,0,228,190,11,16.454937434931587,0,0,31,7,19,5,37,2,6.0,40.0,8,2,8,5,0,0,0,0,0,0,2,2,0,8,77,5,4,35,0,0,4,4,0,0,50.0,1.0,0,0,2,1,1,0,0,0,0,0,0,0,48;30;33;50,,,161,0,0,2,3,1,0,0.6666666666666666,0,0,0,0,0
2023,11,CAR,REG,DAL,16,29,123,1,1,7,-46,1,1,209,61,8,-18.73243090448309,-4.023921031218309,0,23,110,0,0,0,7,1.5898366300971247,0,16,26,123,1,1,0,209,61,8,-3.020530848472845,0,0,36,2,22,3,9,0,0.0,0.0,4,0,0,8,0,0,0,0,0,0,0,0,0,8,90,1,1,14,1,29,1,1,0,0,42.0,1.0,0,0,0,1,0,0,0,0,0,0,0,0,42,,,42,0,0,1,1,0,0,1.0,0,0,0,0,0
2023,11,CHI,REG,DET,16,23,169,1,0,2,-18,1,0,250,47,10,4.194769059140295,6.211722709915856,0,46,183,1,0,0,11,0.6526125140280081,0,16,22,169,1,1,1,250,47,10,5.655354151392881,0,0,31,6,18,2,13,1,2.0,13.0,8,3,17,5,0,0,0,0,0,0,1,1,0,6,69,2,1,0,0,0,4,4,0,0,53.0,1.0,0,0,2,1,1,0,0,0,0,0,0,0,31;53;40;39,,,163,0,0,2,2,0,0,1.0,0,0,0,0,0
2023,11,CIN,REG,BAL,19,31,169,2,0,5,-33,0,0,248,89,10,-2.4594640962765135,-4.991767339168052,0,23,136,0,0,0,6,5.57361793864402,0,19,31,169,2,0,0,248,89,10,4.636323236698792,0,0,35,5,15,5,21,1,3.0,16.0,5,0,0,2,0,0,0,0,0,0,0,0,0,9,78,3,3,24,0,0,2,3,1,0,50.0,0.6666666666666666,0,1,0,0,1,0,0,0,0,0,1,0,50;26,53,,76,53,0,2,2,0,0,1.0,0,0,0,0,0
2023,11,CLE,REG,PIT,24,43,165,0,1,1,-2,0,0,146,98,10,-9.681774268266912,-14.04936880600162,0,29,96,1,0,0,7,-0.5663483029056806,0,24,41,165,0,0,0,146,98,10,-8.476340506715548,0,0,31,7,19,7,40,0,3.0,29.0,4,0,0,4,0,0,0,0,0,0,0,0,0,1,10,6,3,37,0,0,2,2,0,0,34.0,1.0,0,1,1,0,0,0,0,0,0,0,0,0,25;34,,,59,0,0,1,1,0,0,1.0,1,1,0,0,34
2023,11,DAL,REG,CAR,27,41,204,2,0,0,0,0,0,257,86,11,6.547468955989074,1.731889322400093,0,27,107,1,0,0,7,5.270431167475181,0,27,40,204,2,0,0,257,86,11,7.360916860762131,0,0,24,5,37,5,36,1,6.0,46.0,11,1,30,2,1,0,0,0,0,0,1,1,0,5,45,4,0,0,0,0,2,2,0,0,30.0,1.0,0,1,1,0,0,0,0,0,0,0,0,0,30;27,,,57,0,0,3,4,1,0,0.75,0,0,0,0,0
2023,11,DEN,REG,MIN,27,35,259,1,0,2,-10,0,0,233,177,12,1.4860982910168268,14.733181521296501,0,15,46,0,0,0,2,-6.149060772222467,0,27,32,259,1,1,0,233,177,12,6.904231661856888,0,0,42,6,24,1,11,2,2.0,11.0,10,1,9,5,0,0,0,0,0,0,2,2,0,4,48,4,0,0,0,0,5,5,0,0,52.0,1.0,0,1,3,0,1,0,0,0,0,0,0,0,31;31;52;37;28,,,179,0,0,0,0,0,0,,0,0,0,0,0
2023,11,DET,REG,CHI,23,35,236,2,3,2,-13,0,0,245,94,14,-1.092054559397977,0.6292197853326797,1,22,115,2,0,0,8,3.6631995703210123,0,23,32,236,2,0,0,245,94,14,4.874502363862237,1,0,46,7,27,7,28,2,2.0,18.0,4,0,0,2,0,0,1,0,0,0,1,1,0,5,25,6,0,0,1,31,0,0,0,0,,,0,0,0,0,0,0,0,0,0,0,0,0,,,,0,0,0,3,3,0,0,1.0,0,0,0,0,0
2023,11,GB,REG,LAC,27,40,322,2,0,3,-27,1,0,263,192,16,10.750950282512573,3.6861334192125446,0,28,102,1,1,0,6,-6.49429903303105,0,27,38,322,2,0,0,263,192,16,18.486429192664442,0,0,35,6,16,4,22,1,2.0,16.0,5,0,0,5,0,1,0,0,3,4,1,1,0,7,46,4,3,9,3,61,1,2,1,0,28.0,0.5,0,1,0,0,0,0,0,0,0,0,1,0,28,52,,28,52,0,2,3,1,0,0.6666666666666666,0,0,0,0,0
2023,11,HOU,REG,ARI,28,38,338,2,3,4,-30,0,0,370,89,18,2.0659191506346914,6.365352712179483,0,25,111,1,0,0,4,-5.555969332635868,0,28,38,338,2,0,0,370,89,18,7.49404870821305,0,0,35,6,20,7,29,0,2.0,13.0,5,1,0,7,0,0,0,0,0,0,1,1,0,3,19,3,2,16,0,0,0,1,1,0,,0.0,0,0,0,0,0,0,0,0,0,1,0,0,,48,,0,48,0,3,3,0,0,1.0,0,0,0,0,0
2023,11,JAX,REG,TEN,24,32,262,2,0,1,-1,0,0,304,83,13,16.51056056429875,15.629862008556241,0,36,128,2,0,0,8,-3.128059856536977,0,24,31,262,2,0,0,304,83,13,17.530464985824757,0,0,14,9,31,0,0,1,2.0,15.0,5,0,0,3,0,0,0,0,0,0,2,2,0,4,29,3,0,0,1,18,2,2,0,0,30.0,1.0,0,1,1,0,0,0,0,0,0,0,0,0,30;25,,,55,0,0,4,4,0,0,1.0,0,0,0,0,0
2023,11,KC,REG,PHI,24,43,177,2,1,1,-9,0,0,383,72,10,-8.02547696947013,-3.4011352520722586,0,30,168,0,0,0,10,3.367201397428289,0,24,39,177,2,1,1,383,72,10,-8.959581900388002,0,0,39,1,7,8,26,1,5.0,26.0,4,1,0,3,0,0,0,0,0,0,0,0,0,7,55,6,6,58,0,0,1,1,0,0,43.0,1.0,0,0,0,1,0,0,0,0,0,0,0,0,43,,,43,0,0,2,2,0,0,1.0,0,0,0,0,0
2023,11,LA,REG,SEA,17,31,190,1,1,1,-5,0,0,158,124,9,-4.574814941957867,-14.200245820242781,0,27,82,1,0,0,7,-4.896918027603533,0,17,29,190,1,0,0,158,124,9,-0.41077075175968414,0,0,34,5,23,4,18,0,2.0,13.0,8,1,0,7,0,0,0,0,0,0,0,0,0,9,92,4,4,30,0,0,1,1,0,0,22.0,1.0,0,1,0,0,0,0,0,0,0,0,0,0,22,,,22,0,0,2,2,0,0,1.0,0,0,0,0,0
2023,11,LAC,REG,GB,21,36,260,2,0,2,-16,0,0,346,104,11,5.060112854914548,-3.714466094970703,0,24,150,0,2,1,6,-1.0763069075183012,0,21,36,260,2,0,0,346,104,11,7.851317409176188,0,0,49,5,17,7,33,1,3.0,27.0,7,0,0,5,0,0,0,0,1,2,0,0,0,4,54,4,1,6,3,58,2,2,0,0,26.0,1.0,0,2,0,0,0,0,0,0,0,0,0,0,25;26,,,51,0,0,2,2,0,0,1.0,0,0,0,0,0
2023,11,LV,REG,MIA,24,41,271,1,3,2,-11,0,0,400,101,10,-9.576633443971339,-2.0938247442245483,0,16,36,0,0,0,2,-5.4047546213842,0,24,38,271,1,0,0,400,101,10,-1.6437595982888595,0,0,33,18,34,1,2,2,1.0,2.0,3,1,0,4,0,0,0,0,0,0,2,2,0,5,41,4,1,12,0,0,2,2,0,0,47.0,1.0,0,0,1,1,0,0,0,0,0,0,0,0,34;47,,,81,0,0,1,1,0,0,1.0,0,0,0,0,0
2023,11,MIA,REG,LV,28,39,325,2,1,1,-2,0,0,295,146,12,4.769229019801378,9.020697491036524,0,28,99,0,1,1,7,-7.673798687726958,0,28,36,325,2,1,1,295,146,12,3.49378558997555,0,0,35,4,12,5,20,0,2.0,11.0,6,3,8,8,0,0,0,0,0,0,0,0,0,5,44,2,3,30,0,0,2,3,1,0,51.0,0.6666666666666666,0,0,0,1,1,0,0,0,0,0,1,0,41;51,50,,92,50,0,2,2,0,0,1.0,0,0,0,0,0
2023,11,MIN,REG,DEN,20,32,221,1,1,2,-11,0,0,234,93,9,1.0614777555329145,2.8343650801428417,0,36,175,1,3,2,11,-2.4786823732429184,0,20,29,221,1,0,0,234,93,9,4.773940391663928,0,0,30,7,21,5,15,1,2.0,10.0,7,0,0,2,0,0,0,0,2,3,0,0,0,6,55,5,3,27,0,0,2,2,0,0,34.0,1.0,0,0,2,0,0,0,0,0,0,0,0,0,34;30,,,64,0,0,2,2,0,0,1.0,0,0,0,0,0
2023,11,NYG,REG,WAS,18,26,246,3,0,9,-45,0,0,244,87,10,3.808219777303748,3.473436603179342,0,19,91,0,0,0,3,-5.044309517679144,0,18,26,246,3,0,0,244,87,10,15.58448340848554,0,0,47,7,31,6,30,4,4.0,26.0,6,3,56,8,1,0,0,0,0,0,3,3,0,5,33,4,2,16,0,0,1,1,0,0,36.0,1.0,0,0,1,0,0,0,0,0,0,0,0,0,36,,,36,0,0,4,4,0,0,1.0,0,0,0,0,0
2023,11,NYJ,REG,BUF,15,30,132,1,2,6,-40,0,0,177,81,8,-13.530670241234358,-16.275580546685624,0,18,63,0,0,0,3,-2.1980220273835585,0,15,28,132,1,1,1,177,81,8,-7.1360479691647924,0,0,42,10,24,6,25,1,1.0,12.0,4,1,51,3,0,0,0,0,0,0,0,0,0,5,35,4,0,0,5,95,0,0,0,0,,,0,0,0,0,0,0,0,0,0,0,0,0,,,,0,0,0,0,0,0,0,,0,0,0,0,0
2023,11,PHI,REG,KC,14,22,150,0,1,5,-26,1,0,168,59,5,-3.4149417451117188,-4.693772537367685,0,27,114,3,0,0,10,0.5042395581840537,0,14,21,150,0,0,0,168,59,5,2.560224028362427,0,0,52,4,12,2,11,1,1.0,9.0,9,1,0,5,0,0,0,0,1,1,1,1,0,7,61,3,3,53,0,0,0,0,0,0,,,0,0,0,0,0,0,0,0,0,0,0,0,,,,0,0,0,3,3,0,0,1.0,0,0,0,0,0
2023,11,PIT,REG,CLE,15,28,106,0,0,3,-29,0,0,169,61,4,-11.891549183666939,-8.489424705505371,0,26,172,1,0,0,8,5.885568196900699,0,15,25,106,0,0,0,169,61,4,-4.0677557617018465,0,0,38,7,29,4,10,0,1.0,2.0,4,1,0,6,0,0,0,0,0,0,0,0,0,6,46,5,3,51,0,0,1,1,0,0,28.0,1.0,0,1,0,0,0,0,0,0,0,0,0,0,28,,,28,0,0,1,1,0,0,1.0,0,0,0,0,0
2023,11,SEA,REG,LA,24,40,236,1,1,2,-13,0,0,324,117,12,-0.06549071252180694,-4.147248440667206,0,21,68,0,0,0,3,-0.1663913393591816,0,24,38,236,1,0,0,324,117,12,4.650634536035575,0,0,29,7,29,2,8,0,1.0,5.0,3,1,0,6,0,0,0,0,0,0,0,0,0,12,130,5,2,25,0,0,3,4,1,0,54.0,0.75,0,0,0,1,2,0,0,0,0,0,1,0,54;43;52,55,,149,55,0,1,1,0,0,1.0,0,1,1,0,55
2023,11,SF,REG,TB,21,25,333,3,0,4,-28,0,0,201,180,14,15.870389703584639,16.42533230781555,0,30,115,0,0,0,8,-3.7849959015729837,0,21,25,333,3,0,0,201,180,14,21.576028625520685,0,0,39,5,19,3,19,1,4.0,25.0,8,1,0,11,0,0,0,0,0,0,1,1,0,7,66,3,1,2,3,52,2,2,0,0,37.0,1.0,0,1,1,0,0,0,0,0,0,0,0,0,37;28,,,65,0,0,3,3,0,0,1.0,0,0,0,0,0
2023,11,TB,REG,SF,29,45,246,1,1,4,-25,1,1,407,125,14,-9.188732027629158,2.39638838657113,0,18,66,1,0,0,7,1.573847327992553,0,29,43,246,1,0,0,407,125,14,1.5521823466115166,0,0,37,9,25,8,36,0,4.0,28.0,5,0,0,0,0,0,0,0,1,1,0,0,0,3,19,3,2,64,3,55,0,0,0,0,,,0,0,0,0,0,0,0,0,0,0,0,0,,,,0,0,0,2,2,0,0,1.0,0,0,0,0,0
2023,11,TEN,REG,JAX,13,17,158,2,0,2,-15,0,0,133,62,6,2.9629585499642417,9.365911343518421,0,19,92,0,1,1,5,-1.5956613247981295,0,13,17,158,2,0,0,133,62,6,8.118901770678349,0,0,42,10,22,5,9,0,1.0,1.0,2,0,0,2,0,1,0,0,0,1,0,0,0,7,66,2,1,15,4,81,0,0,0,0,,,0,0,0,0,0,0,0,0,0,0,0,0,,,,0,0,0,2,2,0,0,1.0,0,0,0,0,0
2023,11,WAS,REG,NYG,31,45,256,1,3,4,-26,0,0,297,171,12,-8.88358981184046,4.618571237439203,0,28,174,1,1,1,13,1.3978265032928903,0,31,42,256,1,2,1,297,171,12,-8.998521643704404,0,0,36,3,19,12,45,0,9.0,45.0,11,0,0,5,0,0,0,0,1,1,0,0,0,1,5,5,4,0,2,77,2,2,0,0,42.0,1.0,0,1,0,1,0,0,0,0,0,0,0,0,23;42,,,65,0,0,1,2,1,0,0.5,0,0,0,0,0
2023,12,ARI,REG,LA,27,45,256,1,0,4,-37,0,0,386,115,11,-14.264040873352764,-7.616251774809572,0,15,73,1,0,0,5,5.125991353983525,1,27,44,256,1,0,0,386,115,11,-7.502733773984342,0,0,37,10,26,1,2,0,0.0,0.0,3,1,14,1,0,0,0,0,0,0,0,0,0,5,34,3,0,0,0,0,0,1,1,0,,0.0,0,0,0,0,0,0,0,0,0,0,1,0,,56,,0,56,0,0,0,0,0,,0,0,0,0,0
2023,12,ATL,REG,NO,13,21,168,1,2,0,0,0,0,168,60,9,-2.746315741154831,-4.02973398566246,0,41,228,1,0,0,15,5.860343414180168,0,13,20,168,1,0,0,168,60,9,-1.9716340585728176,0,0,38,7,25,3,11,2,1.0,8.0,3,1,92,5,1,0,0,0,0,0,1,1,0,5,35,2,1,9,2,43,1,1,0,0,39.0,1.0,0,0,1,0,0,0,0,0,0,0,0,0,39,,,39,0,0,3,3,0,0,1.0,0,0,0,0,0
2023,12,BAL,REG,LAC,18,32,177,1,0,2,-13,1,0,170,120,9,-3.5584432057338162,-12.732666035493212,0,35,197,1,0,0,10,2.428660559313295,0,18,30,177,1,0,0,170,120,9,1.1705953448371051,0,0,37,6,20,5,18,3,3.0,24.0,9,1,0,7,0,0,0,0,1,1,3,3,0,5,42,4,1,3,0,0,2,3,1,0,48.0,0.6666666666666666,0,0,0,2,0,0,0,0,0,1,0,0,42;48,44,,90,44,0,2,2,0,0,1.0,0,0,0,0,0
2023,12,BUF,REG,PHI,29,51,339,2,1,1,-7,0,0,407,145,15,7.660534720481228,-4.212306774392423,0,40,173,2,0,0,13,7.388390410167631,0,29,49,339,2,0,0,407,145,15,11.866903262961277,0,0,41,2,10,5,13,0,2.0,7.0,1,1,2,5,0,1,0,0,1,1,1,1,0,11,80,5,5,37,1,25,2,4,1,1,48.0,0.5,0,0,0,2,0,0,0,0,0,1,0,0,48;40,48,34,88,48,34,4,4,0,0,1.0,0,0,0,0,0
2023,12,CAR,REG,TEN,18,31,194,0,0,4,-32,1,1,199,84,7,-4.867258823719059,2.6182062923908234,0,32,96,1,0,0,8,-4.423113478173036,0,18,24,194,0,0,0,199,84,7,10.045580123949147,0,0,29,8,20,4,10,0,1.0,1.0,4,0,0,5,0,0,0,0,0,0,0,0,0,4,35,6,2,9,3,71,1,1,0,0,50.0,1.0,0,0,0,0,1,0,0,0,0,0,0,0,50,,,50,0,0,1,1,0,0,1.0,0,0,0,0,0
2023,12,CHI,REG,MIN,27,37,217,0,0,3,-18,1,1,100,163,12,-5.58729195784216,7.090439647436142,0,28,118,0,2,1,6,-4.78521077371367,0,27,32,217,0,0,0,100,163,12,5.842705300919272,0,0,37,2,10,4,12,2,2.0,16.0,9,4,19,8,0,0,0,0,1,1,0,0,0,7,76,3,1,0,1,28,4,5,1,0,55.0,0.8,0,1,2,0,1,0,0,0,0,1,0,0,25;39;55;30,48,,149,48,0,0,0,0,0,,1,1,0,0,30
2023,12,CIN,REG,PIT,19,26,227,1,1,4,-30,1,0,132,128,9,-2.747910093474186,2.2768441438674927,0,11,25,0,0,0,0,-3.497655231039971,0,19,25,227,1,0,0,132,128,9,5.348911668215894,0,0,39,6,36,5,21,1,2.0,10.0,4,0,0,3,0,0,0,0,1,1,1,1,0,5,36,4,0,0,2,66,1,1,0,0,47.0,1.0,0,0,0,1,0,0,0,0,0,0,0,0,47,,,47,0,0,1,1,0,0,1.0,0,0,0,0,0
2023,12,CLE,REG,DEN,20,42,190,1,0,4,-28,2,1,305,61,10,-12.351323059093069,-14.67240246442648,0,24,107,0,3,2,9,-7.405521981709171,0,20,39,190,1,0,0,305,61,10,-3.0874480411609175,0,0,30,11,19,3,13,1,1.0,9.0,4,0,0,2,0,0,0,0,2,4,1,1,0,8,66,4,1,9,0,0,2,2,0,0,36.0,1.0,0,1,1,0,0,0,0,0,0,0,0,0,36;24,,,60,0,0,0,0,0,0,,0,0,0,0,0
2023,12,DAL,REG,WAS,22,32,331,4,0,0,0,0,0,470,80,15,19.24523962637558,8.557102736085653,1,18,100,1,0,0,5,4.094803518528352,0,22,32,331,4,1,0,470,80,15,19.24523962637558,1,0,37,13,31,4,33,0,4.0,32.0,8,1,63,5,1,0,0,0,1,1,0,0,0,7,48,3,1,5,0,0,1,1,0,0,52.0,1.0,0,0,0,0,1,0,0,0,0,0,0,0,52,,,52,0,0,4,5,1,0,0.8,0,0,0,0,0
2023,12,DEN,REG,CLE,13,22,134,1,0,1,-9,0,0,122,67,5,4.45424141373951,-3.9475743259702445,0,39,169,2,2,1,12,-6.285498223966019,0,13,21,134,1,0,0,122,67,5,6.55266684119124,0,0,28,6,24,3,9,2,4.0,28.0,7,0,0,4,0,0,1,0,1,2,3,3,0,8,71,3,1,2,0,0,2,2,0,0,34.0,1.0,0,1,1,0,0,0,0,0,0,0,0,0,23;34,,,57,0,0,3,3,0,0,1.0,0,0,0,0,0
2023,12,DET,REG,GB,29,44,332,2,0,3,-8,2,2,318,151,17,-4.387493225352839,1.124814507507145,1,31,140,1,1,1,7,-6.595944401691668,1,29,42,332,2,0,0,318,151,17,9.269726688668133,1,0,27,5,21,1,1,0,0.0,0.0,4,0,0,1,0,0,0,50,0,0,0,0,0,7,51,1,0,0,4,98,0,0,0,0,,,0,0,0,0,0,0,0,0,0,0,0,0,,,,0,0,0,0,1,1,0,0.0,0,0,0,0,0
2023,12,GB,REG,DET,22,32,268,3,0,0,0,0,0,302,72,13,11.812378605006113,5.422210097312927,0,22,109,0,0,0,4,-6.546759012679104,0,22,30,268,3,0,0,302,72,13,14.218544258219971,0,0,48,8,24,2,4,3,3.0,8.0,12,0,0,2,0,0,0,0,0,0,3,3,1,7,60,4,0,0,0,0,1,2,1,0,43.0,0.5,0,0,0,1,0,0,0,0,0,0,0,1,43,63,,43,63,0,2,3,1,0,0.6666666666666666,0,0,0,0,0
2023,12,HOU,REG,JAX,26,36,304,2,0,4,-43,0,0,345,144,12,0.7591409554233532,3.5959993799527483,0,18,91,1,0,0,6,2.555744650249835,0,26,36,304,2,0,0,345,144,12,7.939977640658035,0,0,33,10,28,4,11,0,0.0,0.0,2,1,14,6,0,0,0,0,0,0,0,0,0,7,49,5,0,0,0,0,0,2,2,0,,0.0,0,0,0,0,0,0,0,0,0,0,2,0,,50;58,,0,108,0,3,3,0,0,1.0,0,0,0,0,0
2023,12,IND,REG,TB,24,41,251,0,1,2,-12,0,0,247,132,13,-0.09710011280425279,-12.460697963833809,0,27,155,3,0,0,12,1.9226765539788175,0,24,40,251,0,0,0,247,132,13,3.005614129220219,0,0,31,3,19,3,12,1,6.0,26.0,9,1,9,5,0,0,0,0,1,1,1,1,0,5,40,3,1,13,0,0,2,3,1,0,46.0,0.6666666666666666,0,0,1,1,0,0,0,0,0,0,1,0,46;36,58,,82,58,0,3,3,0,0,1.0,0,0,0,0,0
2023,12,JAX,REG,HOU,23,38,364,1,1,0,0,0,0,322,210,13,12.490231914085662,-4.533569071743938,1,30,81,1,0,0,5,-9.94708882199484,0,23,37,364,1,0,0,322,210,13,13.132488784951487,1,0,36,2,18,5,37,0,4.0,43.0,7,0,0,3,0,0,0,0,0,0,0,0,0,6,35,5,1,22,1,20,3,4,1,0,53.0,0.75,0,0,0,2,1,0,0,0,0,0,1,0,40;48;53,55,,141,55,0,1,1,0,0,1.0,0,0,0,0,0
2023,12,KC,REG,LV,27,34,298,2,0,1,-7,0,0,167,204,17,12.587395862261761,7.6843819580972195,0,23,69,2,0,0,6,-0.940888156357687,0,27,32,298,2,0,0,167,204,17,15.450613968300164,0,0,37,3,17,2,15,0,1.0,13.0,4,0,0,2,0,0,0,0,0,0,0,0,0,4,40,2,1,10,1,29,1,1,0,0,32.0,1.0,0,0,1,0,0,0,0,0,0,0,0,0,32,,,32,0,0,4,4,0,0,1.0,0,0,0,0,0
2023,12,LA,REG,ARI,25,33,229,4,1,0,0,0,0,192,129,16,13.204231557474376,12.770867828399906,0,33,228,1,0,0,9,8.896523052244447,0,25,31,229,4,0,0,192,129,16,14.899097071445166,0,0,35,6,14,6,42,0,4.0,37.0,6,0,0,10,0,0,0,0,0,0,0,0,0,5,23,4,2,22,0,0,1,2,1,0,24.0,0.5,0,1,0,0,0,0,0,0,0,0,1,0,24,50,,24,50,0,4,5,1,0,0.8,0,0,0,0,0
2023,12,LAC,REG,BAL,29,44,217,1,1,3,-24,1,1,298,117,11,-11.907626775650716,-2.128168286346809,0,19,86,0,0,0,6,-0.3407523521455005,0,29,41,217,1,2,2,298,117,11,-8.131788964208681,0,0,39,6,22,2,10,1,2.0,13.0,3,0,0,5,0,0,0,0,0,0,0,0,0,5,41,5,1,23,1,21,1,1,0,0,39.0,1.0,0,0,1,0,0,0,0,0,0,0,0,0,39,,,39,0,0,1,1,0,0,1.0,0,0,0,0,0
2023,12,LV,REG,KC,23,34,248,1,0,1,-13,0,0,159,145,12,3.4992841203916196,-2.8051313012838364,0,23,123,1,0,0,4,-5.031726308807265,0,23,32,248,1,0,0,159,145,12,6.922384717151088,0,0,36,5,17,3,19,0,1.0,7.0,2,0,0,0,0,0,0,0,0,0,0,0,0,0,0,3,1,13,1,25,1,2,1,0,34.0,0.5,0,0,1,0,0,0,0,0,1,0,0,0,34,30,,34,30,0,2,2,0,0,1.0,0,0,0,0,0
2023,12,MIA,REG,NYJ,21,30,243,1,2,2,-15,0,0,147,124,14,4.45056448865949,5.249866736786704,0,37,167,2,1,1,7,-3.227681567252148,0,21,28,243,1,0,0,147,124,14,8.710048651562568,0,0,38,2,10,9,49,1,7.0,49.0,11,2,100,6,1,1,0,0,1,2,0,0,0,6,38,3,5,46,1,22,2,2,0,0,54.0,1.0,0,0,1,0,1,0,0,0,0,0,0,0,38;54,,,92,0,0,4,4,0,0,1.0,0,0,0,0,0
2023,12,MIN,REG,CHI,22,32,185,1,4,2,-16,0,0,261,63,8,-23.790539162216255,2.5576364000638336,0,17,73,0,0,0,3,-2.296586697222665,0,22,30,185,1,1,0,261,63,8,-17.87501358541801,0,0,48,3,23,5,13,3,3.0,18.0,7,0,0,3,0,0,0,0,2,4,2,2,0,4,24,5,1,15,1,38,1,1,0,0,34.0,1.0,0,0,1,0,0,0,0,0,0,0,0,0,34,,,34,0,0,1,1,0,0,1.0,0,0,0,0,0
2023,12,NE,REG,NYG,21,35,143,0,3,2,-7,1,0,125,149,8,-16.325068797334097,-13.582830769675116,0,31,147,1,0,0,10,5.178577250554029,0,21,35,143,0,0,0,125,149,8,-14.466373465489596,0,0,33,2,14,7,29,1,6.0,29.0,7,0,0,4,0,3,0,0,2,2,1,1,0,2,13,4,4,21,1,22,0,1,1,0,,0.0,0,0,0,0,0,0,0,0,1,0,0,0,,35,,0,35,0,1,1,0,0,1.0,0,0,0,0,0
2023,12,NO,REG,ATL,24,38,304,0,1,1,-8,0,0,329,135,13,-1.2685188326217418,-1.4370798259168054,0,28,148,0,2,1,7,-1.6689160189707763,0,24,37,304,0,0,0,329,135,13,0.038523615338888595,0,0,33,4,38,2,4,0,0.0,0.0,1,2,21,4,0,0,0,0,1,1,0,0,0,6,50,4,1,6,0,0,5,6,1,0,52.0,0.8333333333333334,0,1,1,2,1,0,0,0,0,0,1,0,25;52;41;45;39,54,,202,54,0,0,0,0,0,,0,0,0,0,0
2023,12,NYG,REG,NE,17,25,191,1,0,6,-29,0,0,186,71,7,-1.824021166448882,0.5052311966816606,0,19,58,0,2,1,4,-10.049944670900004,0,17,24,191,1,0,0,186,71,7,6.410061761420286,0,0,41,4,26,5,20,2,2.0,7.0,3,3,73,7,0,1,0,0,2,3,0,0,0,4,37,3,2,6,0,0,1,1,0,0,42.0,1.0,0,0,0,1,0,0,0,0,0,0,0,0,42,,,42,0,0,1,1,0,0,1.0,0,0,0,0,0
2023,12,NYJ,REG,MIA,27,38,179,1,2,7,-49,1,0,168,112,9,-18.66758491814835,0.6833224660820404,0,10,29,0,1,0,3,-2.485262875095941,0,27,36,179,1,0,0,168,112,9,0.6510146753280424,0,0,42,5,33,2,7,0,2.0,15.0,3,2,30,5,1,0,0,0,2,3,1,1,0,6,60,3,0,0,1,28,0,0,0,0,,,0,0,0,0,0,0,0,0,0,0,0,0,,,,0,0,0,1,2,1,0,0.5,0,0,0,0,0
2023,12,PHI,REG,BUF,18,31,200,3,1,2,-7,0,0,221,86,12,0.08719554189211776,-4.935038941247123,0,32,185,2,1,1,10,2.1832896238192916,0,18,28,200,3,0,0,221,86,12,5.358621168831281,0,0,57,4,26,3,16,0,1.0,7.0,4,1,5,9,0,0,0,0,0,1,0,0,0,4,30,4,1,18,0,0,1,1,0,0,59.0,1.0,0,0,0,0,1,0,0,0,0,0,0,0,59,,,59,0,0,4,4,0,0,1.0,0,0,0,0,0
2023,12,PIT,REG,CIN,24,33,278,0,0,2,-10,0,0,279,122,15,11.777032637398314,9.157597925513983,0,33,153,1,1,1,6,-8.354721746698488,0,24,32,278,0,0,0,279,122,15,15.753142682206906,0,0,30,1,11,4,30,1,4.0,30.0,5,1,6,6,0,0,0,0,0,0,0,0,0,5,55,4,3,2,1,7,3,3,0,0,41.0,1.0,0,0,2,1,0,0,0,0,0,0,0,0,41;34;33,,,108,0,0,1,1,0,0,1.0,0,0,0,0,0
2023,12,SEA,REG,SF,18,27,180,0,1,6,-48,0,0,290,70,6,-11.940727955094662,3.9770634086043706,0,21,88,0,0,0,8,-2.364515765744727,0,18,27,180,0,0,0,290,70,6,-0.316553667394329,0,0,37,6,30,5,16,1,1.0,1.0,6,1,12,3,1,1,0,0,0,0,0,0,0,5,39,3,1,0,4,140,2,3,1,0,51.0,0.6666666666666666,0,0,1,0,1,0,0,0,0,0,1,0,51;30,53,,81,53,0,1,1,0,0,1.0,0,0,0,0,0
2023,12,SF,REG,SEA,21,31,209,1,1,1,-1,0,0,279,100,10,0.3050409281226294,8.116053243478136,0,33,169,3,0,0,13,3.4617537582525983,0,21,30,209,1,0,0,279,100,10,2.229785240192008,0,0,31,4,32,4,28,0,6.0,48.0,12,1,2,5,0,1,0,0,1,1,1,1,0,3,20,3,3,10,2,52,1,1,0,0,32.0,1.0,0,0,1,0,0,0,0,0,0,0,0,0,32,,,32,0,0,4,4,0,0,1.0,0,0,0,0,0
2023,12,TB,REG,IND,20,31,199,2,1,6,-26,1,1,206,89,9,-9.39017498548013,-1.5849843621253967,0,19,125,0,1,0,7,4.673186881700531,0,20,30,199,2,0,0,206,89,9,2.287154676430937,0,0,36,10,20,3,14,0,2.0,12.0,3,1,3,7,0,0,0,0,1,2,0,0,0,4,24,1,0,0,0,0,2,2,0,0,24.0,1.0,0,2,0,0,0,0,0,0,0,0,0,0,21;24,,,45,0,0,2,2,0,0,1.0,0,0,0,0,0
2023,12,TEN,REG,CAR,18,28,185,0,0,1,-1,0,0,232,42,9,-0.050409470843737925,2.7413260053705297,0,24,80,2,0,0,6,0.2501862058707047,0,18,27,185,0,0,0,232,42,9,0.7001648819132242,0,0,42,10,22,9,46,1,4.0,32.0,6,0,0,3,0,0,0,0,0,0,1,1,0,8,53,3,2,16,3,75,1,1,0,0,53.0,1.0,0,0,0,0,1,0,0,0,0,0,0,0,53,,,53,0,0,2,2,0,0,1.0,0,0,0,0,0
2023,12,WAS,REG,DAL,28,44,300,0,1,4,-32,0,0,352,156,15,-12.348847936825509,-5.953905189579181,0,27,108,1,0,0,7,-4.6654377761879005,0,28,44,300,0,0,0,352,156,15,-3.9438446598808827,0,0,29,3,11,4,10,1,0.0,0.0,2,0,0,3,0,0,0,0,0,0,0,0,0,4,25,2,2,9,0,0,1,1,0,0,43.0,1.0,0,0,0,1,0,0,0,0,0,0,0,0,43,,,43,0,0,1,1,0,0,1.0,0,0,0,0,0
2023,13,ARI,REG,PIT,13,23,145,1,0,2,-13,0,0,173,72,7,1.1446906625345363,-8.427785142608307,0,38,150,2,2,0,9,-1.6845393666008022,0,13,23,145,1,0,0,173,72,7,4.249657271341981,0,0,25,11,29,3,11,0,0.0,0.0,5,0,0,4,0,0,0,0,2,3,1,1,0,6,51,1,3,24,1,24,1,1,0,0,51.0,1.0,0,0,0,0,1,0,0,0,0,0,0,0,51,,,51,0,0,3,3,0,0,1.0,0,0,0,0,0
2023,13,ATL,REG,NYJ,12,27,121,1,0,3,-17,0,0,281,24,9,-3.778801962090527,-11.241740643978119,0,34,90,0,2,0,5,-12.531356933206553,0,12,25,121,1,0,0,281,24,9,2.982392433334738,0,0,36,9,25,5,14,4,4.0,17.0,6,1,0,4,0,1,0,0,2,3,2,2,0,6,55,2,4,35,0,0,2,2,0,0,42.0,1.0,0,1,0,1,0,0,0,0,0,0,0,0,22;42,,,64,0,0,1,1,0,0,1.0,0,0,0,0,0
2023,13,CAR,REG,TB,15,31,178,0,1,4,-29,1,0,313,46,7,-5.070967915060464,-2.8173455825218765,0,34,133,2,0,0,8,-0.9203047641028004,1,15,26,178,0,1,0,313,46,7,6.6163852959289216,0,0,29,2,22,2,12,0,1.0,8.0,3,1,-3,6,0,0,0,0,1,1,0,0,0,7,62,4,4,30,0,0,1,1,0,0,23.0,1.0,0,1,0,0,0,0,0,0,0,0,0,0,23,,,23,0,0,1,1,0,0,1.0,0,0,0,0,0
2023,13,CIN,REG,JAX,33,39,347,1,1,2,-12,0,0,151,204,17,10.875141130140191,17.315895412419295,0,31,156,3,0,0,8,3.126854103158737,0,33,37,347,1,0,0,151,204,17,17.451766758886308,0,0,40,6,32,6,26,1,4.0,16.0,7,0,0,5,0,0,0,0,0,0,0,0,0,6,35,4,2,11,2,41,2,3,1,0,54.0,0.6666666666666666,0,0,0,1,1,0,0,0,0,0,1,0,54;48,57,,102,57,0,4,4,0,0,1.0,1,1,0,0,48
2023,13,CLE,REG,LA,23,44,254,2,1,2,-14,0,0,543,70,10,-7.7915639304108675,-8.884730062833643,0,23,87,0,0,0,9,1.1701125797699206,0,23,41,254,2,0,0,543,70,10,-3.7561062392913493,0,0,31,5,23,1,2,0,0.0,0.0,2,0,0,2,0,0,0,0,0,0,0,0,0,7,86,4,2,30,0,0,2,2,0,0,40.0,1.0,0,1,0,1,0,0,0,0,0,0,0,0,40;24,,,64,0,0,1,2,1,0,0.5,0,0,0,0,0
2023,13,DAL,REG,SEA,29,41,299,3,0,4,-24,0,0,239,130,19,14.823497584657995,4.5521315187215805,1,34,136,1,0,0,8,-2.501607945538126,0,29,40,299,3,0,0,239,130,19,21.69900598491614,1,0,24,5,25,1,5,0,1.0,0.0,6,1,0,6,0,0,0,0,0,0,0,0,0,9,127,3,0,0,1,15,4,4,0,0,38.0,1.0,0,0,4,0,0,0,0,0,0,0,0,0,30;31;38;32,,,131,0,0,3,3,0,0,1.0,0,0,0,0,0
2023,13,DEN,REG,HOU,15,26,186,1,3,3,-22,0,0,335,88,5,-14.968118985611403,2.523505687713623,0,30,118,1,0,0,9,2.425665010843659,0,15,24,186,1,0,0,335,88,5,-6.290865556016797,0,0,33,11,27,5,25,1,5.0,28.0,6,0,0,1,0,0,0,0,0,0,0,0,0,2,8,4,1,7,2,44,1,1,0,0,34.0,1.0,0,0,1,0,0,0,0,0,0,0,0,0,34,,,34,0,0,2,2,0,0,1.0,0,0,0,0,0
2023,13,DET,REG,NO,16,25,213,2,0,1,-8,0,0,179,101,9,7.492438044373311,-1.558992624282837,0,30,142,2,0,0,7,-1.0687094815657474,0,16,25,213,2,0,0,179,101,9,9.369429164074727,0,0,37,4,36,6,34,0,2.0,18.0,7,1,13,4,0,1,0,0,1,1,1,1,0,6,45,1,2,13,3,58,2,2,0,0,32.0,1.0,0,1,1,0,0,0,0,0,0,0,0,0,26;32,,,58,0,0,3,3,0,0,1.0,0,0,0,0,0
2023,13,GB,REG,KC,25,36,267,3,0,2,-14,0,0,272,112,15,15.392143603934805,5.586837700435098,0,25,129,0,0,0,9,3.684097411634866,0,25,35,267,3,0,0,272,112,15,17.36751647773781,0,0,27,4,38,2,10,0,3.0,21.0,7,1,2,5,0,0,0,0,0,0,0,0,0,7,63,5,1,1,2,60,2,2,0,0,48.0,1.0,0,0,0,2,0,0,0,0,0,0,0,0,40;48,,,88,0,0,3,3,0,0,1.0,0,0,0,0,0
2023,13,HOU,REG,DEN,17,28,292,1,0,5,-28,1,0,292,136,8,1.8446242539817455,-3.8530995448430385,0,30,89,1,0,0,5,-5.257428329140461,0,17,27,292,1,0,0,292,136,8,9.554791259407065,0,0,30,8,28,5,25,0,3.0,22.0,8,3,3,7,0,0,0,0,1,1,0,0,0,8,81,5,1,7,1,23,3,3,0,0,38.0,1.0,0,1,2,0,0,0,0,0,0,0,0,0,29;38;38,,,105,0,0,1,1,0,0,1.0,0,0,0,0,0
2023,13,IND,REG,TEN,26,42,312,2,0,3,-12,1,1,311,129,10,2.043761869994218,-1.4529744299446679,0,23,55,0,0,0,5,-2.78553320307401,0,26,41,312,2,0,0,311,129,10,9.551591478620203,0,1,50,8,26,5,16,4,6.0,20.0,9,0,0,5,0,1,0,18,1,1,2,2,0,4,29,4,3,25,1,36,4,4,0,0,46.0,1.0,0,3,0,1,0,0,0,0,0,0,0,0,23;46;23;28,,,120,0,0,1,1,0,0,1.0,0,0,0,0,0
2023,13,JAX,REG,CIN,31,39,321,2,0,4,-16,0,0,439,119,13,11.377357834048428,16.14067027202019,0,25,71,2,1,0,9,1.2735054875374772,0,31,39,321,2,0,0,439,119,13,15.257974467531312,0,0,43,12,34,4,18,0,2.0,12.0,6,1,8,2,0,1,0,0,3,3,0,0,0,7,55,8,1,0,2,51,1,2,1,0,40.0,0.5,0,0,0,1,0,0,0,0,0,1,0,0,40,48,,40,48,0,4,4,0,0,1.0,0,0,0,0,0
2023,13,KC,REG,GB,21,33,210,1,1,3,-21,0,0,286,132,13,3.947734712972334,1.0594687859217333,0,25,148,1,0,0,10,6.640163081479957,0,21,30,210,1,0,0,286,132,13,9.012447525718017,0,0,37,10,20,2,14,0,2.0,14.0,4,0,0,0,0,0,0,0,0,0,0,0,0,5,50,5,0,0,2,53,2,2,0,0,34.0,1.0,0,0,2,0,0,0,0,0,0,0,0,0,34;34,,,68,0,0,1,1,0,0,1.0,0,0,0,0,0
2023,13,LA,REG,CLE,22,37,279,3,0,0,0,0,0,292,148,10,5.3191237424953215,-5.124801747939169,0,25,120,1,0,0,7,1.8771893526221017,0,22,34,279,3,0,0,292,148,10,7.952409517111846,0,0,27,9,31,4,27,0,2.0,14.0,5,1,42,5,0,0,1,0,0,0,0,0,0,7,45,2,2,15,1,8,2,3,1,0,44.0,0.6666666666666666,0,1,0,1,0,0,0,0,0,1,0,0,44;28,43,,72,43,0,4,4,0,0,1.0,0,0,0,0,0
2023,13,LAC,REG,NE,22,37,212,0,0,0,0,0,0,269,104,8,2.0078626550231666,-4.233139836125907,0,24,29,0,0,0,5,-13.770711158402264,0,22,36,212,0,0,0,269,104,8,3.1425610622845563,0,0,42,1,23,8,40,2,5.0,32.0,6,0,0,3,0,0,0,0,0,0,1,1,0,4,20,3,3,55,0,0,2,2,0,0,38.0,1.0,0,0,2,0,0,0,0,0,0,0,0,0,38;38,,,76,0,0,0,0,0,0,,0,0,0,0,0
2023,13,MIA,REG,WAS,19,25,283,2,0,0,0,0,0,213,180,10,18.613910723831026,8.763271927833557,0,34,123,3,0,0,9,5.528446279873606,0,19,25,283,2,0,0,213,180,10,18.613910723831026,0,0,21,9,27,2,13,1,3.0,20.0,9,1,33,4,1,0,0,0,0,0,0,0,0,2,15,2,2,7,0,0,1,1,0,0,49.0,1.0,0,0,0,1,0,0,0,0,0,0,0,0,49,,,49,0,0,6,6,0,0,1.0,0,0,0,0,0
2023,13,NE,REG,LAC,13,25,141,0,0,5,-32,0,0,285,59,5,-15.719805817992892,-11.213893940051396,0,32,148,0,2,1,7,-1.3072477207751945,0,13,24,141,0,0,0,285,59,5,-3.290549560508225,0,0,29,4,32,2,4,0,0.0,0.0,2,0,0,6,0,0,0,0,1,1,0,0,0,3,14,4,2,0,1,2,0,0,0,0,,,0,0,0,0,0,0,0,0,0,0,0,0,,,,0,0,0,0,0,0,0,,0,0,0,0,0
2023,13,NO,REG,DET,19,29,267,1,1,2,-18,0,0,254,131,12,6.0189378432696685,0.019305944442749023,0,36,113,3,1,1,11,-8.409608750720508,0,19,29,267,1,0,0,254,131,12,10.585056387237273,0,0,31,4,28,5,17,0,1.0,8.0,4,0,0,2,0,0,0,0,0,0,0,0,0,6,50,5,5,30,1,18,0,0,0,0,,,0,0,0,0,0,0,0,0,0,0,0,0,,,,0,0,0,4,4,0,0,1.0,0,0,0,0,0
2023,13,NYJ,REG,ATL,19,38,214,0,1,4,-17,3,1,340,81,9,-12.241350816624369,-12.846453819009996,0,25,62,0,1,1,4,-11.15806707367301,0,19,36,214,0,0,0,340,81,9,-1.1877567130465883,0,0,31,8,30,5,18,1,3.0,17.0,8,0,0,3,0,0,1,0,2,2,0,0,0,11,71,5,4,45,1,25,2,2,0,0,46.0,1.0,0,1,0,1,0,0,0,0,0,0,0,0,27;46,,,73,0,0,0,0,0,0,,0,0,0,0,0
2023,13,PHI,REG,SF,28,48,314,1,0,3,-27,0,0,352,167,19,8.965933742832402,3.195567216191971,0,18,46,1,0,0,2,-4.738259644364007,0,28,42,314,1,0,0,352,167,19,18.129316336432947,0,0,28,6,26,2,6,0,2.0,4.0,4,0,0,1,0,0,0,0,1,1,0,0,0,7,47,4,1,0,3,66,2,2,0,0,39.0,1.0,0,1,1,0,0,0,0,0,0,0,0,0,26;39,,,65,0,0,1,1,0,0,1.0,0,0,0,0,0
2023,13,PIT,REG,ARI,18,27,187,1,0,0,0,0,0,223,43,13,7.548555866123263,3.918598426712882,0,31,130,0,2,1,6,-12.804817706666654,0,18,27,187,1,0,0,223,43,13,7.548555866123263,0,0,30,12,28,4,13,1,2.0,13.0,5,0,0,3,0,0,0,0,1,3,0,0,0,9,77,6,1,11,1,26,1,2,1,0,29.0,0.5,0,1,0,0,0,0,0,0,0,1,0,0,29,45,,29,45,0,1,1,0,0,1.0,0,0,0,0,0
2023,13,SEA,REG,DAL,23,41,334,3,1,1,0,0,0,231,189,16,11.055332575691864,-7.525035738945007,0,22,72,2,0,0,4,-2.9222275550710037,0,23,38,334,3,0,0,231,189,16,13.836418546910863,0,0,46,5,27,7,33,0,4.0,24.0,7,0,0,3,0,0,0,0,0,0,0,0,0,10,130,6,0,0,0,0,0,1,1,0,,0.0,0,0,0,0,0,0,0,0,0,1,0,0,,42,,0,42,0,5,5,0,0,1.0,0,0,0,0,0
2023,13,SF,REG,PHI,19,27,314,4,0,2,-4,0,0,177,212,12,22.329711401311215,6.429905414581299,0,28,146,2,0,0,12,7.334842001728248,0,19,25,314,4,0,0,177,212,12,26.102125207835343,0,0,39,1,21,4,29,0,3.0,27.0,9,0,0,11,0,2,0,0,0,0,0,0,0,5,47,2,2,3,2,60,0,0,0,0,,,0,0,0,0,0,0,0,0,0,0,0,0,,,,0,0,0,6,6,0,0,1.0,0,0,0,0,0
2023,13,TB,REG,CAR,14,29,202,1,1,1,-8,0,0,314,106,7,-3.701134300499689,-11.673572549113523,0,28,128,2,0,0,6,-2.8941054790338967,0,14,27,202,1,0,0,314,106,7,-0.3335191180813126,0,0,40,4,24,4,24,1,3.0,18.0,4,1,0,3,0,0,0,0,0,0,0,0,0,5,36,1,3,21,0,0,0,0,0,0,,,0,0,0,0,0,0,0,0,0,0,0,0,,,,0,0,0,3,3,0,0,1.0,0,0,0,0,0
2023,13,TEN,REG,IND,16,33,224,1,0,6,-20,3,1,293,117,12,0.1449495846555211,-12.78481709234642,0,42,177,2,1,1,12,2.319855213863775,0,16,33,224,1,0,0,293,117,12,3.1649895490646003,0,0,37,8,24,0,0,1,3.0,12.0,8,0,0,7,0,0,0,0,2,2,2,2,0,9,74,3,4,36,2,40,2,2,0,0,46.0,1.0,0,1,0,1,0,0,0,0,0,0,0,0,24;46,,,70,0,0,2,3,1,0,0.6666666666666666,0,0,0,0,0
2023,13,WAS,REG,MIA,12,23,127,0,1,3,-20,0,0,198,43,5,-13.021273457233674,-8.225234665653925,1,28,138,2,0,0,6,3.3061353010998573,0,12,22,127,0,1,0,198,43,5,-7.42914607634104,1,0,37,7,19,6,31,0,0.0,0.0,2,0,0,2,0,0,0,0,1,1,0,0,0,3,31,3,1,11,0,0,0,1,1,0,,0.0,0,0,0,0,0,0,0,0,0,0,1,0,,53,,0,53,0,1,1,0,0,1.0,0,0,0,0,0
2023,14,ATL,REG,TB,26,40,347,1,1,3,-9,1,0,395,133,16,-2.3703185247805267,-3.3004270914273395,1,26,96,2,1,0,7,1.2909945042175304,0,26,39,347,1,1,0,395,133,16,2.231768931161646,1,0,40,3,23,2,7,1,1.0,2.0,1,0,0,5,0,2,0,0,2,2,0,0,0,2,10,5,4,57,0,0,1,3,2,0,20.0,0.3333333333333333,0,1,0,0,0,0,0,0,0,0,2,0,20,50;52,,20,102,0,2,2,0,0,1.0,0,0,0,0,0
2023,14,BAL,REG,LA,24,43,316,3,1,2,-6,0,0,546,107,17,12.612825902449341,-1.6914812475442886,1,26,139,0,0,0,7,-0.657488788957949,0,24,40,316,3,0,0,546,107,17,16.13111612745831,1,1,36,8,28,7,28,0,2.0,12.0,10,0,0,3,0,0,0,0,0,1,0,0,0,7,79,4,4,109,1,21,3,3,0,0,47.0,1.0,0,0,2,1,0,0,0,0,0,0,0,0,31;47;33,,,111,0,0,2,2,0,0,1.0,0,0,0,0,0
2023,14,BUF,REG,KC,23,42,233,1,1,3,-24,0,0,347,147,12,-2.0088587999831455,-1.3965810338656115,0,28,118,1,0,0,8,1.150328868998539,0,23,36,233,1,1,0,347,147,12,6.261713418304125,0,0,30,5,25,1,2,1,1.0,7.0,8,1,6,5,0,0,0,0,0,0,1,1,0,4,35,5,2,17,1,23,2,2,0,0,39.0,1.0,0,0,2,0,0,0,0,0,0,0,0,0,31;39,,,70,0,0,2,2,0,0,1.0,0,0,0,0,0
2023,14,CAR,REG,NO,13,36,137,0,0,4,-38,1,1,490,52,4,-31.291697221108052,-21.205578558146954,0,39,204,0,1,1,11,5.480450986768119,0,13,32,137,0,1,0,490,52,4,-15.59114298186747,0,0,27,6,24,3,25,0,1.0,9.0,6,1,2,3,0,0,0,0,1,1,0,0,0,4,27,3,2,1,2,37,2,3,1,0,47.0,0.6666666666666666,0,1,0,1,0,0,0,0,0,1,0,0,47;29,41,,76,41,0,0,0,0,0,,0,0,0,0,0
2023,14,CHI,REG,DET,19,33,223,1,0,3,-29,0,0,244,93,10,1.9988508168047563,-3.433679391940436,0,30,142,2,0,0,7,-0.28372238867450505,0,19,30,223,1,0,0,244,93,10,9.258959722378888,0,0,32,8,24,4,20,1,4.0,34.0,9,2,13,7,0,2,0,0,0,0,1,1,0,4,35,3,4,56,2,51,3,3,0,0,46.0,1.0,0,2,0,1,0,0,0,0,0,0,0,0,46;25;28,,,99,0,0,1,2,0,1,0.5,0,0,0,0,0
2023,14,CIN,REG,IND,19,25,274,2,1,0,0,0,0,107,205,11,6.286473840184044,3.9460662603378296,0,32,111,2,0,0,5,-2.1454724856446825,0,19,25,274,2,0,0,107,205,11,6.286473840184044,0,0,29,10,24,4,17,0,3.0,14.0,4,1,0,6,0,0,0,0,0,0,1,1,0,5,40,3,3,12,0,0,2,2,0,0,35.0,1.0,0,0,2,0,0,0,0,0,0,0,0,0,32;35,,,67,0,0,4,4,0,0,1.0,0,0,0,0,0
2023,14,CLE,REG,JAX,26,45,311,3,1,1,-4,1,1,334,158,11,-1.6544217481042307,-7.408119356909462,0,28,82,1,0,0,5,-2.599441841826774,0,26,43,311,3,1,1,334,158,11,-0.6152316716962543,0,0,51,3,9,6,27,1,4.0,22.0,12,3,11,10,0,0,0,0,0,0,1,1,0,8,75,4,2,19,1,29,1,1,0,0,55.0,1.0,0,0,0,0,1,0,0,0,0,0,0,0,55,,,55,0,0,4,4,0,0,1.0,0,0,0,0,0
2023,14,DAL,REG,PHI,24,39,271,2,0,3,-15,1,1,266,142,13,-0.054984303969386916,-9.764121434627432,0,32,138,1,0,0,7,2.8446004471394124,0,24,39,271,2,0,0,266,142,13,10.943606555862077,0,0,35,3,15,5,14,3,1.0,7.0,2,0,0,3,0,0,0,0,0,0,3,3,0,7,60,4,0,0,1,30,4,4,0,0,60.0,1.0,0,0,0,1,2,1,0,0,0,0,0,0,60;59;45;50,,,214,0,0,3,3,0,0,1.0,0,0,0,0,0
2023,14,DEN,REG,LAC,21,33,224,2,1,2,-8,0,0,167,184,9,-2.215620399234659,-1.2121571103731799,0,31,106,1,0,0,9,-5.113557751465123,0,21,30,224,2,0,0,167,184,9,3.4323733980270736,0,0,32,16,20,6,55,2,6.0,68.0,9,1,4,9,0,0,0,0,0,0,1,1,0,4,26,3,2,25,0,0,1,1,0,0,23.0,1.0,0,1,0,0,0,0,0,0,0,0,0,0,23,,,23,0,0,3,3,0,0,1.0,0,0,0,0,0
2023,14,DET,REG,CHI,20,35,161,1,2,4,-34,0,0,238,83,7,-6.335564998094924,-10.701989733120977,0,24,140,1,2,1,7,-2.9667776257847436,0,20,34,161,1,0,0,238,83,7,0.3746272911084816,0,0,35,4,30,5,32,1,3.0,29.0,8,0,0,4,0,0,0,0,0,0,0,0,0,8,59,4,2,18,1,22,0,0,0,0,,,0,0,0,0,0,0,0,0,0,0,0,0,,,,0,0,0,1,2,1,0,0.5,0,0,0,0,0
2023,14,GB,REG,NYG,25,39,218,1,1,2,-15,0,0,231,134,12,-0.21791342134478953,1.1396189269266654,0,25,123,1,1,1,6,-2.4115505872613285,0,25,38,218,1,0,0,231,134,12,2.7488632953157204,0,0,38,3,13,4,8,0,0.0,0.0,2,0,0,0,0,2,0,0,1,1,2,2,0,4,39,5,3,7,1,25,3,4,1,0,48.0,0.75,0,0,2,1,0,0,0,0,0,1,0,0,36;32;48,45,,116,45,0,1,1,0,0,1.0,0,0,0,0,0
2023,14,HOU,REG,NYJ,11,28,95,0,0,5,-41,1,0,275,48,4,-25.50267126702238,-24.21834336386787,0,19,81,1,0,0,4,-1.9154541715688538,0,11,27,95,0,0,0,275,48,4,-15.197215034859255,0,0,44,4,16,8,47,1,4.0,33.0,9,0,0,3,0,1,0,0,1,1,1,1,0,4,35,2,2,22,0,0,0,0,0,0,,,0,0,0,0,0,0,0,0,0,0,0,0,,,,0,0,0,0,1,1,0,0.0,0,0,0,0,0
2023,14,IND,REG,CIN,26,39,240,1,1,3,-14,0,0,237,110,14,0.6185343260919751,-2.8202073354470114,1,18,46,0,0,0,4,-3.2808748753741384,0,26,38,240,1,0,0,237,110,14,5.881214338155331,1,0,32,13,23,3,13,0,0.0,0.0,3,1,36,4,1,1,0,0,0,0,0,0,0,9,66,4,1,0,1,17,0,1,1,0,,0.0,0,0,0,0,0,0,0,0,1,0,0,0,,38,,0,38,0,0,1,1,0,0.0,0,0,0,0,0
2023,14,JAX,REG,CLE,28,50,257,3,3,4,-22,0,0,495,120,16,-7.259173207261367,-2.8460220414765036,0,20,58,1,0,0,2,-4.158650413213763,0,28,49,257,3,1,1,495,120,16,-1.1085002254403662,0,0,41,6,18,1,1,2,1.0,4.0,3,1,11,7,0,0,0,0,0,0,2,2,0,7,40,6,5,63,2,34,0,0,0,0,,,0,0,0,0,0,0,0,0,0,0,0,0,,,,0,0,0,3,3,0,0,1.0,0,0,0,0,0
2023,14,KC,REG,BUF,25,43,271,1,1,1,-7,0,0,285,158,14,-2.9969492363316514,-3.585071403246659,0,18,82,1,0,0,6,3.834501035977155,0,25,39,271,1,1,1,285,158,14,-2.3340490070404485,0,0,39,2,26,3,24,0,3.0,24.0,10,1,4,7,0,0,0,0,0,0,0,0,0,7,45,3,3,49,0,0,1,1,0,0,27.0,1.0,0,1,0,0,0,0,0,0,0,0,0,0,27,,,27,0,0,2,2,0,0,1.0,0,0,0,0,0
2023,14,LA,REG,BAL,23,41,294,3,0,2,-12,0,0,385,143,14,5.60173018331353,0.26274881301781927,0,30,128,0,0,0,5,1.892846996197477,0,23,39,294,3,0,0,385,143,14,9.89743774031468,0,0,41,4,14,2,7,0,2.0,6.0,5,1,17,3,0,2,1,0,2,2,0,0,0,5,34,5,3,9,1,22,3,3,0,0,51.0,1.0,0,1,1,0,1,0,0,0,0,0,0,0,27;51;36,,,114,0,0,2,2,0,0,1.0,0,0,0,0,0
2023,14,LAC,REG,DEN,22,42,275,0,1,6,-68,2,1,338,111,13,-26.71825661091134,-15.09627761637292,0,19,76,1,0,0,3,-4.838111324002966,0,22,41,275,0,0,0,338,111,13,-11.236797507590381,0,0,36,12,20,2,9,0,2.0,8.0,5,1,0,4,0,0,0,0,1,1,0,0,0,2,10,3,0,0,2,44,0,0,0,0,,,0,0,0,0,0,0,0,0,0,0,0,0,,,,0,0,0,1,1,0,0,1.0,0,0,0,0,0
2023,14,LV,REG,MIN,21,32,171,0,1,4,-25,0,0,144,120,5,-19.20355119294254,-6.525680628316156,0,17,56,0,0,0,4,-0.846225198067259,0,21,29,171,0,1,1,144,120,5,-15.269021949730814,0,0,47,8,18,7,50,0,5.0,47.0,11,0,0,4,0,0,0,0,1,1,0,0,0,4,37,6,5,56,1,16,0,0,0,0,,,0,0,0,0,0,0,0,0,0,0,0,0,,,,0,0,0,0,0,0,0,,0,0,0,0,0
2023,14,MIA,REG,TEN,23,33,240,0,0,5,-32,1,1,252,84,9,-7.4380432093967865,2.0924063342990316,0,31,158,2,0,0,11,4.788505994795774,0,23,33,240,0,0,0,252,84,9,4.78677331539988,0,0,37,5,25,2,8,1,1.0,7.0,8,1,5,10,1,0,0,0,1,1,2,2,0,7,61,6,0,0,4,99,2,3,0,1,31.0,0.6666666666666666,0,1,1,0,0,0,0,0,0,0,0,0,20;31,,44,51,0,44,3,3,0,0,1.0,0,0,0,0,0
2023,14,MIN,REG,LV,19,36,146,0,0,5,-47,0,0,259,47,9,-12.121390649412039,-12.107166738221139,0,30,132,0,0,0,6,-2.298959773353346,0,19,33,146,0,0,0,259,47,9,0.5658933669293984,0,0,32,5,25,4,25,1,4.0,25.0,5,1,0,2,0,0,0,0,0,0,2,2,0,5,36,4,5,48,1,31,1,2,1,0,36.0,0.5,0,0,1,0,0,0,0,0,0,1,0,0,36,49,,36,49,0,0,0,0,0,,0,0,0,0,0
2023,14,NE,REG,PIT,19,28,240,3,1,2,-18,0,0,197,137,11,1.2988814690033905,4.395516789876499,0,25,81,0,0,0,3,-4.562009611167014,0,19,26,240,3,0,0,197,137,11,5.535688322328497,0,0,32,10,36,5,16,0,2.0,8.0,6,1,32,4,0,0,0,0,0,0,0,0,0,7,59,3,0,0,1,24,0,0,0,0,,,0,0,0,0,0,0,0,0,0,0,0,0,,,,0,0,0,3,3,0,0,1.0,0,0,0,0,0
2023,14,NO,REG,CAR,18,26,119,2,1,1,-9,0,0,109,42,8,-9.563635846828337,8.525597100908108,0,25,97,1,0,0,5,0.016763497493229806,0,18,22,119,2,0,0,109,42,8,-0.42825653933687136,0,0,46,7,21,4,18,3,4.0,38.0,8,0,0,8,0,0,0,0,0,0,2,2,1,3,30,2,2,23,1,28,0,1,1,0,,0.0,0,0,0,0,0,0,0,1,0,0,0,0,,29,,0,29,0,4,4,0,0,1.0,0,0,0,0,0
2023,14,NYG,REG,GB,17,21,158,1,0,0,0,0,0,138,65,8,5.1811854265103605,15.555140227079391,0,34,209,2,1,1,10,-4.644643642688152,0,17,20,158,1,0,0,138,65,8,6.557260014436629,0,0,38,4,30,2,6,2,2.0,15.0,9,1,21,6,0,1,0,0,0,0,2,2,0,5,47,5,1,0,1,0,1,2,1,0,37.0,0.5,0,0,1,0,0,0,0,0,0,1,0,0,37,48,,37,48,0,3,3,0,0,1.0,1,1,0,0,37
2023,14,NYJ,REG,HOU,27,36,301,2,0,4,-33,0,0,238,138,15,7.829823942284431,10.181872844696045,0,26,79,1,1,1,5,-8.274230357583003,0,27,35,301,2,0,0,238,138,15,16.38883110096199,0,0,22,4,20,6,36,0,4.0,32.0,6,0,0,10,0,0,0,0,0,0,0,0,0,8,52,3,3,17,0,0,3,3,0,0,55.0,1.0,0,0,0,1,2,0,0,0,0,0,0,0,51;55;44,,,150,0,0,3,3,0,0,1.0,0,0,0,0,0
2023,14,PHI,REG,DAL,19,28,225,0,0,1,-7,0,0,293,96,10,6.758030508511172,0.4739835858345032,0,23,106,0,1,1,6,-5.415025042544585,0,19,28,225,0,2,2,293,96,10,-2.7335638951799526,0,0,37,9,29,3,14,1,3.0,15.0,3,0,0,9,0,0,0,0,0,0,1,1,1,10,95,1,1,18,0,0,2,2,0,0,52.0,1.0,0,0,0,1,1,0,0,0,0,0,0,0,52;44,,,96,0,0,1,1,0,0,1.0,0,0,0,0,0
2023,14,PIT,REG,NE,22,36,190,1,1,2,-8,0,0,278,109,10,-15.707354150780809,-5.3144689968654095,1,28,82,1,0,0,5,-4.482617042143829,0,22,35,190,1,0,0,278,109,10,-10.559430652923648,1,0,31,6,22,5,21,0,2.0,18.0,2,1,30,3,0,1,0,0,1,1,0,0,0,1,5,6,3,10,2,42,1,1,0,0,56.0,1.0,0,0,0,0,1,0,0,0,0,0,0,0,56,,,56,0,0,1,1,0,0,1.0,0,0,0,0,0
2023,14,SEA,REG,SF,22,31,269,2,2,4,-15,0,0,235,167,11,-1.183312508932314,0.7781254668389602,0,20,70,0,0,0,6,-5.675060354464222,0,22,31,269,2,0,0,235,167,11,6.857338006433565,0,0,34,7,17,3,17,1,3.0,14.0,7,1,7,5,0,0,0,0,0,0,1,1,0,5,39,3,1,8,2,53,1,1,0,0,40.0,1.0,0,0,0,1,0,0,0,0,0,0,0,0,40,,,40,0,0,1,1,0,0,1.0,0,0,0,0,0
2023,14,SF,REG,SEA,19,27,368,2,1,3,-14,0,0,272,175,12,12.758138486300595,6.30596191794784,0,23,173,2,0,0,7,2.659392468398437,0,19,27,368,2,1,1,272,175,12,11.829903197707608,0,0,35,5,21,5,20,0,4.0,15.0,5,2,13,7,0,0,0,0,0,0,0,0,0,5,30,1,3,27,2,42,0,0,0,0,,,0,0,0,0,0,0,0,0,0,0,0,0,,,,0,0,0,4,4,0,0,1.0,0,0,0,0,0
2023,14,TB,REG,ATL,14,29,144,2,0,1,-2,0,0,283,101,8,2.4492407522937616,-17.7605966041828,0,37,148,1,1,0,8,-4.60179724728604,0,14,29,144,2,0,0,283,101,8,3.814546138078939,0,0,37,5,31,2,9,2,3.0,9.0,3,1,0,8,0,0,1,0,2,2,0,0,0,4,26,2,2,26,1,29,2,2,0,0,55.0,1.0,0,0,1,0,1,0,0,0,0,0,0,0,55;38,,,93,0,0,3,3,0,0,1.0,0,0,0,0,0
2023,14,TEN,REG,MIA,23,38,327,1,1,1,-7,0,0,362,126,16,8.76507234698824,3.04656682742966,1,29,83,2,1,1,6,-5.47821370390011,0,23,36,327,1,1,0,362,126,16,12.292162422937913,1,0,48,4,16,6,36,1,5.0,32.0,7,0,0,3,0,1,0,11,0,1,1,1,0,9,59,4,4,30,1,23,2,2,0,0,28.0,1.0,0,2,0,0,0,0,0,0,0,0,0,0,28;23,,,51,0,0,2,2,0,0,1.0,0,0,0,0,0
2023,15,ARI,REG,SF,26,39,211,1,2,3,-9,1,0,235,109,12,-7.355165062213153,-0.9985235960859994,0,30,234,2,2,0,12,7.631627841969021,0,26,38,211,1,2,0,235,109,12,-4.344476379136857,0,0,23,7,25,2,8,0,0.0,0.0,1,0,0,5,0,0,0,0,4,5,0,0,0,4,28,3,1,0,0,0,3,3,0,0,58.0,1.0,0,1,0,1,1,0,0,0,0,0,0,0,58;43;28,,,129,0,0,2,2,0,0,1.0,0,0,0,0,0
2023,15,ATL,REG,CAR,12,20,152,1,1,0,0,0,0,142,76,8,3.120557009911863,-2.9327411400644423,0,31,52,0,2,1,5,-18.257076595531544,0,12,19,152,1,0,0,142,76,8,4.331666293757735,0,0,36,6,28,4,15,1,3.0,13.0,5,0,0,0,0,0,0,0,2,3,0,0,0,4,25,5,2,9,3,43,0,0,0,0,,,0,0,0,0,0,0,0,0,0,0,0,0,,,,0,0,0,1,1,0,0,1.0,0,0,0,0,0
2023,15,BAL,REG,JAX,14,24,171,1,1,3,-26,0,0,193,72,9,-3.565044596736317,3.1668916992519227,0,42,251,1,0,0,16,5.366964441695018,0,14,23,171,1,0,0,193,72,9,3.927646573512621,0,0,36,2,16,3,5,1,1.0,6.0,4,0,0,2,0,0,0,0,0,0,2,2,0,6,54,2,1,3,0,0,3,3,0,0,43.0,1.0,0,1,1,1,0,0,0,0,0,0,0,0,43;26;34,,,103,0,0,2,2,0,0,1.0,0,0,0,0,0
2023,15,BUF,REG,DAL,7,15,94,1,0,1,-9,0,0,118,47,5,-0.4609956982137855,-10.162527973835289,0,49,266,3,1,0,20,12.025423074082937,0,7,13,94,1,0,0,118,47,5,2.871506688726392,0,0,34,4,18,4,23,0,3.0,28.0,7,1,8,7,0,0,0,0,1,1,0,0,0,1,15,2,2,32,2,28,1,1,0,0,23.0,1.0,0,1,0,0,0,0,0,0,0,0,0,0,23,,,23,0,0,4,4,0,0,1.0,0,0,0,0,0
2023,15,CAR,REG,ATL,18,24,167,0,0,3,-13,1,0,200,57,7,-3.8838832685988898,13.577988743782043,0,36,129,0,0,0,8,-10.426086510183868,0,18,23,167,0,0,0,200,57,7,0.7011541684237654,0,0,26,8,30,2,4,1,0.0,0.0,1,1,2,2,0,1,0,0,2,2,1,1,0,4,35,2,1,0,0,0,3,3,0,0,34.0,1.0,0,2,1,0,0,0,0,0,0,0,0,0,34;25;23,,,82,0,0,0,0,0,0,,1,1,0,0,23
2023,15,CHI,REG,CLE,19,40,166,1,2,3,-18,1,0,432,96,6,-15.480020451794951,-7.541950770786827,0,27,88,0,1,0,5,-6.301660860684933,0,19,35,166,1,0,0,432,96,6,-4.753481500344458,0,0,39,6,22,4,15,1,4.0,31.0,8,3,106,9,1,2,0,0,2,2,0,0,0,4,19,5,5,23,0,0,1,1,0,0,41.0,1.0,0,0,0,1,0,0,0,0,0,0,0,0,41,,,41,0,0,2,2,0,0,1.0,0,0,0,0,0
2023,15,CIN,REG,MIN,29,42,324,2,1,5,-26,0,0,377,160,17,7.988712398294988,4.540070667862892,0,22,80,1,1,0,5,0.1414275667764957,0,29,40,324,2,0,0,377,160,17,16.50697760298499,0,0,40,4,36,3,14,0,3.0,22.0,11,2,16,4,0,0,0,0,1,1,0,0,0,3,26,7,3,18,0,0,2,2,0,0,34.0,1.0,0,1,1,0,0,0,0,0,0,0,0,0,34;29,,,63,0,0,3,3,0,0,1.0,1,1,0,0,29
2023,15,CLE,REG,CHI,29,45,379,2,3,4,-31,1,0,377,168,13,-15.327939160450907,-1.777214286002242,0,18,29,0,0,0,2,-9.485784977973971,0,29,44,379,2,0,0,377,168,13,-6.2361596364561365,0,0,41,4,12,10,42,1,3.0,18.0,7,2,6,8,0,0,0,0,0,0,1,1,0,9,48,6,4,23,1,15,2,2,0,0,34.0,1.0,0,0,2,0,0,0,0,0,0,0,0,0,33;34,,,67,0,0,2,2,0,0,1.0,0,0,0,0,0
2023,15,DAL,REG,BUF,21,34,134,0,1,3,-28,0,0,256,52,6,-12.449003155246528,-4.110100958496332,0,20,89,1,0,0,8,7.0806698419037275,0,21,32,134,0,0,0,256,52,6,-3.187880849834683,0,0,35,6,34,2,13,1,1.0,9.0,4,0,0,2,0,0,0,0,0,0,0,0,0,5,48,2,0,0,2,43,1,1,0,0,32.0,1.0,0,0,1,0,0,0,0,0,0,0,0,0,32,,,32,0,0,1,1,0,0,1.0,0,0,0,0,0
2023,15,DEN,REG,DET,18,32,223,1,0,2,-19,1,1,232,137,12,-2.3929814262664877,-9.143541101366282,0,28,83,1,0,0,7,-5.429097376472782,0,18,32,223,1,0,0,232,137,12,7.525444796599913,0,0,38,8,18,5,24,0,2.0,15.0,7,0,0,3,0,0,0,0,0,0,0,0,0,4,40,4,0,0,2,35,1,1,0,0,23.0,1.0,0,1,0,0,0,0,0,0,0,0,0,0,23,,,23,0,0,2,2,0,0,1.0,0,0,0,0,0
2023,15,DET,REG,DEN,24,34,278,5,0,2,-15,0,0,290,121,18,15.231727600214072,8.09455318376422,0,28,185,1,0,0,10,5.892149534658529,0,24,32,278,5,0,0,290,121,18,21.50557173549896,0,0,32,3,27,3,16,1,2.0,19.0,8,0,0,8,0,0,0,0,0,0,1,1,0,2,54,2,2,8,1,26,0,0,0,0,,,0,0,0,0,0,0,0,0,0,0,0,0,,,,0,0,0,6,6,0,0,1.0,0,0,0,0,0
2023,15,GB,REG,TB,29,39,284,2,0,2,-23,1,1,247,133,13,3.926120546559819,11.514439930518467,0,17,60,0,0,0,4,-2.1224935785285197,0,29,36,284,2,1,0,247,133,13,10.532387799554986,0,0,36,5,21,3,23,1,5.0,28.0,4,0,0,3,0,0,0,0,1,1,1,1,0,4,31,4,0,0,2,28,2,2,0,0,36.0,1.0,0,0,2,0,0,0,0,0,0,0,0,0,36;33,,,69,0,0,2,2,0,0,1.0,0,0,0,0,0
2023,15,HOU,REG,TEN,23,36,229,1,1,4,-37,0,0,276,103,12,-2.7170289373091396,0.4695285769069896,0,32,148,0,1,0,8,-5.227707064898837,0,23,34,229,1,0,0,276,103,12,3.986059134033651,0,0,39,7,29,11,51,1,7.0,61.0,11,1,0,6,0,0,0,0,1,2,0,0,0,8,67,7,2,33,3,71,4,4,0,0,54.0,1.0,0,2,0,0,2,0,0,0,0,0,0,0,23;27;53;54,,,157,0,0,1,1,0,0,1.0,1,1,0,0,54
2023,15,IND,REG,PIT,18,28,215,3,0,3,-13,0,0,213,111,8,-0.6965998019654949,-2.7802215682135714,0,34,170,0,0,0,9,3.1935570396357518,0,18,27,215,3,0,0,213,111,8,4.8180702191680025,0,0,29,6,28,5,26,1,4.0,30.0,9,2,43,3,0,0,0,0,0,0,1,1,0,2,10,3,3,38,0,0,3,5,2,0,42.0,0.6,0,1,1,1,0,0,0,0,0,1,1,0,29;31;42,56;43,,102,99,0,3,3,0,0,1.0,0,0,0,0,0
2023,15,JAX,REG,BAL,25,43,264,1,0,1,-6,1,1,431,95,9,-12.136260574116172,-4.495673165434885,0,17,75,0,1,1,7,-1.633733450958971,0,25,42,264,1,0,0,431,95,9,-5.238137147345846,0,0,47,3,21,3,26,0,3.0,26.0,9,1,18,2,0,0,0,0,0,0,0,0,0,6,47,6,1,17,3,91,0,2,2,0,,0.0,0,0,0,0,0,0,0,0,0,0,2,0,,50;55,,0,105,0,1,1,0,0,1.0,0,0,0,0,0
2023,15,KC,REG,NE,28,38,309,3,2,3,-26,0,0,211,214,15,3.2147259729478,10.56566502366747,0,20,43,0,0,0,2,-9.478615979198366,0,28,35,309,3,1,0,211,214,15,11.400336225147495,0,0,35,7,19,6,23,2,4.0,26.0,6,1,24,5,0,0,0,0,2,2,0,0,0,2,15,3,2,33,0,0,2,3,1,0,54.0,0.6666666666666666,0,1,0,0,1,0,0,0,1,0,0,0,29;54,39,,83,39,0,3,3,0,0,1.0,0,0,0,0,0
2023,15,LA,REG,WAS,25,33,258,2,0,3,-9,0,0,172,141,10,7.8747364520776735,6.267043296247721,0,37,196,1,1,1,12,-4.563045662056422,1,25,32,258,2,1,1,172,141,10,8.765861106482653,0,0,27,5,19,3,12,0,1.0,8.0,4,1,2,9,0,0,0,0,0,0,0,0,0,5,36,6,1,4,0,0,2,3,1,0,27.0,0.6666666666666666,0,2,0,0,0,0,0,0,0,1,0,0,22;27,43,,49,43,0,2,2,0,0,1.0,0,0,0,0,0
2023,15,LAC,REG,LV,23,32,257,3,1,3,-23,2,2,149,174,13,-10.32050233357586,1.9826508337451583,0,28,92,0,1,1,4,-13.295755831175484,0,23,31,257,3,1,0,149,174,13,7.87905534170568,0,0,26,8,30,2,7,0,1.0,6.0,3,0,0,9,0,1,0,0,1,1,0,0,0,6,65,2,3,44,5,116,0,0,0,0,,,0,0,0,0,0,0,0,0,0,0,0,0,,,,0,0,0,3,3,0,0,1.0,0,0,0,0,0
2023,15,LV,REG,LAC,22,36,260,5,0,1,-6,0,0,303,95,13,12.3238797794329,-4.615045032080482,0,26,124,2,0,0,6,3.581411856226623,0,22,34,260,5,0,0,303,95,13,16.01589343312662,0,0,41,4,30,3,12,5,3.0,23.0,6,1,16,4,1,0,0,0,0,0,4,4,1,4,30,4,2,24,1,25,0,0,0,0,,,0,0,0,0,0,0,0,0,0,0,0,0,,,,0,0,0,9,9,0,0,1.0,0,0,0,0,0
2023,15,MIA,REG,NYJ,23,26,228,1,0,3,-15,0,0,88,164,9,7.333328738164505,13.44032367834678,0,28,77,2,0,0,5,-1.614309770433465,0,23,26,228,1,0,0,88,164,9,11.989949468829836,0,0,22,8,18,4,19,2,6.0,56.0,14,2,40,9,0,0,0,0,0,0,2,2,0,9,65,3,4,53,0,0,3,3,0,0,37.0,1.0,0,1,2,0,0,0,0,0,0,0,0,0,37;27;35,,,99,0,0,3,3,0,0,1.0,0,0,0,0,0
2023,15,MIN,REG,CIN,26,34,303,2,2,3,-22,0,0,235,137,16,11.346832891961284,15.623572003096342,0,30,143,1,0,0,8,-1.9064571828348562,0,26,32,303,2,0,0,235,137,16,18.758226905722594,0,0,46,5,13,6,28,1,5.0,26.0,7,1,1,6,0,0,0,0,0,0,0,0,0,4,22,3,4,22,1,14,1,1,0,0,39.0,1.0,0,0,1,0,0,0,0,0,0,0,0,0,39,,,39,0,0,3,3,0,0,1.0,0,0,0,0,0
2023,15,NE,REG,KC,23,31,180,1,1,4,-26,1,0,129,95,9,-12.918295838332739,1.4648669189022443,0,16,52,1,0,0,1,-3.261763997101884,0,23,31,180,1,0,0,129,95,9,-7.207483490624469,0,0,37,6,16,5,31,1,3.0,26.0,4,2,22,3,0,2,0,0,1,1,0,0,0,5,45,3,2,19,3,84,1,2,1,0,25.0,0.5,0,1,0,0,0,0,0,0,0,1,0,0,25,41,,25,41,0,2,2,0,0,1.0,0,0,0,0,0
2023,15,NO,REG,NYG,23,29,218,3,0,1,-9,0,0,186,94,11,9.348633564473369,8.754136626209533,0,28,87,0,0,0,7,-4.526319234748371,0,23,28,218,3,0,0,186,94,11,13.360883079865255,0,0,38,5,13,9,60,0,7.0,57.0,8,0,0,5,0,0,0,0,0,0,0,0,0,6,58,3,3,35,2,36,1,1,0,0,50.0,1.0,0,0,0,0,1,0,0,0,0,0,0,0,50,,,50,0,0,3,3,0,0,1.0,0,0,0,0,0
2023,15,NYG,REG,NO,22,38,190,0,0,7,-57,0,0,233,127,7,-14.236717990693965,-9.470215878065897,0,16,60,0,0,0,3,-3.5217584303961313,0,22,34,190,0,0,0,233,127,7,0.7375477590830997,0,0,39,5,17,2,10,0,1.0,9.0,2,0,0,0,0,0,0,0,0,0,0,0,0,5,32,5,2,15,0,0,2,2,0,0,56.0,1.0,0,0,0,1,1,0,0,0,0,0,0,0,56;40,,,96,0,0,0,0,0,0,,0,0,0,0,0
2023,15,NYJ,REG,MIA,18,37,136,0,2,6,-56,2,2,264,62,9,-23.270627905294532,-9.259666637940843,0,12,23,0,0,0,0,-7.8802386652096175,0,18,33,136,0,0,0,264,62,9,-5.52432856845553,0,0,38,10,26,5,12,0,3.0,15.0,5,0,0,2,0,0,0,0,0,0,0,0,0,7,55,3,0,0,0,0,0,0,0,0,,,0,0,0,0,0,0,0,0,0,0,0,0,,,,0,0,0,0,0,0,0,,0,0,0,0,0
2023,15,PHI,REG,SEA,17,31,143,0,2,0,0,0,0,295,47,9,1.71635226032231,-8.002129644155502,0,38,178,2,0,0,13,6.1721426398285715,0,17,30,143,0,0,0,295,47,9,2.191218482097611,0,0,35,3,19,5,22,0,2.0,11.0,3,0,0,2,0,0,0,0,0,0,0,0,0,5,40,4,3,30,1,13,1,1,0,0,27.0,1.0,0,1,0,0,0,0,0,0,0,0,0,0,27,,,27,0,0,2,2,0,0,1.0,0,0,0,0,0
2023,15,PIT,REG,IND,18,26,172,1,2,4,-30,0,0,261,50,9,-8.083624810562469,2.044382347510412,0,24,74,1,1,1,4,-9.19404238477,0,18,26,172,1,0,0,261,50,9,1.0034037791774608,0,0,43,7,19,3,13,0,3.0,13.0,5,0,0,4,0,0,0,0,0,0,0,0,0,8,101,3,0,0,2,65,0,0,0,0,,,0,0,0,0,0,0,0,0,0,0,0,0,,,,0,0,0,1,2,1,0,0.5,0,0,0,0,0
2023,15,SEA,REG,PHI,22,33,208,1,0,2,-11,0,0,247,83,7,3.265447533214444,-1.1112026870250702,0,24,100,1,0,0,7,0.07816560141509399,0,22,32,208,1,0,0,247,83,7,7.799918749238608,0,0,44,6,20,4,12,0,0.0,0.0,0,2,0,6,0,0,0,0,0,0,0,0,0,5,35,3,2,7,0,0,2,2,0,0,43.0,1.0,0,1,0,1,0,0,0,0,0,0,0,0,26;43,,,69,0,0,2,2,0,0,1.0,0,0,0,0,0
2023,15,SF,REG,ARI,18,28,262,4,0,0,0,0,0,350,111,12,18.210799789998596,5.580190855723162,0,26,144,1,0,0,9,0.9544020918256138,0,18,26,262,4,0,0,350,111,12,18.862107218021443,0,0,47,4,10,3,22,3,3.0,9.0,4,2,79,3,1,0,0,0,0,0,0,0,0,1,5,3,1,4,1,18,1,1,0,0,43.0,1.0,0,0,0,1,0,0,0,0,0,0,0,0,43,,,43,0,0,6,6,0,0,1.0,0,0,0,0,0
2023,15,TB,REG,GB,22,28,381,4,0,5,-28,1,1,253,182,18,23.46660046726831,14.231521553463404,0,27,99,0,0,0,3,-6.134028051455971,0,22,27,381,4,0,0,253,182,18,34.10397836047923,0,0,32,6,22,5,8,2,2.0,23.0,6,0,0,2,0,0,0,0,0,0,1,1,0,4,52,5,1,13,0,0,2,2,0,0,46.0,1.0,0,0,1,1,0,0,0,0,0,0,0,0,39;46,,,85,0,0,4,4,0,0,1.0,0,0,0,0,0
2023,15,TEN,REG,HOU,17,26,199,0,1,7,-61,1,0,398,47,8,-5.730502565711504,7.893024499599752,0,30,66,1,0,0,6,-5.7288496119122865,0,17,26,199,0,0,0,398,47,8,3.965997781167971,0,0,44,15,23,7,50,0,4.0,37.0,6,1,44,6,1,0,0,0,0,0,0,0,0,5,50,4,4,17,1,19,1,1,0,0,45.0,1.0,0,0,0,1,0,0,0,0,0,0,0,0,45,,,45,0,0,1,2,1,0,0.5,0,0,0,0,0
2023,15,WAS,REG,LA,19,36,226,3,1,1,-8,0,0,364,54,9,-3.1502472131396644,-8.622108575175794,0,21,79,0,0,0,4,-5.227423360716784,0,19,34,226,3,0,0,364,54,9,0.5394929556641728,0,0,33,8,50,5,22,2,3.0,9.0,6,0,0,2,0,0,0,0,1,2,2,2,0,3,28,4,1,15,3,63,0,0,0,0,,,0,0,0,0,0,0,0,0,0,0,0,0,,,,0,0,0,2,3,0,1,0.6666666666666666,0,0,0,0,0
2023,16,ARI,REG,CHI,24,38,230,2,0,2,-17,0,0,221,179,10,-6.721867545639856,-5.654622654657107,0,20,93,0,1,0,6,-2.851829623512458,0,24,37,230,2,0,0,221,179,10,-3.4480894924646637,0,0,37,3,29,2,2,0,1.0,0.0,1,1,0,6,0,0,0,0,0,1,0,0,0,2,8,5,1,4,3,87,1,1,0,0,55.0,1.0,0,0,0,0,1,0,0,0,0,0,0,0,55,,,55,0,0,1,1,0,0,1.0,0,0,0,0,0
2023,16,ATL,REG,IND,23,33,229,1,0,1,0,0,0,150,129,14,7.642198999814564,-0.5230485461652279,0,30,177,1,1,0,9,0.5528144405423823,0,23,32,229,1,0,0,150,129,14,8.23691731973642,0,0,34,7,23,6,31,1,6.0,31.0,11,1,0,6,0,0,0,0,1,2,0,0,0,4,35,4,3,11,0,0,5,5,0,0,47.0,1.0,0,2,1,2,0,0,0,0,0,0,0,0,23;47;41;35;25,,,171,0,0,2,2,0,0,1.0,0,0,0,0,0
2023,16,BAL,REG,SF,23,35,252,2,0,2,-11,0,0,171,148,14,4.920349201298974,-1.7495675998575528,0,26,102,1,0,0,4,-1.0114500363124534,0,23,34,252,2,0,0,171,148,14,11.099238011864669,0,0,33,2,24,5,29,0,4.0,28.0,9,5,53,11,0,0,0,0,0,0,0,0,0,6,67,3,1,23,2,44,4,4,0,0,41.0,1.0,0,3,0,1,0,0,0,0,0,0,0,0,28;41;28;24,,,121,0,0,3,3,0,0,1.0,0,0,0,0,0
2023,16,BUF,REG,LAC,15,21,237,1,1,1,-7,0,0,277,83,11,10.033300907642115,7.967484139260794,0,30,105,2,2,1,5,-6.451912056930687,0,15,21,237,1,0,0,277,83,11,11.457460992096458,0,0,41,13,19,7,46,0,5.0,40.0,6,0,0,3,0,1,0,0,1,1,0,0,0,7,64,4,3,11,1,17,1,1,0,0,29.0,1.0,0,1,0,0,0,0,0,0,0,0,0,0,29,,,29,0,0,3,3,0,0,1.0,1,1,0,0,29
2023,16,CAR,REG,GB,23,36,312,2,0,2,-14,0,0,372,107,14,10.878574913417077,9.52161643654108,0,25,96,2,1,0,9,-0.701561321635265,1,23,32,312,2,1,0,372,107,14,17.26088168977582,0,0,30,4,38,1,12,1,1.0,12.0,2,0,0,1,0,0,0,0,2,2,0,0,0,8,87,6,0,0,5,114,1,1,0,0,52.0,1.0,0,0,0,0,1,0,0,0,0,0,0,0,52,,,52,0,0,1,3,2,0,0.3333333333333333,0,0,0,0,0
2023,16,CHI,REG,ARI,15,27,170,1,1,1,0,0,0,282,35,8,-3.621005084270454,2.1331640689269373,0,39,250,2,0,0,13,11.42740199644372,0,15,23,170,1,0,0,282,35,8,-0.6994816452710246,0,0,40,1,11,5,22,0,2.0,17.0,4,0,0,6,0,0,0,0,0,0,0,0,0,5,35,3,1,11,1,26,2,2,0,0,49.0,1.0,0,1,0,1,0,0,0,0,0,0,0,0,49;29,,,78,0,0,3,3,0,0,1.0,0,0,0,0,0
2023,16,CIN,REG,PIT,28,42,335,1,3,3,-26,1,0,247,194,13,-7.586249561096868,-0.0488368421792984,1,16,59,0,0,0,3,-5.3727953501511365,0,28,40,335,1,0,0,247,194,13,2.4663367911811447,1,0,20,8,38,2,7,1,1.0,6.0,3,0,0,3,0,0,0,0,1,1,0,0,0,3,20,3,1,5,0,0,1,1,0,0,35.0,1.0,0,0,1,0,0,0,0,0,0,0,0,0,35,,,35,0,0,0,0,0,0,,0,0,0,0,0
2023,16,CLE,REG,HOU,28,44,374,3,2,1,-10,0,0,468,115,19,15.792395338081523,3.523220295129822,1,30,54,2,0,0,4,-7.060604566766182,1,28,43,374,3,0,0,468,115,19,20.38681116887904,1,0,42,3,13,5,35,1,3.0,33.0,6,2,8,12,0,0,0,0,0,0,0,0,0,9,55,5,2,18,1,36,0,0,0,0,,,0,0,0,0,0,0,0,0,0,0,0,0,,,,0,0,0,2,2,0,0,1.0,0,0,0,0,0
2023,16,DAL,REG,MIA,20,32,253,2,0,4,-11,0,0,177,112,9,8.432478624566755,-1.7844375222921371,0,25,97,0,1,1,8,-4.826177714334335,0,20,32,253,2,0,0,177,112,9,13.797395215860632,0,0,34,6,24,3,7,0,1.0,9.0,5,0,0,0,0,0,0,0,0,1,0,0,0,6,38,5,1,2,1,1,2,2,0,0,43.0,1.0,0,0,1,1,0,0,0,0,0,0,0,0,43;33,,,76,0,0,2,2,0,0,1.0,0,0,0,0,0
2023,16,DEN,REG,NE,25,37,238,2,0,5,-45,2,0,324,152,10,0.9792378812834741,6.024155531610762,2,23,83,1,0,0,9,-2.437264088599477,0,25,35,238,2,1,1,324,150,10,5.285838539450429,2,0,36,3,25,2,13,1,2.0,26.0,5,0,0,1,0,0,0,0,2,2,1,1,0,2,25,6,3,59,3,29,0,1,1,0,,0.0,0,0,0,0,0,0,0,0,0,0,1,0,,57,,0,57,0,1,1,0,0,1.0,0,0,0,0,0
2023,16,DET,REG,MIN,30,40,257,1,0,1,-11,0,0,149,160,16,14.274304325256997,1.6395857700934788,0,36,143,3,1,1,9,-0.7093316096579656,0,30,39,257,1,1,0,149,160,16,16.405669723784122,0,0,30,1,15,3,22,2,4.0,38.0,11,4,33,8,0,0,0,0,0,0,0,0,0,9,52,4,0,0,0,0,1,1,0,0,37.0,1.0,0,0,1,0,0,0,0,0,0,0,0,0,37,,,37,0,0,3,4,0,1,0.75,0,0,0,0,0
2023,16,GB,REG,CAR,17,28,219,2,0,1,-12,0,0,286,94,12,11.282902940933514,-0.43881845015746157,0,34,162,2,0,0,10,5.177584706968427,0,17,26,219,2,1,0,286,94,12,14.361662829702642,0,0,30,7,29,1,7,1,2.0,14.0,10,0,0,1,0,0,0,0,1,1,0,0,0,6,67,4,2,6,2,63,2,2,0,0,53.0,1.0,0,0,1,0,1,0,0,0,0,0,0,0,53;32,,,85,0,0,3,4,1,0,0.75,1,1,0,0,32
2023,16,HOU,REG,CLE,26,49,211,2,2,3,-33,0,0,352,99,13,-14.485117858916055,-15.354486368596554,1,16,72,0,1,0,4,-3.726779116492253,0,26,48,211,2,0,0,352,99,13,-7.42990746792918,1,1,35,16,26,5,18,0,1.0,10.0,8,2,0,7,0,0,0,0,1,1,0,0,0,10,76,5,2,15,6,183,0,0,0,0,,,0,0,0,0,0,0,0,0,0,0,0,0,,,,0,0,0,2,2,0,0,1.0,0,0,0,0,0
2023,16,IND,REG,ATL,20,37,201,0,1,6,-31,0,0,370,73,14,-8.085402387826932,-9.389863439968657,0,25,92,1,0,0,4,-7.992077127069933,0,20,35,201,0,1,0,370,73,14,1.7529253440520307,0,0,38,10,24,4,10,0,1.0,0.0,3,0,0,5,0,0,0,0,1,1,0,0,0,4,29,3,0,0,0,0,1,1,0,0,33.0,1.0,0,0,1,0,0,0,0,0,0,0,0,0,33,,,33,0,0,1,1,0,0,1.0,0,0,0,0,0
2023,16,JAX,REG,TB,28,44,305,2,2,4,-37,1,1,416,109,17,-6.641557568643848,-0.7021615451032447,0,13,37,0,1,0,5,-1.11075076070847,0,28,44,305,2,1,1,416,109,17,-2.640790707333153,0,0,46,5,21,6,31,0,2.0,18.0,4,0,0,5,0,0,0,0,1,2,0,0,0,2,20,2,2,10,5,106,0,1,1,0,,0.0,0,0,0,0,0,0,0,0,0,0,1,0,,52,,0,52,0,0,0,0,0,,0,0,0,0,0
2023,16,KC,REG,LV,28,45,246,1,1,4,-23,1,0,170,206,11,-11.892093984982196,-0.21083013313572566,0,25,85,1,1,1,8,-6.653709292237181,0,28,41,246,1,0,0,170,206,11,-3.8216215987240094,0,0,26,7,13,4,20,0,2.0,14.0,6,0,0,2,0,0,0,0,1,2,0,0,0,5,44,6,3,23,3,68,0,1,1,0,,0.0,0,0,0,0,0,0,0,0,1,0,0,0,,36,,0,36,0,2,2,0,0,1.0,0,0,0,0,0
2023,16,LA,REG,NO,24,34,328,2,0,1,-3,0,0,278,128,18,15.034519595255835,7.561840768903494,0,32,133,1,0,0,4,-4.108960135257803,0,24,32,328,2,0,0,278,128,18,19.30892093661661,0,0,28,4,20,5,21,0,2.0,15.0,3,1,21,5,0,0,0,0,0,0,0,0,0,3,25,5,0,0,1,3,3,4,1,0,32.0,0.75,0,2,1,0,0,0,0,0,0,1,0,0,20;22;32,47,,74,47,0,3,3,0,0,1.0,0,0,0,0,0
2023,16,LAC,REG,BUF,23,33,215,0,0,5,-40,0,0,253,81,10,-1.0849161199779078,1.0746738873422146,0,27,98,1,0,0,6,-5.083497084036935,0,23,32,215,0,0,0,253,81,10,6.853032773468139,0,0,33,5,21,2,4,3,1.0,7.0,2,1,0,2,0,0,0,0,0,0,2,2,0,6,29,3,1,13,2,16,5,5,0,0,53.0,1.0,0,1,0,3,1,0,0,0,0,0,0,0,20;40;47;45;53,,,205,0,0,1,1,0,0,1.0,0,0,0,0,0
2023,16,LV,REG,KC,9,21,62,0,0,2,-14,0,0,157,37,3,-12.96893692768682,-16.42313803497113,0,29,157,0,0,0,8,0.08095324118062841,1,9,19,62,0,0,0,157,37,3,-7.442985037877599,0,0,46,6,20,6,25,1,4.0,23.0,10,1,33,5,1,1,0,0,1,1,1,1,1,4,20,3,1,0,0,0,2,2,0,0,35.0,1.0,0,1,1,0,0,0,0,0,0,0,0,0,24;35,,,59,0,0,0,0,0,0,,0,0,0,0,0
2023,16,MIA,REG,DAL,24,37,293,1,0,1,-9,0,0,362,96,16,7.294361547796324,1.9498675233787937,0,26,91,0,0,0,4,-6.0458792458374955,0,24,36,293,1,0,0,362,96,16,10.534070687423263,0,0,33,7,19,3,8,0,4.0,11.0,12,0,0,3,0,0,0,0,1,1,1,1,0,5,33,5,2,32,0,0,5,5,0,0,57.0,1.0,0,1,1,0,3,0,0,0,0,0,0,0,57;52;54;35;29,,,227,0,0,1,1,0,0,1.0,1,1,0,0,29
2023,16,MIN,REG,DET,22,36,411,2,4,4,-38,2,0,527,110,15,5.6913213593070395,6.212427360670905,0,11,17,1,0,0,1,-4.35147315704751,0,22,35,411,2,0,0,527,110,15,13.31312808522489,0,0,49,3,27,4,17,2,1.0,11.0,3,0,0,3,0,0,0,0,2,2,1,1,0,8,64,5,1,5,2,39,1,1,0,0,26.0,1.0,0,1,0,0,0,0,0,0,0,0,0,0,26,,,26,0,0,3,3,0,0,1.0,0,0,0,0,0
2023,16,NE,REG,DEN,25,33,256,2,0,2,-26,1,1,226,94,11,3.1802255394405154,13.425820873629664,0,21,59,0,0,0,1,-7.074035376092784,0,25,31,256,2,0,0,226,94,11,12.328571379656054,0,0,44,6,18,4,28,4,5.0,45.0,9,0,0,4,0,1,0,0,1,1,2,2,1,3,25,5,5,28,0,0,2,3,1,0,56.0,0.6666666666666666,0,0,1,0,1,0,0,0,0,1,0,0,33;56,47,,89,47,0,2,3,1,0,0.6666666666666666,1,1,0,0,56
2023,16,NO,REG,LA,27,40,319,3,1,2,-15,0,0,378,90,16,1.758674705968704,-2.9914775490760803,1,16,35,0,0,0,2,-4.805488265468739,0,27,40,319,3,0,0,378,90,16,7.622681493274402,1,0,30,13,37,3,7,0,1.0,3.0,3,0,0,3,0,0,0,0,0,0,0,0,0,3,20,4,0,0,0,0,0,0,0,0,,,0,0,0,0,0,0,0,0,0,0,0,0,,,,0,0,0,2,2,0,0,1.0,0,0,0,0,0
2023,16,NYG,REG,PHI,16,32,188,1,1,1,-2,0,0,250,96,7,-6.133056924395904,-4.745049388320358,0,26,106,1,0,0,6,2.245668881616555,1,16,27,188,1,0,0,250,96,7,-0.982417612810794,0,0,54,1,15,6,20,2,1.0,6.0,3,1,76,5,1,1,0,0,1,1,1,1,0,3,13,4,2,10,0,0,1,1,0,0,52.0,1.0,0,0,0,0,1,0,0,0,0,0,0,0,52,,,52,0,0,2,2,0,0,1.0,0,0,0,0,0
2023,16,NYJ,REG,WAS,27,49,217,1,1,0,0,0,0,124,196,12,-15.972939805726302,-12.557573053571911,0,36,164,2,1,1,12,-4.425600916467374,0,27,45,217,1,0,0,124,196,12,-12.338182206689627,0,0,28,7,17,2,6,0,1.0,13.0,4,2,16,9,0,0,0,0,0,1,1,1,0,14,150,5,1,9,3,82,3,3,0,0,54.0,1.0,0,2,0,0,1,0,0,0,0,0,0,0,25;27;54,,,106,0,0,3,3,0,0,1.0,1,1,0,0,54
2023,16,PHI,REG,NYG,24,38,301,1,1,1,-6,0,0,209,179,16,7.3838059724531355,-3.788493573665619,0,35,170,2,1,0,12,2.246847697508657,0,24,36,301,1,0,0,209,179,16,9.901589511793734,0,0,35,2,14,4,9,1,1.0,2.0,6,1,0,2,0,1,0,0,2,2,0,0,0,9,65,6,3,66,2,34,4,4,0,0,44.0,1.0,0,2,0,2,0,0,0,0,0,0,0,0,28;21;44;43,,,136,0,0,3,3,0,0,1.0,0,0,0,0,0
2023,16,PIT,REG,CIN,17,27,290,2,0,1,-6,0,0,249,179,7,8.335159954724112,4.5137619972229,0,30,113,2,0,0,9,4.4518562705488876,0,17,25,290,2,1,0,249,179,7,10.742673309629062,0,0,33,7,17,4,21,1,3.0,26.0,8,3,25,7,0,0,0,0,1,1,0,0,0,2,15,4,0,0,0,0,2,2,0,0,50.0,1.0,0,0,1,0,1,0,0,0,0,0,0,0,50;30,,,80,0,0,4,4,0,0,1.0,0,0,0,0,0
2023,16,SEA,REG,TEN,25,36,227,2,0,3,-12,1,0,232,92,14,11.052164996637064,4.425435099336835,0,20,58,0,0,0,3,-3.311909938463941,0,25,36,227,2,0,0,232,92,14,14.592306486808727,0,0,43,8,18,9,47,1,6.0,39.0,8,0,0,4,0,0,0,0,1,1,0,0,0,6,47,2,0,0,3,74,2,2,0,0,28.0,1.0,0,2,0,0,0,0,0,0,0,0,0,0,28;27,,,55,0,0,2,2,0,0,1.0,0,0,0,0,0
2023,16,SF,REG,BAL,26,46,336,1,5,4,-28,0,0,304,169,14,-18.717275930234162,-7.852102003314278,0,18,121,1,0,0,6,3.149780778796412,0,26,44,336,1,0,0,304,169,14,-11.021814804306185,0,0,36,6,32,4,11,0,2.0,11.0,4,0,0,3,0,0,1,0,0,0,0,0,0,10,102,3,1,11,3,52,1,1,0,0,45.0,1.0,0,0,0,1,0,0,0,0,0,0,0,0,45,,,45,0,0,2,2,0,0,1.0,0,0,0,0,0
2023,16,TB,REG,JAX,26,35,283,2,0,2,-18,0,0,229,95,17,12.943090209003836,7.176178864070346,0,36,70,1,0,0,4,-13.273984393570572,0,26,35,283,2,0,0,229,95,17,16.747197103767956,0,0,43,0,12,5,42,2,4.0,37.0,5,2,10,5,0,0,0,0,0,0,2,2,0,6,44,1,1,6,1,17,3,3,0,0,51.0,1.0,0,1,1,0,1,0,0,0,0,0,0,0,24;31;51,,,106,0,0,3,3,0,0,1.0,0,0,0,0,0
2023,16,TEN,REG,SEA,19,27,164,1,0,6,-39,1,0,139,87,10,-0.7911398739670403,5.650866985321045,0,31,162,1,0,0,10,6.641952065477547,0,19,25,164,1,0,0,139,87,10,5.227970345295034,0,0,30,6,22,5,17,1,3.0,12.0,4,0,0,2,0,0,0,0,1,1,0,0,0,10,97,6,1,11,1,26,1,1,0,0,33.0,1.0,0,0,1,0,0,0,0,0,0,0,0,0,33,,,33,0,0,2,2,0,0,1.0,0,0,0,0,0
2023,16,WAS,REG,NYJ,16,35,156,1,2,1,-13,0,0,197,101,7,-16.542476637259824,-21.306343376636505,0,22,102,3,0,0,7,5.943289780727355,0,16,32,156,1,0,0,197,101,7,-11.606892590614734,0,0,43,8,36,1,1,0,0.0,0.0,4,1,52,8,0,1,0,0,0,0,1,1,0,8,68,3,4,43,1,6,0,0,0,0,,,0,0,0,0,0,0,0,0,0,0,0,0,,,,0,0,0,4,4,0,0,1.0,0,0,0,0,0
2023,17,ARI,REG,PHI,25,31,232,3,1,1,-4,0,0,143,115,16,9.116396065266414,11.024515523064526,1,40,221,1,1,0,14,9.302598959473627,0,25,31,232,3,0,0,143,115,16,11.194226105089843,1,0,27,4,18,3,11,0,0.0,0.0,2,1,0,2,0,0,0,0,1,1,0,0,0,5,25,2,2,29,3,74,2,2,0,0,34.0,1.0,0,1,1,0,0,0,0,0,0,0,0,0,28;34,,,62,0,0,3,3,0,0,1.0,0,0,0,0,0
2023,17,ATL,REG,CHI,13,33,180,1,4,2,-7,0,0,338,112,5,-9.073699748284426,-22.894468065351248,0,24,134,1,1,0,9,4.782487576303538,0,13,32,180,1,0,0,338,112,5,-6.448487163662221,0,0,47,10,18,4,14,1,3.0,28.0,6,0,0,2,0,0,0,96,1,2,0,0,0,1,15,4,2,27,0,0,1,3,2,0,38.0,0.3333333333333333,0,0,1,0,0,0,0,0,0,1,1,0,38,50;42,,38,92,0,2,2,0,0,1.0,0,0,0,0,0
2023,17,BAL,REG,MIA,19,22,340,6,0,1,-9,0,0,249,157,15,33.221871485875454,25.354460694573145,0,32,160,2,1,1,8,-2.935169142263476,0,19,22,340,6,0,0,249,157,15,35.03365547716385,0,0,34,9,25,3,16,0,3.0,16.0,4,2,34,6,0,0,0,0,0,0,1,1,0,7,45,2,1,6,2,101,0,0,0,0,,,0,0,0,0,0,0,0,0,0,0,0,0,,,,0,0,0,8,8,0,0,1.0,0,0,0,0,0
2023,17,BUF,REG,NE,15,30,169,0,1,1,-15,1,0,336,61,8,-4.945098244781253,-6.945825581039712,0,37,127,2,1,0,10,-3.136404280725401,0,15,28,169,0,0,0,336,61,8,-1.5660453649103836,0,0,30,8,12,6,22,1,3.0,18.0,8,3,50,6,1,0,0,0,2,2,1,1,0,4,32,4,2,18,2,42,2,2,0,0,35.0,1.0,0,1,1,0,0,0,0,0,0,0,0,0,35;24,,,59,0,0,3,3,0,0,1.0,0,0,0,0,0
2023,17,CAR,REG,JAX,19,32,112,0,1,6,-45,0,0,257,72,5,-21.465144071611576,-4.286079156783321,0,15,57,0,0,0,2,-2.6581332123605534,0,19,31,112,0,0,0,257,72,5,-8.954747880110517,0,0,33,8,30,3,16,0,3.0,16.0,6,0,0,2,0,0,0,0,0,0,0,0,0,3,24,2,2,9,0,0,0,0,0,0,,,0,0,0,0,0,0,0,0,0,0,0,0,,,,0,0,0,0,0,0,0,,0,0,0,0,0
2023,17,CHI,REG,ATL,20,32,268,1,0,3,-28,1,0,288,132,12,5.367985639412293,4.621352950731916,0,37,192,3,0,0,10,3.8066641859477386,0,20,30,268,1,0,0,288,132,12,11.178311430356853,0,0,30,4,12,1,1,0,2.0,7.0,8,4,9,8,0,0,0,0,1,1,0,0,0,5,55,2,2,19,2,54,3,4,1,0,42.0,0.75,0,1,0,2,0,0,0,0,0,0,1,0,22;42;42,55,,106,55,0,4,4,0,0,1.0,0,0,0,0,0
2023,17,CIN,REG,KC,19,33,197,1,0,6,-38,0,0,256,112,11,0.06725446925900336,-4.470585959572948,0,32,104,1,0,0,7,-5.456644385238178,0,19,31,197,1,0,0,256,112,11,8.478203855333211,0,0,33,4,18,2,3,1,2.0,4.0,5,0,0,1,0,0,0,0,0,0,1,1,0,3,20,6,1,1,0,0,1,1,0,0,34.0,1.0,0,0,1,0,0,0,0,0,0,0,0,0,34,,,34,0,0,2,2,0,0,1.0,0,0,0,0,0
2023,17,CLE,REG,NYJ,19,29,309,3,1,1,-8,1,0,179,184,9,6.1975739089539275,-0.6283982046719265,0,28,127,1,2,1,10,-5.056203715568306,0,19,29,309,3,1,1,179,184,9,3.0186995783587918,0,0,46,6,18,7,19,1,2.0,8.0,5,1,30,7,1,0,0,0,2,3,1,1,0,4,26,2,0,0,0,0,1,1,0,0,33.0,1.0,0,0,1,0,0,0,0,0,0,0,0,0,33,,,33,0,0,4,5,1,0,0.8,0,0,0,0,0
2023,17,DAL,REG,DET,26,38,345,2,1,3,-22,1,0,394,160,13,11.299152896313496,4.549378156661987,0,21,61,0,0,0,4,-7.875702128425473,0,26,37,345,2,1,1,394,160,13,7.770870108022388,0,0,37,12,22,6,23,0,1.0,7.0,7,2,0,5,0,0,0,0,1,1,0,0,0,5,34,5,0,0,0,0,2,2,0,0,51.0,1.0,0,0,0,1,1,0,0,0,0,0,0,0,51;43,,,94,0,0,2,2,0,0,1.0,0,0,0,0,0
2023,17,DEN,REG,LAC,20,32,224,1,0,2,-12,0,0,242,174,7,4.700232412085761,-1.8947114050388336,0,33,101,0,0,0,8,-7.815403922389285,0,20,30,224,1,0,0,242,174,7,8.856530265069459,0,0,34,11,19,2,7,1,1.0,5.0,2,0,0,2,0,0,0,0,0,0,1,1,0,7,49,3,1,14,0,0,3,4,1,0,43.0,0.75,0,1,1,1,0,0,0,0,0,1,0,0,32;43;20,48,,95,48,0,1,1,0,0,1.0,0,0,0,0,0
2023,17,DET,REG,DAL,20,35,302,1,2,1,-7,0,0,246,108,14,1.5550394061454034,-5.131956376135349,0,31,125,1,0,0,8,-5.49336057191249,0,20,32,302,1,0,0,246,108,14,4.92326335396752,0,0,39,7,13,6,21,2,3.0,22.0,7,1,24,4,0,0,0,0,0,0,0,0,0,6,35,4,3,35,0,0,2,2,0,0,41.0,1.0,0,0,1,1,0,0,0,0,0,0,0,0,41;30,,,71,0,0,1,1,0,0,1.0,0,0,0,0,0
2023,17,GB,REG,MIN,25,34,293,3,0,0,0,0,0,357,124,17,16.15699264885368,8.245715849539817,0,39,177,1,0,0,10,0.609747575246729,0,25,34,293,3,0,0,357,124,17,16.15699264885368,0,0,29,2,26,2,11,1,4.0,36.0,14,1,0,7,0,1,0,0,0,0,1,1,0,4,32,4,1,0,1,23,2,2,0,0,37.0,1.0,0,0,2,0,0,0,0,0,0,0,0,0,34;37,,,71,0,0,3,4,1,0,0.75,0,0,0,0,0
2023,17,HOU,REG,TEN,24,32,213,1,0,1,-12,0,0,163,138,12,4.086053234528453,4.450982039974583,0,28,111,0,0,0,7,-3.931703440400926,0,24,31,213,1,1,0,163,138,12,6.86547655915253,0,0,23,9,37,5,27,1,6.0,50.0,12,0,0,4,0,0,0,0,0,0,1,1,1,1,6,0,2,30,1,21,4,4,0,0,51.0,1.0,0,2,1,0,1,0,0,0,0,0,0,0,28;38;27;51,,,144,0,0,2,2,0,0,1.0,0,0,0,0,0
2023,17,IND,REG,LV,15,23,224,1,0,1,-9,0,0,157,125,7,11.492219796404243,4.840033203363419,0,29,134,1,1,0,8,-4.279562481049652,0,15,20,224,1,0,0,157,125,7,15.547726005897857,0,0,33,9,31,3,16,0,2.0,13.0,6,0,0,6,0,0,0,0,1,1,0,0,0,5,52,2,0,0,0,0,3,3,0,0,45.0,1.0,0,0,2,1,0,0,0,0,0,0,0,0,38;33;45,,,116,0,0,2,2,0,0,1.0,0,0,0,0,0
2023,17,JAX,REG,CAR,17,24,178,0,0,3,-16,0,0,153,72,9,5.191076907221023,8.485415966614434,0,35,155,2,0,0,6,-3.0524842208834766,0,17,23,178,0,0,0,153,72,9,9.358200382403677,0,0,31,6,14,8,53,0,6.0,45.0,8,1,27,4,0,0,0,0,0,0,0,0,0,1,15,1,2,17,1,22,4,4,0,0,35.0,1.0,0,2,2,0,0,0,0,0,0,0,0,0,35;26;24;34,,,119,0,0,2,2,0,0,1.0,0,0,0,0,0
2023,17,KC,REG,CIN,21,29,245,1,0,2,-4,1,1,147,164,10,-0.03024040102096137,6.87557916556086,0,22,132,0,0,0,4,0.9953131494403351,0,21,28,245,1,0,0,147,164,10,5.4835927223547,0,0,43,7,19,8,36,0,6.0,38.0,14,0,0,4,0,0,0,0,0,0,0,0,0,3,39,2,2,37,1,0,6,6,0,0,54.0,1.0,0,2,0,3,1,0,0,0,0,0,0,0,54;43;27;24;48;46,,,242,0,0,1,1,0,0,1.0,0,0,0,0,0
2023,17,LA,REG,NYG,24,34,317,1,2,4,-31,0,0,198,235,14,0.8999966169358231,1.1267706751823425,0,23,105,3,0,0,7,4.15391753136646,0,24,34,317,1,2,1,198,235,14,2.1438493161113,0,0,37,8,30,8,31,0,6.0,35.0,10,1,0,4,0,0,0,0,0,0,0,0,0,3,28,2,0,0,0,0,0,0,0,0,,,0,0,0,0,0,0,0,0,0,0,0,0,,,,0,0,0,2,4,2,0,0.5,0,0,0,0,0
2023,17,LAC,REG,DEN,24,38,220,0,0,1,-5,0,0,280,97,10,-0.6990487659365119,-3.3097918774630584,0,24,86,0,2,1,7,-9.735280926873562,0,24,37,220,0,0,0,280,97,10,2.609392715340462,0,0,32,7,35,4,16,0,2.0,12.0,4,0,0,7,0,0,0,0,1,2,0,0,0,3,48,4,1,12,0,0,3,4,0,1,52.0,0.75,0,0,1,0,2,0,0,0,0,0,0,0,36;50;52,,50,138,0,50,0,0,0,0,,0,0,0,0,0
2023,17,LV,REG,IND,30,47,299,2,0,2,-13,0,0,429,112,19,8.476911331376785,-1.2510348273360206,0,25,84,0,0,0,4,-2.8535274708410725,0,30,46,299,2,0,0,429,112,19,11.725381054416092,0,0,25,9,25,2,11,1,1.0,9.0,2,0,0,0,0,0,0,0,0,0,0,0,0,7,54,4,1,3,0,0,2,2,0,0,40.0,1.0,0,0,1,1,0,0,0,0,0,0,0,0,40;33,,,73,0,0,2,2,0,0,1.0,0,0,0,0,0
2023,17,MIA,REG,BAL,22,38,237,2,2,3,-16,0,0,263,115,13,-1.3889396678963442,-5.06408297353321,0,25,154,0,1,1,7,-8.780119633418508,0,22,36,237,2,0,0,263,115,13,3.789396595272259,0,0,33,10,18,2,13,1,1.0,9.0,2,0,0,1,0,0,0,0,0,1,1,1,0,5,37,3,0,0,3,74,2,2,0,0,38.0,1.0,0,1,1,0,0,0,0,0,0,0,0,0,27;38,,,65,0,0,1,1,0,0,1.0,0,0,0,0,0
2023,17,MIN,REG,GB,18,32,180,1,1,4,-36,1,1,254,97,10,-19.188398298240454,-7.74680462575728,0,16,67,0,0,0,1,1.902328280324582,0,18,31,180,1,0,0,254,97,10,-8.861733992599138,0,0,37,5,37,1,6,0,0.0,0.0,3,0,0,1,0,0,0,0,0,0,1,1,0,6,27,3,2,4,6,166,1,1,0,0,54.0,1.0,0,0,0,0,1,0,0,0,0,0,0,0,54,,,54,0,0,1,1,0,0,1.0,0,0,0,0,0
2023,17,NE,REG,BUF,16,26,209,0,3,3,-18,0,0,209,105,8,-12.082419550110458,1.7590479304393107,0,24,103,2,0,0,7,1.6035019304254092,0,16,24,209,0,1,1,209,105,8,-10.453390060522466,0,1,32,17,29,1,4,2,1.0,15.0,4,1,0,3,0,0,0,0,0,0,0,0,0,2,20,3,1,2,2,120,0,1,1,0,,0.0,0,0,0,0,0,0,0,0,0,1,0,0,,47,,0,47,0,3,3,0,0,1.0,0,0,0,0,0
2023,17,NO,REG,TB,25,34,208,2,0,1,-6,0,0,163,111,13,9.738380676496991,2.0718619227409363,0,35,108,0,0,0,6,-6.212862434738781,0,25,34,208,2,0,0,163,111,13,11.535022950394296,0,0,28,5,13,5,22,1,2.0,17.0,3,2,0,6,0,0,0,0,0,0,2,2,0,5,31,4,2,27,2,41,3,3,0,0,45.0,1.0,0,1,1,1,0,0,0,0,0,0,0,0,45;28;38,,,111,0,0,2,2,0,0,1.0,0,0,0,0,0
2023,17,NYG,REG,LA,27,41,319,1,1,6,-35,0,0,332,147,8,-3.0087292799687892,1.4849945520743302,0,20,105,1,1,0,8,-1.756957915291423,0,27,39,319,1,0,0,332,147,8,5.682805055959948,0,1,27,9,31,4,22,2,4.0,31.0,8,2,22,3,0,0,0,0,1,2,1,1,0,7,65,6,4,108,0,0,2,3,1,0,32.0,0.6666666666666666,0,0,2,0,0,0,0,0,0,0,1,0,31;32,54,,63,54,0,1,2,1,0,0.5,0,1,1,0,54
2023,17,NYJ,REG,CLE,32,45,261,1,1,2,-8,0,0,174,155,10,-10.637966791807788,1.3323013078082684,0,21,107,0,0,0,6,-1.4046950683696195,0,32,44,261,1,0,0,174,155,10,-7.854899030688768,0,0,30,8,20,5,14,2,0.0,0.0,1,1,37,3,1,0,0,0,0,0,2,2,0,12,74,6,2,30,4,94,2,3,0,1,46.0,0.6666666666666666,0,0,0,2,0,0,0,0,0,0,0,0,46;44,,31,90,0,31,2,2,0,0,1.0,0,0,0,0,0
2023,17,PHI,REG,ARI,19,24,184,3,1,0,0,0,0,276,73,11,12.784461687140302,18.843515541242517,0,23,91,0,0,0,5,-2.092108173354063,0,19,23,184,3,0,0,276,73,11,13.165024773766655,0,0,43,6,40,3,6,1,1.0,4.0,3,1,99,2,1,0,0,0,0,0,0,0,0,4,49,6,0,0,0,0,1,1,0,0,43.0,1.0,0,0,0,1,0,0,0,0,0,0,0,0,43,,,43,0,0,4,4,0,0,1.0,0,0,0,0,0
2023,17,PIT,REG,SEA,18,24,274,0,0,1,-8,0,0,182,119,11,11.097580417471297,22.025899660019647,0,46,202,3,0,0,14,4.090512823546305,0,18,21,274,0,2,0,182,119,11,15.381540932924025,0,0,34,1,11,2,9,1,1.0,9.0,9,0,0,3,0,0,0,0,0,0,1,1,0,2,10,4,1,6,2,56,3,3,0,0,39.0,1.0,0,2,1,0,0,0,0,0,0,0,0,0,39;26;21,,,86,0,0,3,3,0,0,1.0,0,0,0,0,0
2023,17,SEA,REG,PIT,23,33,290,1,0,1,-9,1,1,225,131,13,7.223915382146952,6.848793860637777,0,15,88,1,1,0,6,-1.2158250525244512,0,23,33,290,1,0,0,225,131,13,13.039812122155563,0,0,30,9,55,5,16,1,1.0,8.0,2,0,0,3,0,0,0,0,1,2,0,0,0,4,25,5,0,0,3,82,3,3,0,0,43.0,1.0,0,1,0,2,0,0,0,0,0,0,0,0,43;42;24,,,109,0,0,2,2,0,0,1.0,0,0,0,0,0
2023,17,SF,REG,WAS,22,28,230,2,0,1,-6,1,0,197,88,14,10.74218139521188,13.217743348192286,0,39,184,1,0,0,12,1.1114527821482625,0,22,27,230,2,0,0,197,88,14,13.077468735881226,0,0,20,4,20,2,7,0,1.0,6.0,6,2,3,4,0,0,0,0,1,1,0,0,0,3,20,2,2,17,1,28,2,2,0,0,38.0,1.0,0,1,1,0,0,0,0,0,0,0,0,0,38;22,,,60,0,0,3,3,0,0,1.0,0,0,0,0,0
2023,17,TB,REG,NO,22,33,309,2,2,2,-17,0,0,286,147,10,6.032737302695867,-0.9205076730612587,0,15,57,0,1,1,1,-10.163229395635426,0,22,33,309,2,1,1,286,147,10,5.000237108484842,0,0,39,12,38,3,11,0,1.0,6.0,0,0,0,3,0,0,0,0,0,0,0,0,0,5,38,3,2,21,0,0,0,0,0,0,,,0,0,0,0,0,0,0,0,0,0,0,0,,,,0,0,0,1,1,0,0,1.0,0,0,0,0,0
2023,17,TEN,REG,HOU,18,26,184,0,0,6,-50,1,1,180,110,7,-12.082113215952157,5.147597670555115,0,21,53,0,0,0,3,-10.67161374236457,0,18,25,184,0,0,0,180,110,7,4.078513423543447,0,0,35,5,29,2,15,1,1.0,12.0,2,0,0,1,0,0,0,0,0,0,0,0,0,3,15,3,2,22,0,0,1,1,0,0,53.0,1.0,0,0,0,0,1,0,0,0,0,0,0,0,53,,,53,0,0,0,0,0,0,,0,0,0,0,0
2023,17,WAS,REG,SF,17,28,169,1,2,1,-6,0,0,172,103,6,-9.632565840491566,-0.9813267451066238,0,14,62,0,0,0,5,1.7560414710605983,0,17,26,169,1,0,0,172,103,6,-5.751150511083665,0,0,41,9,33,5,17,0,0.0,0.0,1,0,0,2,0,0,0,0,0,0,0,0,0,5,40,3,1,2,0,0,1,1,0,0,47.0,1.0,0,0,0,1,0,0,0,0,0,0,0,0,47,,,47,0,0,1,1,0,0,1.0,0,0,0,0,0
2023,18,ARI,REG,SEA,22,30,262,1,0,1,-2,0,0,167,171,11,14.697530754196652,4.080497601936607,0,38,206,1,0,0,13,1.3515174131229357,0,22,29,262,1,0,0,167,171,11,15.790701221029469,0,0,27,10,16,2,4,0,0.0,0.0,0,0,0,6,0,0,0,0,0,0,0,0,0,5,27,4,3,22,1,17,2,4,2,0,34.0,0.5,0,1,1,0,0,0,0,0,0,1,1,0,23;34,43;51,,57,94,0,2,2,0,0,1.0,0,1,1,0,51
2023,18,ATL,REG,NO,25,34,318,2,2,1,-7,0,0,205,233,11,-3.211805301928967,2.7758787660037734,0,25,78,0,1,1,5,-14.790284940449055,0,25,34,318,2,0,0,205,233,11,-1.6156735841427743,0,0,38,6,34,6,18,2,3.0,18.0,4,0,0,3,0,0,0,0,0,1,0,0,0,8,75,3,2,12,0,0,1,1,0,0,30.0,1.0,0,0,1,0,0,0,0,0,0,0,0,0,30,,,30,0,0,2,2,0,0,1.0,0,0,0,0,0
2023,18,BAL,REG,PIT,15,28,146,1,0,4,-28,0,0,170,53,9,-4.674275439687568,-13.409593472113972,0,25,106,0,2,2,4,-11.386157105618622,0,15,26,146,1,0,0,170,53,9,2.244428358913865,0,0,38,12,34,4,16,4,3.0,18.0,3,0,0,1,0,0,0,0,0,0,2,2,0,3,26,3,0,0,0,0,1,1,0,0,36.0,1.0,0,0,1,0,0,0,0,0,0,0,0,0,36,,,36,0,0,1,1,0,0,1.0,0,0,0,0,0
2023,18,BUF,REG,MIA,30,38,359,2,2,3,-14,1,1,368,136,14,3.935817859484814,18.165839926616563,0,36,128,0,0,0,11,1.6205896087922156,0,30,37,359,2,0,0,368,136,14,11.626986956282053,0,1,26,1,21,4,15,0,1.0,6.0,3,2,0,5,0,0,0,0,0,0,0,0,0,6,41,5,1,96,0,0,0,0,0,0,,,0,0,0,0,0,0,0,0,0,0,0,0,,,,0,0,0,3,3,0,0,1.0,0,0,0,0,0
2023,18,CAR,REG,TB,11,18,94,0,0,3,-26,1,1,105,60,2,-5.80218840235935,-8.012080358134378,0,29,131,0,0,0,8,-2.426788937242236,0,11,18,94,0,1,1,105,60,2,-2.59016772324685,0,0,38,2,20,5,31,1,3.0,22.0,6,0,0,7,0,0,0,0,0,0,0,0,0,3,20,6,3,51,2,39,0,1,1,0,,0.0,0,0,0,0,0,0,0,0,0,0,1,0,,52,,0,52,0,0,0,0,0,,0,0,0,0,0
2023,18,CHI,REG,GB,11,16,148,0,0,5,-31,0,0,142,56,8,-1.2932386893033492,2.934085577726364,0,25,75,0,0,0,4,-3.103401994041633,0,11,16,148,0,0,0,142,56,8,6.522419447305541,0,0,37,9,19,3,13,1,1.0,8.0,1,0,0,3,0,0,0,0,0,0,1,1,0,1,10,4,0,0,4,113,3,3,0,0,50.0,1.0,0,0,2,0,1,0,0,0,0,0,0,0,50;39;35,,,124,0,0,0,0,0,0,,0,0,0,0,0
2023,18,CIN,REG,CLE,21,28,176,3,1,3,-31,1,0,98,99,10,-1.0547172350569483,3.8264287369591834,0,30,183,1,0,0,10,1.712465807737317,0,21,28,176,3,0,0,98,99,10,4.896176990331817,0,0,27,7,19,4,23,0,3.0,26.0,9,2,26,8,0,0,0,0,1,1,0,0,0,1,10,4,3,27,2,44,1,1,0,0,45.0,1.0,0,0,0,1,0,0,0,0,0,0,0,0,45,,,45,0,0,4,4,0,0,1.0,0,0,0,0,0
2023,18,CLE,REG,CIN,13,26,166,2,2,3,-26,0,0,232,74,8,-10.957208045409061,-10.962532877922058,0,24,104,0,0,0,5,-2.266184642270673,0,13,25,166,2,0,0,232,74,8,-4.6804072762606665,0,0,40,12,20,4,25,1,3.0,31.0,5,1,2,5,0,0,0,0,0,0,0,0,0,7,35,3,1,6,1,19,0,0,0,0,,,0,0,0,0,0,0,0,0,0,0,0,0,,,,0,0,0,2,2,0,0,1.0,0,0,0,0,0
2023,18,DAL,REG,WAS,34,40,309,4,1,0,0,0,0,213,176,23,23.005645439358947,16.841496378183365,0,29,131,1,0,0,6,2.0932695504743606,0,34,40,309,4,0,0,213,176,23,23.005645439358947,0,0,33,4,18,4,28,1,4.0,27.0,7,2,0,7,0,0,0,0,0,0,1,1,0,2,20,2,1,4,1,29,1,3,1,1,50.0,0.3333333333333333,0,0,0,0,1,0,0,0,1,0,0,0,50,36,32,50,36,32,5,5,0,0,1.0,0,0,0,0,0
2023,18,DEN,REG,LV,20,34,272,1,1,5,-34,0,0,323,160,12,0.3531887839199044,-5.414971336722374,0,20,48,1,1,0,6,-2.951731692708563,0,20,32,272,1,0,0,323,160,12,9.411931708629709,0,0,32,6,30,3,15,0,3.0,14.0,5,0,0,2,0,0,0,0,1,2,0,0,0,4,35,6,3,33,2,55,0,0,0,0,,,0,0,0,0,0,0,0,0,0,0,0,0,,,,0,0,0,2,2,0,0,1.0,0,0,0,0,0
2023,18,DET,REG,MIN,23,32,320,2,0,1,-9,0,0,255,172,13,10.87409844600108,3.2193384824260587,0,23,70,2,0,0,5,-2.9854732341482304,0,23,31,320,2,0,0,255,172,13,13.36756469134707,0,0,47,9,11,6,51,0,4.0,37.0,15,2,23,8,0,0,0,0,0,0,0,0,0,4,20,3,4,89,1,26,1,1,0,0,39.0,1.0,0,0,1,0,0,0,0,0,0,0,0,0,39,,,39,0,0,3,4,1,0,0.75,0,0,0,0,0
2023,18,GB,REG,CHI,27,32,316,2,0,1,-8,0,0,221,153,14,15.073805185603186,15.490503143519163,0,27,124,0,1,1,10,-3.392404728801921,0,27,32,316,2,0,0,221,153,14,16.888455672056963,0,0,32,8,18,10,43,0,5.0,31.0,5,0,0,3,0,0,0,0,0,0,0,0,0,1,5,5,0,0,1,21,1,2,1,0,25.0,0.5,0,1,0,0,0,0,0,0,0,1,0,0,25,41,,25,41,0,2,2,0,0,1.0,0,0,0,0,0
2023,18,HOU,REG,IND,20,26,264,2,0,2,-18,0,0,261,115,10,12.062857357430085,8.344965141553143,0,28,60,1,0,0,5,-5.345952523115557,0,20,26,264,2,0,0,261,115,10,14.908974280458688,0,0,35,3,35,5,15,1,1.0,8.0,3,0,0,4,0,0,0,0,0,0,1,1,0,11,69,2,3,42,1,30,1,1,0,0,51.0,1.0,0,0,0,0,1,0,0,0,0,0,0,0,51,,,51,0,0,2,3,1,0,0.6666666666666666,0,0,0,0,0
2023,18,IND,REG,HOU,13,24,141,0,0,1,-8,0,0,237,61,6,-3.512757124496995,-11.321539982505463,1,37,227,1,0,0,11,2.8724653181959816,0,13,23,141,0,0,0,237,61,6,-1.7064393585910076,1,0,31,5,31,4,44,0,2.0,18.0,4,0,0,1,0,0,1,0,0,0,0,0,0,3,14,5,3,25,2,29,3,4,1,0,52.0,0.75,0,0,2,0,1,0,0,0,0,0,1,0,38;52;35,57,,125,57,0,0,0,0,0,,0,0,0,0,0
2023,18,JAX,REG,TEN,29,43,280,2,2,0,0,0,0,308,109,12,1.6498609748086892,3.6891773343086243,0,23,82,0,0,0,5,-5.792741161600361,0,29,41,280,2,0,0,308,109,12,3.390518018277362,0,0,25,8,18,4,24,0,2.0,16.0,7,1,29,2,0,0,0,0,0,0,0,0,0,6,40,6,2,19,4,99,2,2,0,0,44.0,1.0,0,0,1,1,0,0,0,0,0,0,0,0,44;30,,,74,0,0,2,2,0,0,1.0,0,0,0,0,0
2023,18,KC,REG,LAC,15,30,154,0,1,1,-9,0,0,167,109,6,-9.437241707955698,-17.813840919527518,0,28,123,0,0,0,7,-0.6201449289311696,0,15,29,154,0,0,0,167,109,6,-6.375540426959494,0,0,57,6,8,8,34,2,3.0,23.0,8,0,0,7,0,1,0,0,1,1,1,1,1,3,57,4,3,24,1,23,2,2,0,0,41.0,1.0,0,1,0,1,0,0,0,0,0,0,0,0,22;41,,,63,0,0,1,1,0,0,1.0,0,0,0,0,0
2023,18,LA,REG,SF,17,24,163,2,1,2,-14,0,0,159,65,11,8.117853062212934,6.66306524173073,1,36,109,1,0,0,7,-3.1949992030276917,0,17,23,163,2,0,0,159,65,11,13.455395278768382,1,0,27,7,29,2,14,1,3.0,14.0,5,0,0,3,0,0,0,0,0,0,1,1,0,2,8,5,2,26,0,0,0,0,0,0,,,0,0,0,0,0,0,0,0,0,0,0,0,,,,0,0,0,1,2,1,0,0.5,0,0,0,0,0
2023,18,LAC,REG,KC,28,47,258,0,0,3,-23,1,1,308,181,12,-15.186350245580389,-9.676382144292193,0,30,118,0,1,0,8,-3.4717498694855142,0,28,45,258,0,0,0,308,181,12,2.2030001021048227,0,0,34,12,16,1,9,1,1.0,9.0,9,1,0,6,0,0,0,0,1,1,0,0,0,1,5,5,0,0,2,69,4,4,0,0,49.0,1.0,0,1,0,3,0,0,0,0,0,0,0,0,49;40;43;20,,,152,0,0,0,0,0,0,,0,0,0,0,0
2023,18,LV,REG,DEN,20,32,244,2,0,3,-14,0,0,237,83,12,9.306782898987239,6.781735133241723,0,31,129,1,0,0,10,-1.2557643063482828,0,20,27,244,2,0,0,237,83,12,17.5447566399506,0,0,32,4,24,6,37,0,5.0,34.0,11,1,0,3,0,0,0,0,0,0,0,0,0,0,0,5,1,4,1,26,2,2,0,0,49.0,1.0,0,1,0,1,0,0,0,0,0,0,0,0,49;21,,,70,0,0,3,3,0,0,1.0,0,0,0,0,0
2023,18,MIA,REG,BUF,17,27,173,1,2,1,-6,0,0,307,46,9,-0.17988767509814352,0.5169715042467455,0,20,108,1,0,0,5,2.0180061700521037,0,17,27,173,1,0,0,307,46,9,1.2538411483401433,0,0,47,5,31,4,14,1,3.0,14.0,9,2,8,3,0,0,0,0,0,0,1,1,0,4,29,5,0,0,0,0,0,0,0,0,,,0,0,0,0,0,0,0,0,0,0,0,0,,,,0,0,0,2,2,0,0,1.0,0,0,0,0,0
2023,18,MIN,REG,DET,30,44,396,2,2,4,-37,0,0,400,141,15,-2.615752360415426,2.991414278052578,0,22,89,0,0,0,6,1.5914642146090046,0,30,43,396,2,0,0,400,141,15,6.376017276332933,0,0,33,9,19,2,13,0,1.0,9.0,3,0,0,3,0,0,0,0,0,0,0,0,0,8,77,6,1,13,2,51,2,2,0,0,43.0,1.0,0,0,1,1,0,0,0,0,0,0,0,0,39;43,,,82,0,0,2,2,0,0,1.0,0,0,0,0,0
2023,18,NE,REG,NYJ,12,30,88,0,2,7,-57,0,0,319,52,3,-27.749018961736947,-21.351823210716248,0,21,88,0,0,0,4,-4.700653261796106,0,12,29,88,0,0,0,319,52,3,-15.649770267888453,0,0,37,6,34,4,20,1,1.0,1.0,6,0,0,3,0,0,0,0,1,1,1,1,0,4,35,2,3,30,2,35,1,1,0,0,30.0,1.0,0,0,1,0,0,0,0,0,0,0,0,0,30,,,30,0,0,0,0,0,0,,0,0,0,0,0
2023,18,NO,REG,ATL,22,28,264,4,0,3,-18,1,0,233,79,13,14.221736565199365,19.39998972415924,0,35,154,2,1,0,12,-0.6598330831730435,0,22,25,264,4,0,0,233,79,13,21.309091551054735,0,0,31,1,33,4,10,0,1.0,7.0,4,2,90,3,0,0,0,0,2,2,1,1,0,3,15,2,2,18,0,0,2,2,0,0,24.0,1.0,0,2,0,0,0,0,0,0,0,0,0,0,24;24,,,48,0,0,6,6,0,0,1.0,0,0,0,0,0
2023,18,NYG,REG,PHI,25,34,311,1,1,2,-5,0,0,321,146,13,8.102218930260143,10.6074090115726,0,30,109,2,1,0,10,-2.2718959574134003,0,25,32,311,1,0,0,321,146,13,13.034679853147122,0,0,39,9,15,3,32,2,5.0,37.0,5,2,4,8,0,0,0,0,1,2,2,2,0,3,21,1,3,29,0,0,2,3,1,0,24.0,0.6666666666666666,0,2,0,0,0,0,0,0,0,1,0,0,24;21,45,,45,45,0,3,3,0,0,1.0,0,0,0,0,0
2023,18,NYJ,REG,NE,8,20,70,0,0,1,-1,0,0,159,50,3,-11.007632592412083,-14.7411091460122,0,42,185,1,0,0,10,-3.7635100516052917,1,8,18,70,0,0,0,159,50,3,-7.132769237922876,0,0,31,3,25,8,59,0,7.0,57.0,10,2,14,10,0,2,0,0,2,3,0,0,0,1,5,4,6,48,2,39,3,4,1,0,40.0,0.75,0,1,1,1,0,0,0,0,0,1,0,0,21;40;33,49,,94,49,0,0,0,0,0,,0,0,0,0,0
2023,18,PHI,REG,NYG,20,36,203,1,2,5,-37,1,1,359,72,9,-15.635665872802393,-3.2154025453509725,0,24,133,0,0,0,9,3.525753319467185,0,20,33,203,1,1,1,359,72,9,-9.804795558679515,0,0,41,7,27,4,12,0,2.0,5.0,3,1,0,3,0,0,0,0,0,0,0,0,0,2,10,0,1,8,2,38,1,1,0,0,36.0,1.0,0,0,1,0,0,0,0,0,0,0,0,0,36,,,36,0,0,1,1,0,0,1.0,0,0,0,0,0
2023,18,PIT,REG,BAL,18,20,152,1,0,3,-18,2,1,72,127,8,0.573040845541982,15.419963896274567,0,39,155,1,2,0,9,-2.6073864996360716,0,18,20,152,1,1,1,72,127,8,2.2033741225895938,0,0,33,6,12,5,30,2,4.0,28.0,6,0,0,2,0,1,0,0,4,5,2,2,0,4,25,5,5,92,0,0,1,1,0,0,25.0,1.0,0,1,0,0,0,0,0,0,0,0,0,0,25,,,25,0,0,2,2,0,0,1.0,0,0,0,0,0
2023,18,SEA,REG,ARI,16,28,189,2,0,0,0,0,0,171,89,8,6.707846886358095,-9.984101584324474,1,25,138,0,0,0,9,-0.6296894004917704,0,16,26,189,2,0,0,171,89,8,7.287622689032799,1,0,37,8,44,6,9,0,1.0,2.0,3,0,0,2,0,0,0,0,0,0,0,0,0,0,0,7,1,15,0,0,2,2,0,0,33.0,1.0,0,1,1,0,0,0,0,0,0,0,0,0,33;29,,,62,0,0,1,1,0,0,1.0,0,0,0,0,0
2023,18,SF,REG,LA,16,26,189,1,0,3,-14,1,1,252,88,10,5.523995909395049,0.7337979078292847,0,29,125,2,1,0,10,3.3113075994187966,0,16,25,189,1,0,0,252,88,10,10.052254856526739,0,0,38,9,21,5,22,0,2.0,14.0,3,1,0,2,0,0,0,0,1,2,0,0,0,5,78,4,2,17,0,0,0,1,1,0,,0.0,0,0,0,0,0,0,0,0,1,0,0,0,,38,,0,38,0,2,3,1,0,0.6666666666666666,0,0,0,0,0
2023,18,TB,REG,CAR,20,32,137,0,0,3,-22,0,0,250,85,6,-7.991260263885486,-3.721464353223001,0,29,113,0,0,0,8,-1.6559074362157844,0,20,31,137,0,1,0,250,85,6,-3.7556715728849,0,0,35,1,25,4,21,2,3.0,26.0,4,0,0,0,0,0,0,0,1,1,2,2,0,3,15,4,0,0,0,0,3,3,0,0,57.0,1.0,0,0,2,0,1,0,0,0,0,0,0,0,36;57;39,,,132,0,0,0,0,0,0,,0,0,0,0,0
2023,18,TEN,REG,JAX,17,27,168,2,1,2,-16,0,0,143,123,10,0.4632095604320057,-2.185346530033991,0,26,175,2,1,0,9,4.266916676657274,0,17,26,168,2,0,0,143,123,10,3.1457578571280465,0,0,41,8,22,2,2,0,0.0,0.0,2,2,4,5,0,0,0,0,1,2,0,0,0,5,29,3,0,0,0,0,0,0,0,0,,,0,0,0,0,0,0,0,0,0,0,0,0,,,,0,0,0,4,4,0,0,1.0,0,0,0,0,0
2023,18,WAS,REG,DAL,20,28,157,1,2,4,-27,0,0,154,146,9,-7.128527897187285,1.0782451501914425,0,17,50,0,1,1,3,-7.246222194109578,0,20,28,157,1,0,0,154,146,9,-0.7548689287605326,0,0,52,2,18,4,5,0,0.0,0.0,0,1,7,2,0,0,0,51,0,0,0,0,0,4,39,2,0,0,3,77,1,1,0,0,36.0,1.0,0,0,1,0,0,0,0,0,0,0,0,0,36,,,36,0,0,1,1,0,0,1.0,0,0,0,0,0
2023,19,BUF,POST,PIT,21,30,203,3,0,2,-14,0,0,194,115,11,3.6855383997216675,0.5105235179265345,0,34,179,1,0,0,11,8.905926536790167,0,21,30,203,3,0,0,194,115,11,6.24093224601977,0,0,32,3,27,2,12,2,1.0,11.0,6,1,0,8,0,0,0,0,0,0,1,1,0,2,24,5,0,0,1,19,1,3,1,1,45.0,0.3333333333333333,0,0,0,1,0,0,0,1,0,0,0,0,45,27,49,45,27,49,4,4,0,0,1.0,0,0,0,0,0
2023,19,CLE,POST,HOU,34,46,307,1,2,4,-39,0,0,314,130,14,-17.7592921051546,5.634025501650437,0,20,56,1,0,0,4,-3.7439642145182006,0,34,43,307,1,0,0,314,130,14,1.357860448770225,0,0,26,6,10,4,6,0,0.0,0.0,1,0,0,4,0,0,0,0,0,0,0,0,0,4,32,2,1,2,0,0,0,0,0,0,,,0,0,0,0,0,0,0,0,0,0,0,0,,,,0,0,0,2,2,0,0,1.0,0,0,0,0,0
2023,19,DAL,POST,GB,41,60,403,3,2,4,-16,0,0,522,151,25,-3.369603093667072,2.9443106774626004,0,25,123,1,0,0,8,8.461119259067578,2,41,58,403,3,0,0,522,151,25,4.959765904396656,0,0,28,5,25,1,3,0,0.0,0.0,3,0,0,1,0,0,0,0,0,0,0,0,0,6,48,6,0,0,5,127,1,1,0,0,34.0,1.0,0,0,1,0,0,0,0,0,0,0,0,0,34,,,34,0,0,1,2,1,0,0.5,0,0,0,0,0
2023,19,DET,POST,LA,22,27,277,1,0,3,-22,1,0,129,164,16,11.218379624959285,10.846789868978355,0,25,79,2,0,0,6,-1.1125116064213216,0,22,26,277,1,0,0,129,164,16,16.475399714385365,0,0,30,4,22,3,11,1,2.0,10.0,7,0,0,3,0,0,0,0,1,1,0,0,0,5,34,0,1,4,0,0,1,1,0,0,54.0,1.0,0,0,0,0,1,0,0,0,0,0,0,0,54,,,54,0,0,3,3,0,0,1.0,0,0,0,0,0
2023,19,GB,POST,DAL,16,21,272,3,0,0,0,0,0,233,107,11,23.940234170295298,13.062152976081487,0,33,143,3,0,0,10,1.3465790483169258,0,16,21,272,3,0,0,233,107,11,23.940234170295298,0,0,53,6,30,4,17,0,4.0,16.0,9,2,64,6,1,0,0,0,0,0,0,0,0,7,66,6,0,0,0,0,0,0,0,0,,,0,0,0,0,0,0,0,0,0,0,0,0,,,,0,0,0,6,7,1,0,0.8571428571428571,0,0,0,0,0
2023,19,HOU,POST,CLE,17,22,280,3,0,0,0,0,0,206,162,10,13.278032914861063,8.649667555635624,0,22,76,1,0,0,4,-3.1173793684574775,0,17,22,280,3,0,0,206,162,10,13.278032914861063,0,0,38,12,24,9,52,0,4.0,39.0,7,2,118,5,2,0,0,0,0,0,0,0,0,3,20,1,1,8,1,14,1,1,0,0,21.0,1.0,0,1,0,0,0,0,0,0,0,0,0,0,21,,,21,0,0,6,6,0,0,1.0,0,0,0,0,0
2023,19,KC,POST,MIA,23,41,262,1,0,0,0,0,0,295,133,14,8.068400205722313,-1.5518633758320497,0,34,147,1,2,1,9,-4.252987098094309,0,23,34,262,1,0,0,295,133,14,15.459008705275508,0,0,31,1,19,3,16,0,2.0,11.0,5,1,0,6,0,0,0,0,2,2,0,0,0,5,45,4,1,1,2,27,4,4,0,0,32.0,1.0,0,3,1,0,0,0,0,0,0,0,0,0,28;26;32;21,,,107,0,0,2,2,0,0,1.0,0,0,0,0,0
2023,19,LA,POST,DET,25,36,367,2,0,2,-10,0,0,335,207,15,18.576054674478726,6.949887293226577,0,17,68,0,1,0,4,-2.6850671818247065,0,25,34,367,2,0,0,335,207,15,23.20650406835928,0,0,31,2,28,4,27,1,3.0,22.0,6,0,0,0,0,0,0,0,0,0,0,0,0,4,36,3,0,0,1,24,3,3,0,0,29.0,1.0,0,3,0,0,0,0,0,0,0,0,0,0,24;27;29,,,80,0,0,2,2,0,0,1.0,0,0,0,0,0
2023,19,MIA,POST,KC,20,39,199,1,1,2,-11,0,0,289,90,8,-13.944825911836233,-16.139795748811018,0,18,76,0,0,0,5,1.1255104005686007,0,20,38,199,1,0,0,289,90,8,-10.135374130390119,0,0,35,5,41,3,8,2,0.0,0.0,5,0,0,3,0,0,0,0,0,0,1,1,0,8,62,3,0,0,4,88,0,0,0,0,,,0,0,0,0,0,0,0,0,0,0,0,0,,,,0,0,0,1,1,0,0,1.0,0,0,0,0,0
2023,19,PHI,POST,TB,25,35,250,1,0,3,-16,0,0,275,102,9,-3.09559066947857,9.641852136701345,0,15,42,0,0,0,3,-5.928257090927102,0,25,32,250,1,1,0,275,102,9,2.1083505621149197,0,0,40,5,25,4,24,0,4.0,30.0,6,0,0,2,0,1,0,0,2,2,0,0,0,6,54,6,1,0,1,17,1,1,0,0,47.0,1.0,0,0,0,1,0,0,0,0,0,0,0,0,47,,,47,0,0,0,0,0,0,,0,0,0,0,0
2023,19,PIT,POST,BUF,22,39,229,2,1,1,-11,0,0,282,99,14,-1.140987583489995,-5.92461722461801,0,23,106,0,0,0,6,-2.977605928084813,0,22,38,229,2,2,1,282,99,14,-4.1367135962312105,0,0,37,2,30,5,22,0,2.0,14.0,3,0,0,2,0,0,0,1,0,0,0,0,0,6,50,4,1,12,1,21,1,1,0,0,40.0,1.0,0,0,0,1,0,0,0,0,0,0,0,0,40,,,40,0,0,2,2,0,0,1.0,0,0,0,0,0
2023,19,TB,POST,PHI,22,36,337,3,0,4,-30,0,0,321,203,13,11.523506570300727,-4.2352766650063565,0,29,119,0,0,0,9,0.33663567469920963,0,22,35,337,3,0,0,321,203,13,20.780646734738898,0,0,35,2,12,5,20,1,3.0,16.0,6,0,0,5,0,0,1,0,0,0,0,0,0,5,25,0,2,24,1,27,3,3,0,0,54.0,1.0,0,1,0,1,1,0,0,0,0,0,0,0,28;54;48,,,130,0,0,3,3,0,0,1.0,0,0,0,0,0
2023,20,BAL,POST,HOU,16,22,152,2,0,3,-29,0,0,166,38,10,3.898759590174426,11.35543854463668,0,42,229,2,0,0,12,10.852259971927316,0,16,21,152,2,0,0,166,38,10,6.76387501007773,0,0,24,6,16,2,8,1,0.0,0.0,5,0,0,4,0,0,0,0,0,0,0,0,0,3,15,3,1,11,2,53,2,2,0,0,53.0,1.0,0,0,0,1,1,0,0,0,0,0,0,0,53;43,,,96,0,0,4,4,0,0,1.0,0,0,0,0,0
2023,20,BUF,POST,KC,26,39,186,1,0,0,0,0,0,243,167,13,5.781411918336964,-0.5438777240546991,0,39,182,2,1,0,14,5.387557935813675,0,26,37,186,1,1,0,243,167,13,7.378200201755365,0,0,24,3,19,0,0,2,0.0,0.0,2,0,0,1,0,0,0,0,1,1,0,0,0,5,28,4,0,0,1,27,1,2,1,0,27.0,0.5,0,1,0,0,0,0,0,0,0,1,0,0,27,44,,27,44,0,3,3,0,0,1.0,0,0,0,0,0
2023,20,DET,POST,TB,30,43,287,2,0,2,-10,0,0,255,154,18,8.110827929340303,-0.8037386196000277,0,26,114,2,0,0,5,1.261888474961152,0,30,42,287,2,0,0,255,154,18,12.384783824905753,0,0,28,8,18,3,26,0,4.0,30.0,8,2,12,5,0,0,0,0,0,0,0,0,0,3,17,1,2,18,0,0,1,1,0,0,23.0,1.0,0,1,0,0,0,0,0,0,0,0,0,0,23,,,23,0,0,4,4,0,0,1.0,0,0,0,0,0
2023,20,GB,POST,SF,21,34,194,2,2,0,0,0,0,191,95,10,-0.13497954742820317,-1.4904549627593064,1,28,136,0,1,0,8,-1.8761302590719424,0,21,33,194,2,0,0,191,95,10,0.28658314122981077,1,0,34,3,25,0,0,0,1.0,7.0,6,0,0,2,0,0,0,0,2,3,0,0,0,1,5,3,2,16,2,97,2,3,1,0,29.0,0.6666666666666666,0,2,0,0,0,0,0,0,0,1,0,0,29;29,41,,58,41,0,1,1,0,0,1.0,0,0,0,0,0
2023,20,HOU,POST,BAL,19,33,175,0,0,0,0,0,0,221,94,8,-4.314405376955754,-6.7330704581352965,0,14,38,0,0,0,1,-5.873273088247515,0,19,31,175,0,0,0,221,94,8,-1.3085912354782963,0,1,48,2,20,8,39,0,3.0,29.0,5,0,0,1,0,0,0,0,1,1,0,0,0,11,70,6,1,67,3,69,1,2,1,0,50.0,0.5,0,0,0,0,1,0,0,0,0,1,0,0,50,47,,50,47,0,1,1,0,0,1.0,0,0,0,0,0
2023,20,KC,POST,BUF,17,23,215,2,0,0,0,0,0,165,100,13,14.063692492368045,18.21633137407757,0,24,146,1,1,0,7,3.231348210305441,0,17,21,215,2,1,1,165,100,13,8.22597233496408,0,0,42,5,37,4,10,2,0.0,0.0,2,0,0,3,0,0,0,0,1,1,0,0,0,2,15,3,1,15,1,23,2,2,0,0,47.0,1.0,0,1,0,1,0,0,0,0,0,0,0,0,47;29,,,76,0,0,3,3,0,0,1.0,0,0,0,0,0
2023,20,SF,POST,GB,23,39,252,1,0,1,-7,0,0,311,116,12,7.161929461068375,-4.782119641701381,0,24,111,2,0,0,7,0.986283284177015,0,23,36,252,1,0,0,311,116,12,10.102767042233609,0,0,40,5,13,3,14,1,0.0,0.0,6,2,25,3,0,0,0,0,0,0,0,0,0,6,83,2,0,0,2,44,1,2,0,1,52.0,0.5,0,0,0,0,1,0,0,0,0,0,0,0,52,,48,52,0,48,3,3,0,0,1.0,0,0,0,0,0
2023,20,TB,POST,DET,26,41,349,3,2,4,-30,0,0,328,142,18,3.8639170201739708,-2.787054119965966,0,15,89,0,0,0,4,0.24110317908485523,0,26,39,349,3,0,0,328,142,18,13.222521765298438,0,0,39,8,22,3,14,0,2.0,10.0,5,0,0,4,0,0,0,0,0,0,0,0,0,5,33,4,1,0,0,0,1,2,1,0,43.0,0.5,0,0,0,1,0,0,0,0,0,0,1,0,43,50,,43,50,0,2,2,0,0,1.0,0,0,0,0,0
2023,21,BAL,POST,KC,20,37,272,1,1,4,-17,1,1,344,133,11,-5.030444493832832,-5.544073090833776,0,16,81,0,0,0,5,2.0785607842262834,0,20,34,272,1,1,1,344,133,11,0.9625970671186224,0,0,39,4,40,4,16,1,2.0,11.0,8,0,0,1,0,0,0,0,0,0,0,0,0,8,95,5,2,21,0,0,1,1,0,0,43.0,1.0,0,0,0,1,0,0,0,0,0,0,0,0,43,,,43,0,0,1,1,0,0,1.0,0,0,0,0,0
2023,21,DET,POST,SF,25,41,273,1,0,2,-13,0,0,372,122,16,6.998413283817362,-1.4856510609388351,0,29,182,3,1,1,11,2.268643495219294,0,25,40,273,1,0,0,372,122,16,10.135549980684308,0,0,34,5,23,4,7,0,2.0,9.0,6,1,9,5,0,0,0,0,0,0,0,0,0,2,15,5,1,10,0,0,1,1,0,0,21.0,1.0,0,1,0,0,0,0,0,0,0,0,0,0,21,,,21,0,0,4,4,0,0,1.0,0,0,0,0,0
2023,21,KC,POST,BAL,30,39,241,1,0,2,-11,0,0,233,119,13,7.783350470341215,13.588582641548578,0,32,89,1,0,0,5,-8.881943756889086,0,30,36,241,1,1,0,233,119,13,12.629681709204274,0,0,35,2,8,3,14,2,4.0,17.0,7,1,0,5,0,0,0,0,1,1,2,2,0,3,30,3,2,18,0,0,1,1,0,0,52.0,1.0,0,0,0,0,1,0,0,0,0,0,0,0,52,,,52,0,0,2,2,0,0,1.0,0,0,0,0,0
2023,21,SF,POST,DET,20,31,267,1,1,2,-9,0,0,283,121,12,6.624599790882832,2.537035346031189,0,33,155,3,0,0,11,7.201090044924058,0,20,30,267,1,0,0,283,121,12,9.344954347978394,0,0,37,6,26,4,20,1,2.0,13.0,5,0,0,2,0,0,0,0,0,0,1,1,0,3,20,4,0,0,1,28,2,3,1,0,43.0,0.6666666666666666,0,0,1,1,0,0,0,0,0,1,0,0,43;33,48,,76,48,0,4,4,0,0,1.0,0,0,0,0,0
2023,22,KC,POST,SF,34,46,333,2,1,3,-8,0,0,280,184,15,6.06114717927388,7.730179315521601,0,30,130,0,3,1,10,-7.526627921266481,0,34,42,333,2,0,0,280,184,15,13.647685835652084,0,0,32,3,41,2,12,1,1.0,4.0,11,0,0,6,0,1,0,0,4,5,2,2,0,6,55,5,4,12,0,0,4,4,0,0,57.0,1.0,0,3,0,0,1,0,0,0,0,0,0,0,28;57;24;29,,,138,0,0,1,1,0,0,1.0,0,0,0,0,0
2023,22,SF,POST,KC,24,39,276,2,0,1,-4,0,0,319,166,15,9.144470922741995,-2.088855327786624,0,31,110,0,1,1,5,-9.39433079160517,0,24,37,276,2,0,0,319,166,15,12.71716620356202,0,0,47,6,40,5,23,2,3.0,8.0,7,1,0,2,0,1,0,0,0,0,1,1,0,6,40,4,2,0,0,0,3,3,0,0,55.0,1.0,0,1,0,0,2,0,0,0,0,0,0,0,55;53;27,,,135,0,0,1,2,0,1,0.5,0,0,0,0,0
2024,1,ARI,REG,BUF,21,31,162,1,0,4,-16,1,1,191,100,10,-1.184849735212115,1.1966281360195508,0,25,124,1,0,0,7,4.9849497021037035,1,21,31,162,1,0,0,191,100,10,8.129718161441783,0,1,29,14,28,5,18,1,2.0,10.0,3,0,0,2,0,0,0,0,0,0,1,1,0,5,31,1,1,6,3,123,2,2,0,0,31.0,1.0,0,1,1,0,0,0,0,0,0,0,0,0,29;31,,,60,0,0,2,2,0,0,1.0,0,0,0,0,0
2024,1,ATL,REG,PIT,16,26,155,1,2,2,-18,0,0,140,73,8,-11.084852608804018,-1.9854866940042253,0,22,89,0,0,0,7,-6.2247729957452975,0,16,23,155,1,0,0,140,73,8,-7.576804282328473,0,0,45,9,29,7,36,0,2.0,23.0,5,0,0,1,0,0,0,0,0,1,0,0,0,5,34,6,2,28,2,56,1,1,0,0,24.0,1.0,0,1,0,0,0,0,0,0,0,0,0,0,24,,,24,0,0,1,1,0,0,1.0,0,0,0,0,0
2024,1,BAL,REG,KC,26,41,273,1,0,1,-6,1,1,267,166,11,-2.4911596045670317,-3.6868176609277725,0,32,185,1,0,0,13,8.459207878670568,0,26,40,273,1,0,0,267,166,11,3.72305508744165,0,0,28,4,20,2,12,0,2.0,10.0,7,1,0,4,0,0,0,0,0,0,0,0,0,7,64,7,1,3,0,0,2,3,1,0,32.0,0.6666666666666666,0,1,1,0,0,0,0,0,0,0,1,0,25;32,53,,57,53,0,2,2,0,0,1.0,0,0,0,0,0
2024,1,BUF,REG,ARI,18,23,232,2,0,2,-10,1,1,166,125,11,9.161098091100992,9.89194162513899,0,33,130,2,0,0,10,3.497709999574055,0,18,23,232,2,0,0,166,125,11,15.68321894397377,0,0,38,7,17,4,19,1,4.0,16.0,5,0,0,3,0,0,0,0,0,0,1,1,0,9,65,3,1,7,1,53,2,2,0,0,39.0,1.0,0,0,2,0,0,0,0,0,0,0,0,0,37;39,,,76,0,0,4,4,0,0,1.0,0,0,0,0,0
2024,1,CAR,REG,NO,13,31,161,0,2,4,-26,0,0,383,50,7,-18.467294525813397,-17.186285349829443,0,20,58,1,1,1,2,-8.230615071370266,0,13,29,161,0,0,0,383,50,7,-10.917298885462426,0,0,40,6,30,6,17,0,1.0,1.0,1,0,0,3,0,0,0,0,0,0,1,1,0,6,80,4,0,0,9,232,1,1,0,0,43.0,1.0,0,0,0,1,0,0,0,0,0,0,0,0,43,,,43,0,0,1,1,0,0,1.0,0,0,0,0,0
2024,1,CHI,REG,TEN,14,29,93,0,0,2,-29,0,0,214,48,5,-12.146704188691032,-19.83838636299659,1,22,84,0,0,0,6,-0.7959304827146656,0,14,29,93,0,1,0,214,48,5,-8.071372922420082,1,1,40,8,22,8,34,1,3.0,23.0,10,2,52,4,1,0,0,21,2,2,1,1,0,7,55,1,5,64,2,67,3,3,0,0,50.0,1.0,0,1,0,1,1,0,0,0,0,0,0,0,24;50;48,,,122,0,0,1,1,0,0,1.0,0,0,0,0,0
2024,1,CIN,REG,NE,21,29,164,0,0,3,-10,1,0,162,67,7,-4.170614777700862,-0.09678694708593587,0,16,70,1,0,0,5,2.1775300859007984,0,21,29,164,0,1,1,162,67,7,-5.837712947744876,0,0,34,8,32,5,9,1,1.0,1.0,7,0,0,3,0,1,0,0,1,1,0,0,0,2,10,6,4,22,0,0,1,1,0,0,51.0,1.0,0,0,0,0,1,0,0,0,0,0,0,0,51,,,51,0,0,1,1,0,0,1.0,0,0,0,0,0
2024,1,CLE,REG,DAL,24,45,169,1,2,6,-32,1,0,395,102,8,-23.115656479087193,-7.962810612002081,0,19,93,1,0,0,5,4.085149191727396,0,24,43,169,1,0,0,395,102,8,-12.011554478027392,0,0,35,12,20,6,20,1,3.0,16.0,4,0,0,6,0,0,0,0,1,1,0,0,0,11,64,5,5,72,4,97,1,1,0,0,51.0,1.0,0,0,0,0,1,0,0,0,0,0,0,0,51,,,51,0,0,2,2,0,0,1.0,0,0,0,0,0
2024,1,DAL,REG,CLE,19,32,179,1,0,3,-16,1,0,290,100,8,-6.667337795562192,-6.606806478192727,0,25,102,1,0,0,8,0.12158303763135336,0,19,31,179,1,0,0,290,100,8,-2.5125974032745297,0,1,39,7,27,6,34,1,6.0,32.0,17,2,9,8,0,0,0,0,1,1,0,0,0,11,85,1,5,96,1,34,4,4,0,0,57.0,1.0,0,0,0,2,2,0,0,0,0,0,0,0,57;40;50;46,,,193,0,0,3,3,0,0,1.0,0,0,0,0,0
2024,1,DEN,REG,SEA,26,42,138,0,2,2,-6,0,0,264,68,6,-18.2777050810312,-5.089776430811203,0,25,99,1,1,0,7,-0.6061090577277355,0,26,42,138,0,1,1,264,68,6,-19.695747013640556,0,0,29,14,28,9,29,0,2.0,13.0,7,1,21,2,0,0,2,0,1,1,1,1,0,8,60,6,5,47,3,69,3,3,0,0,45.0,1.0,0,0,2,1,0,0,0,0,0,0,0,0,35;30;45,,,110,0,0,1,1,0,0,1.0,0,0,0,0,0
2024,1,DET,REG,LA,18,28,217,1,1,2,-17,0,0,187,148,7,-4.8084564083650525,-7.549819988863806,0,31,163,2,0,0,12,11.260816424095538,0,18,28,217,1,0,0,187,148,7,-2.1281539909354223,0,0,38,8,30,7,16,0,2.0,13.0,12,1,0,5,0,0,0,0,0,0,0,0,0,6,56,3,3,18,0,0,2,2,0,0,32.0,1.0,0,1,1,0,0,0,0,0,0,0,0,0,25;32,,,57,0,0,2,2,0,0,1.0,0,0,0,0,0
2024,1,GB,REG,PHI,17,35,260,2,1,2,-9,0,0,314,138,9,2.373681277087715,-12.177564110606909,0,21,163,1,1,0,7,8.390708402774298,0,17,32,260,2,0,0,314,138,9,4.61164697695506,0,0,40,8,26,7,26,0,2.0,12.0,5,2,34,6,0,0,0,0,1,1,1,1,0,10,71,7,0,0,1,24,3,4,1,0,31.0,0.75,0,2,1,0,0,0,0,0,0,1,0,0,31;23;26,43,,80,43,0,2,2,0,0,1.0,0,0,0,0,0
2024,1,HOU,REG,IND,24,32,234,2,0,4,-30,0,0,252,79,13,7.507696996312891,9.766073092337576,0,40,213,1,0,0,12,1.1946995000909082,0,24,31,234,2,0,0,252,79,13,15.356544368104275,0,0,21,6,18,5,19,0,2.0,13.0,2,1,0,7,0,0,0,0,0,0,0,0,0,5,30,5,0,0,0,0,3,3,0,0,51.0,1.0,0,0,0,0,3,0,0,0,0,0,0,0,51;50;51,,,152,0,0,2,2,0,0,1.0,0,0,0,0,0
2024,1,IND,REG,HOU,9,19,212,2,1,2,-13,0,0,312,51,4,-3.033125795656815,-14.212923379320847,0,22,104,2,0,0,9,5.316180346752051,0,9,19,212,2,0,0,312,51,4,1.5896211743820459,0,0,42,13,29,4,22,0,4.0,30.0,10,0,0,1,0,0,0,0,0,0,0,0,0,4,20,3,0,0,4,109,0,0,0,0,,,0,0,0,0,0,0,0,0,0,0,0,0,,,,0,0,0,3,3,0,0,1.0,0,0,0,0,0
2024,1,JAX,REG,MIA,12,21,162,1,0,3,-23,0,0,206,40,8,1.7065504872972967,-0.24127536698391489,0,26,128,1,1,1,7,-9.104732941254042,0,12,19,162,1,0,0,206,40,8,5.9469350253930315,0,0,38,4,22,9,32,0,3.0,19.0,4,0,0,5,0,0,0,0,1,1,0,0,0,8,71,6,1,3,2,44,1,1,0,0,53.0,1.0,0,0,0,0,1,0,0,0,0,0,0,0,53,,,53,0,0,2,2,0,0,1.0,0,0,0,0,0
2024,1,KC,REG,BAL,20,28,291,1,1,2,-10,0,0,165,188,15,11.084406207205,4.191296409677575,0,20,72,2,0,0,4,-0.8725013073708396,0,20,27,291,1,0,0,165,188,15,14.509169768198596,0,0,46,3,23,3,9,1,1.0,6.0,1,0,0,4,0,0,0,0,0,0,1,1,0,6,45,3,0,0,2,57,2,2,0,0,32.0,1.0,0,0,2,0,0,0,0,0,0,0,0,0,32;31,,,63,0,0,3,3,0,0,1.0,0,0,0,0,0
2024,1,LA,REG,DET,34,49,317,1,1,2,-13,0,0,290,171,15,4.536420907523806,0.36535002291202545,0,23,83,1,0,0,8,-1.289133790129891,0,34,48,317,1,0,0,290,171,15,6.849217144150842,0,0,29,7,37,3,18,0,2.0,17.0,5,1,0,3,0,0,0,0,0,0,0,0,0,6,50,3,1,0,1,20,2,2,0,0,41.0,1.0,0,1,0,1,0,0,0,0,0,0,0,0,41;26,,,67,0,0,2,2,0,0,1.0,0,0,0,0,0
2024,1,LAC,REG,LV,17,26,144,1,0,1,-4,0,0,163,77,6,-4.875879753395097,-0.6245571374893188,0,27,176,1,0,0,5,0.27146262551844125,0,17,25,144,1,0,0,163,77,6,-1.9097435836588232,0,0,41,3,19,3,11,1,3.0,22.0,6,1,3,5,0,0,0,0,0,0,2,2,0,7,50,1,1,9,1,35,3,3,0,0,53.0,1.0,0,2,0,0,1,0,0,0,0,0,0,0,53;25;24,,,102,0,0,1,1,0,0,1.0,0,0,0,0,0
2024,1,LV,REG,LAC,25,33,257,1,1,4,-32,1,1,149,138,12,-1.242704641111882,1.0440231300890446,0,22,71,0,1,1,2,-18.512758815661073,0,25,32,257,1,0,0,149,138,12,11.28881685492841,0,0,29,5,21,2,5,0,1.0,4.0,5,0,0,2,0,0,0,0,0,0,0,0,0,2,15,3,2,28,1,28,1,2,1,0,32.0,0.5,0,0,1,0,0,0,0,0,0,1,0,0,32,49,,32,49,0,1,1,0,0,1.0,0,0,0,0,0
2024,1,MIA,REG,JAX,23,37,338,1,0,3,-19,0,0,228,243,11,4.323552238676893,-7.655266424020132,0,25,81,1,0,0,5,-2.7587864158640087,0,23,36,338,1,0,0,228,243,11,8.493112271224344,0,0,30,4,20,6,27,2,3.0,23.0,4,0,0,1,0,0,0,0,0,0,1,1,0,9,103,6,3,13,0,0,2,3,1,0,52.0,0.6666666666666666,0,0,1,0,1,0,0,0,0,1,0,0,37;52,42,,89,42,0,2,2,0,0,1.0,1,1,0,0,52
2024,1,MIN,REG,NYG,19,24,208,2,1,1,-7,0,0,195,68,8,9.554716408369131,16.699798729108732,0,26,111,1,0,0,7,0.806603261618875,0,19,23,208,2,1,1,195,68,8,12.914057561778463,0,0,34,8,24,6,27,0,5.0,20.0,12,2,10,6,1,0,0,0,0,0,0,0,0,7,63,3,1,0,0,0,0,0,0,0,,,0,0,0,0,0,0,0,0,0,0,0,0,,,,0,0,0,4,4,0,0,1.0,0,0,0,0,0
2024,1,NE,REG,CIN,15,24,121,0,0,1,-1,0,0,154,54,6,-1.9693797345901767,1.1327047710833371,0,39,170,1,1,0,11,0.3665717382100411,0,15,23,121,0,0,0,154,54,6,-0.5545559877016828,0,0,29,3,23,3,6,3,3.0,10.0,4,0,0,3,0,0,0,0,1,1,2,2,0,5,40,2,1,10,1,27,3,3,0,0,37.0,1.0,0,0,3,0,0,0,0,0,0,0,0,0,32;35;37,,,104,0,0,1,1,0,0,1.0,0,0,0,0,0
2024,1,NO,REG,CAR,19,24,200,3,0,1,-1,0,0,208,96,7,7.993490761951094,10.192334651947021,0,37,180,2,0,0,14,4.767348478038938,0,19,24,200,3,0,0,208,96,7,8.90482155314136,0,0,30,3,23,4,28,1,4.0,26.0,5,2,2,6,0,1,0,0,0,0,1,1,0,10,95,3,4,60,2,65,4,4,0,0,57.0,1.0,0,0,1,1,2,0,0,0,0,0,0,0,57;44;52;39,,,192,0,0,5,5,0,0,1.0,0,0,0,0,0
2024,1,NYG,REG,MIN,22,42,186,0,2,5,-20,0,0,216,83,8,-22.593837722959112,-10.656155802701651,0,21,74,0,0,0,6,-1.698632760264445,0,22,38,186,0,0,0,216,83,8,-15.052167356137765,0,0,37,3,9,4,14,1,1.0,7.0,2,1,1,4,0,1,0,0,1,1,1,1,0,9,95,4,1,0,1,22,2,2,0,0,50.0,1.0,0,1,0,0,1,0,0,0,0,0,0,0,23;50,,,73,0,0,0,0,0,0,,0,0,0,0,0
2024,1,NYJ,REG,SF,19,29,203,2,1,1,-5,0,0,195,117,11,5.5218193506153765,-2.0668061128978064,0,19,68,1,0,0,3,-3.0369235389952083,0,19,29,203,2,1,1,195,117,11,2.196982535955729,0,0,45,6,20,3,12,0,3.0,10.0,4,0,0,4,0,0,0,0,0,0,0,0,0,3,10,3,1,4,3,77,0,0,0,0,,,0,0,0,0,0,0,0,0,0,0,0,0,,,,0,0,0,1,1,0,0,1.0,0,0,0,0,0
2024,1,PHI,REG,GB,20,34,278,2,2,2,-12,0,0,237,170,14,11.177172094966746,1.243478162535308,0,38,144,2,2,1,10,-6.585977755311298,0,20,29,278,2,0,0,237,170,14,17.333494583610445,0,0,24,7,25,4,7,1,2.0,9.0,5,1,1,4,0,0,0,0,1,3,0,0,0,7,57,6,0,0,2,38,2,2,0,0,38.0,1.0,0,1,1,0,0,0,0,0,0,0,0,0,38;21,,,59,0,0,4,4,0,0,1.0,0,0,0,0,0
2024,1,PIT,REG,ATL,17,23,156,0,0,2,-23,0,0,128,54,6,-1.352276713480927,4.855539581992408,0,41,137,0,1,0,10,-5.234161121841074,0,17,22,156,0,0,0,128,54,6,3.547840257980175,0,0,30,5,19,3,21,0,2.0,18.0,7,2,49,5,0,0,0,0,1,1,1,1,0,9,60,4,4,47,0,0,6,6,0,0,57.0,1.0,0,1,0,2,3,0,0,0,0,0,0,0,57;51;44;56;40;25,,,273,0,0,0,0,0,0,,0,0,0,0,0
2024,1,SEA,REG,DEN,18,25,171,1,1,2,-13,0,0,167,67,11,-5.739696222050128,5.264541029930115,0,33,146,2,0,0,7,1.106174907006789,0,18,25,171,1,0,0,167,67,11,-3.373890967499479,0,0,50,6,16,6,18,2,2.0,6.0,8,2,4,6,0,1,0,0,0,0,1,1,0,6,41,4,1,0,3,74,2,2,0,0,50.0,1.0,0,1,0,0,1,0,0,0,0,0,0,0,50;28,,,78,0,0,2,2,0,0,1.0,0,0,0,0,0
2024,1,SF,REG,NYJ,19,29,231,0,0,3,-10,0,0,282,65,12,4.411567425682646,1.2239474674751023,0,38,180,2,0,0,12,2.5297741577378474,0,19,29,231,0,0,0,282,65,12,8.863423060883822,0,0,32,1,13,1,5,1,1.0,5.0,4,1,0,4,0,0,0,0,0,0,1,1,0,4,40,4,2,15,0,0,6,6,0,0,53.0,1.0,0,1,1,2,2,0,0,0,0,0,0,0,46;51;31;53;23;42,,,246,0,0,2,2,0,0,1.0,0,0,0,0,0
2024,1,TB,REG,WAS,24,30,289,4,0,1,-9,0,0,140,187,15,20.591765050842866,12.67606407403946,0,30,112,0,0,0,4,-6.825627435372475,0,24,30,289,4,0,0,140,187,15,23.164182658140987,0,0,32,2,24,3,24,2,2.0,23.0,2,0,0,2,0,0,0,0,0,0,0,0,0,7,46,1,1,15,1,22,3,3,0,0,56.0,1.0,0,1,1,0,1,0,0,0,0,0,0,0,56;34;29,,,119,0,0,4,4,0,0,1.0,0,0,0,0,0
2024,1,TEN,REG,CHI,19,32,127,1,2,3,-23,1,1,225,50,6,-18.171179407976318,4.881221000795012,0,26,140,1,0,0,9,2.058355855551781,0,19,27,127,1,0,0,225,50,6,1.2184758580406196,0,0,31,6,18,8,43,1,2.0,29.0,4,0,0,5,0,0,0,0,0,0,1,1,0,8,50,4,4,30,5,127,1,1,0,0,40.0,1.0,0,0,0,1,0,0,0,0,0,0,0,0,40,,,40,0,0,2,2,0,0,1.0,0,0,0,0,0
2024,1,WAS,REG,TB,17,24,184,0,0,2,-23,1,0,125,154,7,-1.738879481816272,-3.183149794737498,0,30,138,3,2,0,13,8.49417748983251,0,17,24,184,0,0,0,125,154,7,2.190909773673323,0,0,37,4,20,8,31,0,1.0,9.0,4,0,0,2,0,0,0,0,1,2,0,0,0,7,51,4,0,0,2,48,0,2,2,0,,0.0,0,0,0,0,0,0,0,0,0,1,1,0,,47;56,,0,103,0,2,2,0,0,1.0,0,0,0,0,0
2024,2,ARI,REG,LA,17,21,266,3,0,1,-8,0,0,214,101,9,18.101088591167418,17.547060478301276,0,40,231,1,2,1,15,3.402355659990622,0,17,21,266,3,0,0,214,101,9,19.874091297402693,0,0,30,6,24,12,33,1,5.0,24.0,9,0,0,2,0,0,0,0,1,1,1,1,1,5,52,0,2,30,0,0,2,2,0,0,57.0,1.0,0,0,0,1,1,0,0,0,0,0,0,0,48;57,,,105,0,0,5,5,0,0,1.0,0,0,0,0,0
2024,2,ATL,REG,PHI,20,29,241,2,0,1,-8,0,0,235,101,11,9.083101339781052,2.912838602888174,0,28,152,0,1,0,10,-0.43587328761578803,0,20,29,241,2,0,0,235,101,11,10.707860564181345,0,0,43,5,29,4,12,0,1.0,4.0,5,1,0,5,0,0,0,0,1,2,0,0,0,3,40,6,1,11,1,22,3,3,0,0,39.0,1.0,0,1,2,0,0,0,0,0,0,0,0,0,39;22;34,,,95,0,0,1,1,0,0,1.0,0,0,0,0,0
2024,2,BAL,REG,LV,21,34,247,1,1,2,-15,0,0,286,99,14,0.9536016024697052,-0.557377357636729,0,27,151,1,0,0,6,-1.6356536140083335,0,21,31,247,1,0,0,286,99,14,3.738728249217518,0,0,38,9,23,9,41,1,5.0,43.0,10,1,0,3,0,0,0,0,0,0,0,0,0,11,109,6,1,15,2,46,3,4,1,0,48.0,0.75,0,0,1,2,0,0,0,0,0,0,1,0,48;42;32,56,,122,56,0,2,2,0,0,1.0,0,0,0,0,0
2024,2,BUF,REG,MIA,13,19,139,1,0,0,0,0,0,139,86,5,11.151412883304674,4.197874002986486,0,26,108,2,0,0,7,-1.4613318584451918,0,13,18,139,1,0,0,139,86,5,11.755551975682993,0,0,46,6,20,10,31,0,2.0,13.0,5,3,62,4,1,0,0,0,1,1,0,0,0,1,5,6,0,0,1,25,1,2,1,0,43.0,0.5,0,0,0,1,0,0,0,0,0,1,0,0,43,45,,43,45,0,4,4,0,0,1.0,0,0,0,0,0
2024,2,CAR,REG,LAC,18,26,84,0,1,2,-15,0,0,77,62,3,-22.053371801159418,-6.463729188992426,0,18,90,0,0,0,4,-0.515035750460811,0,18,26,84,0,0,0,77,62,3,-17.126263064450658,0,0,33,11,35,1,2,1,1.0,0.0,2,1,0,2,0,0,0,0,0,0,1,1,0,9,90,4,1,13,3,81,1,1,0,0,38.0,1.0,0,0,1,0,0,0,0,0,0,0,0,0,38,,,38,0,0,0,0,0,0,,0,0,0,0,0
2024,2,CHI,REG,HOU,23,37,174,0,2,7,-40,0,0,285,131,7,-21.561364475864146,-1.2981588787892326,0,22,71,1,0,0,3,0.8611860875389539,0,23,34,174,0,0,0,285,131,7,-5.6355216225085485,0,0,37,10,22,6,35,1,3.0,25.0,4,0,0,5,0,0,0,0,0,0,1,1,0,9,60,6,1,1,2,50,2,2,0,0,54.0,1.0,0,0,0,0,2,0,0,0,0,0,0,0,53;54,,,107,0,0,1,1,0,0,1.0,0,0,0,0,0
2024,2,CIN,REG,KC,23,36,258,2,0,3,-12,1,1,225,122,12,3.9209349206325017,4.934283477418566,0,22,74,0,1,0,7,-1.1228848252212629,0,23,34,258,2,1,0,225,122,12,14.64119493113921,0,0,30,9,33,2,14,1,2.0,14.0,4,2,12,3,0,0,0,0,1,2,1,1,0,8,79,6,1,9,2,48,4,4,0,0,53.0,1.0,0,1,1,1,1,0,0,0,0,0,0,0,22;33;48;53,,,156,0,0,1,2,1,0,0.5,0,0,0,0,0
2024,2,CLE,REG,JAX,22,34,186,0,0,2,-14,0,0,217,67,7,1.2459541138457446,-0.45865268418283195,0,29,125,1,1,0,9,0.20607116405153647,0,22,33,186,0,0,0,217,67,7,5.211135228347064,0,0,33,6,6,9,34,1,4.0,24.0,7,0,0,5,0,0,1,0,1,1,0,0,0,13,100,5,3,25,1,25,3,3,0,0,53.0,1.0,0,0,1,1,1,0,0,0,0,0,0,0,53;38;44,,,135,0,0,1,1,0,0,1.0,0,0,0,0,0
2024,2,DAL,REG,NO,28,42,299,1,2,3,-14,1,0,345,162,13,-10.361268429662172,-2.2104173535253913,0,21,68,0,0,0,5,-0.5504379051271826,0,28,41,299,1,0,0,345,162,13,-5.751461288029278,0,0,29,6,24,2,3,0,1.0,1.0,1,1,0,3,0,0,0,0,1,1,0,0,0,4,26,3,0,0,5,121,4,4,0,0,52.0,1.0,0,0,1,2,1,0,0,0,0,0,0,0,52;38;48;40,,,178,0,0,1,1,0,0,1.0,0,0,0,0,0
2024,2,DEN,REG,PIT,20,35,246,0,2,2,-15,0,0,325,127,8,-8.624825167329673,-4.336511275985024,0,19,64,0,0,0,5,-4.989731757028494,0,20,33,246,0,0,0,325,127,8,-3.8735434935716144,0,0,34,8,32,4,11,0,2.0,7.0,6,0,0,1,0,0,0,0,0,0,0,0,0,9,124,6,3,20,0,0,2,2,0,0,35.0,1.0,0,1,1,0,0,0,0,0,0,0,0,0,35;29,,,64,0,0,0,0,0,0,,0,0,0,0,0
2024,2,DET,REG,TB,35,56,324,0,2,0,0,0,0,380,141,16,-10.030845283387853,-3.1969515220174216,0,27,139,1,0,0,7,4.316757281019818,0,35,53,324,0,0,0,380,141,16,-8.752342934402796,0,0,30,3,13,7,41,2,5.0,39.0,5,1,1,4,0,0,0,0,0,0,0,0,0,4,71,6,3,32,3,81,3,3,0,0,35.0,1.0,0,1,2,0,0,0,0,0,0,0,0,0,22;35;32,,,89,0,0,1,1,0,0,1.0,0,0,0,0,0
2024,2,GB,REG,IND,12,14,122,1,0,0,0,0,0,96,58,6,8.98679386245334,20.778585626528816,0,53,261,0,1,1,14,-9.126295293685253,0,12,13,122,1,0,0,96,58,6,9.841480804350464,0,0,25,5,11,4,14,1,1.0,6.0,3,3,19,7,0,2,0,0,0,0,0,0,0,6,50,4,1,0,0,0,3,4,1,0,46.0,0.75,0,0,1,2,0,0,0,0,0,1,0,0,46;42;34,45,,122,45,0,1,1,0,0,1.0,0,0,0,0,0
2024,2,HOU,REG,CHI,23,36,260,1,0,3,-25,0,0,277,132,11,1.6088561200666733,-3.2702985931845308,0,22,75,0,1,1,5,-12.136085074336734,0,23,34,260,1,0,0,277,132,11,6.921143983315527,0,0,39,8,20,9,45,0,7.0,40.0,11,2,9,3,0,0,0,0,0,0,0,0,0,12,115,3,3,11,3,98,4,4,0,0,59.0,1.0,0,0,0,1,3,0,0,0,0,0,0,0,56;47;59;53,,,215,0,0,1,1,0,0,1.0,0,0,0,0,0
2024,2,IND,REG,GB,17,34,204,1,3,1,-6,0,0,415,74,10,-8.040493547734384,-8.146408392537026,0,18,140,0,1,0,9,3.0598689914797994,0,17,31,204,1,1,0,415,74,10,-5.647044389268428,0,0,41,17,33,6,17,1,0.0,0.0,0,0,0,1,0,0,0,0,2,3,1,1,0,3,20,3,0,0,0,0,1,2,1,0,34.0,0.5,0,0,1,0,0,0,0,0,0,0,1,0,34,50,,34,50,0,1,1,0,0,1.0,0,0,0,0,0
2024,2,JAX,REG,CLE,14,30,220,0,0,4,-24,1,0,363,75,9,-6.101343733119739,-9.224460191196863,0,21,127,1,0,0,7,4.182587499846704,0,14,27,220,0,0,0,363,75,9,2.734626216883536,0,0,40,8,22,6,23,1,2.0,14.0,8,0,0,4,0,0,0,0,1,1,0,0,0,6,52,6,1,8,1,12,2,3,1,0,25.0,0.6666666666666666,0,2,0,0,0,0,0,0,0,1,0,0,22;25,43,,47,43,0,1,1,0,0,1.0,0,0,0,0,0
2024,2,KC,REG,CIN,18,25,151,2,2,2,-14,0,0,104,129,7,-9.668457253713648,4.608933692393096,0,32,149,0,1,1,9,4.591424105235327,0,18,23,151,2,0,0,104,129,7,-7.154885113553397,0,0,35,5,25,4,15,2,3.0,12.0,6,0,0,4,0,0,0,0,0,0,1,1,1,4,44,5,2,13,0,0,2,2,0,0,51.0,1.0,1,0,0,0,1,0,0,0,0,0,0,0,19;51,,,70,0,0,2,2,0,0,1.0,1,1,0,0,51
2024,2,LA,REG,ARI,19,27,216,0,0,5,-24,1,1,159,104,9,-11.159592631582587,1.4067500829696655,0,20,53,1,0,0,4,-2.5185954566986766,0,19,27,216,0,0,0,159,104,9,2.1559557625150774,0,0,40,6,26,6,15,1,1.0,8.0,1,0,0,1,0,0,0,0,0,0,1,1,0,2,10,3,1,12,1,41,1,1,0,0,29.0,1.0,0,1,0,0,0,0,0,0,0,0,0,0,29,,,29,0,0,1,1,0,0,1.0,0,0,0,0,0
2024,2,LAC,REG,CAR,14,20,130,2,1,1,0,1,1,141,64,8,1.4336512824779608,7.65847108866039,0,44,219,1,0,0,10,3.0392067674444636,0,14,19,130,2,0,0,141,64,8,6.980373627066449,0,0,28,6,24,4,19,0,2.0,15.0,2,1,3,5,0,0,0,0,0,0,0,0,0,3,15,3,1,15,1,13,2,2,0,0,46.0,1.0,0,0,0,2,0,0,0,0,0,0,0,0,46;42,,,88,0,0,2,3,1,0,0.6666666666666666,0,0,0,0,0
2024,2,LV,REG,BAL,30,38,276,1,1,5,-43,1,0,235,123,14,-2.416132526708786,15.88412639167574,0,17,27,1,0,0,1,-7.332608693103611,0,30,36,276,1,0,0,235,123,14,9.264726892899489,0,0,39,4,16,5,22,0,2.0,15.0,2,1,0,7,0,0,0,0,1,1,0,0,0,3,15,6,3,16,2,60,4,4,0,0,53.0,1.0,0,1,1,0,2,0,0,0,0,0,0,0,53;51;25;38,,,167,0,0,2,2,0,0,1.0,1,1,0,0,38
2024,2,MIA,REG,BUF,25,39,225,1,3,2,-13,0,0,309,153,12,-16.403839805340045,0.46911328225522586,0,34,139,0,0,0,8,-3.600879013480153,0,25,37,225,1,0,0,309,153,12,-3.0057420453813393,0,0,23,8,18,4,6,0,0.0,0.0,0,0,0,3,0,0,0,0,0,0,0,0,0,7,50,5,0,0,0,0,1,1,0,0,34.0,1.0,0,0,1,0,0,0,0,0,0,0,0,0,34,,,34,0,0,1,1,0,0,1.0,0,0,0,0,0
2024,2,MIN,REG,SF,17,26,268,2,1,4,-11,1,0,169,152,9,-1.9129185919414518,0.7061239331960678,0,24,146,0,1,0,9,3.16300510687881,0,17,24,268,2,1,1,169,152,9,0.3074657746942471,0,0,36,5,35,8,35,1,5.0,22.0,7,1,12,6,0,0,0,15,1,2,1,1,0,7,53,5,1,10,0,0,3,3,0,0,39.0,1.0,0,2,1,0,0,0,0,0,0,0,0,0,22;39;27,,,88,0,0,2,2,0,0,1.0,0,0,0,0,0
2024,2,NE,REG,SEA,15,27,149,1,0,3,-24,0,0,145,84,9,-0.1701063295014107,-4.117939248681068,0,36,185,1,1,0,8,3.894844313384965,0,15,24,149,1,0,0,145,84,9,7.882542271707889,0,0,35,10,28,4,13,0,3.0,15.0,6,0,0,5,0,0,0,0,1,1,0,0,0,3,42,6,2,24,0,0,2,3,0,1,29.0,0.6666666666666666,0,2,0,0,0,0,0,0,0,0,0,0,29;28,,48,57,0,48,2,2,0,0,1.0,0,0,0,0,0
2024,2,NO,REG,DAL,11,16,243,2,1,1,-1,0,0,133,133,8,14.025829735968728,3.058287501335144,0,39,190,4,0,0,15,10.420550820387,0,11,15,243,2,0,0,133,133,8,15.62471929617459,0,0,41,4,26,4,22,1,3.0,14.0,3,2,47,9,0,0,0,0,0,0,0,0,0,5,40,3,0,0,0,0,1,1,0,0,26.0,1.0,0,1,0,0,0,0,0,0,0,0,0,0,26,,,26,0,0,5,6,0,1,0.8333333333333334,0,0,0,0,0
2024,2,NYG,REG,WAS,16,28,178,2,0,1,-3,0,0,288,99,11,6.824964155646974,-3.138021517682959,0,22,129,1,1,1,5,-1.586131561663933,0,16,27,178,2,0,0,288,99,11,8.023227731028108,0,0,42,11,27,10,29,0,5.0,16.0,7,0,0,3,0,0,0,0,0,0,0,0,0,5,20,5,0,0,6,156,0,0,0,0,,,0,0,0,0,0,0,0,0,0,0,0,0,,,,0,0,0,0,1,1,0,0.0,0,0,0,0,0
2024,2,NYJ,REG,TEN,18,30,176,2,0,2,-12,0,0,167,96,9,1.6537689469747647,-8.622287779018798,0,24,101,1,0,0,6,0.30692852777428925,0,18,29,176,2,0,0,167,96,9,6.266517759393196,0,0,42,9,17,6,24,1,4.0,22.0,6,1,0,5,0,0,0,0,0,0,1,1,0,7,70,4,3,35,2,57,1,1,0,0,33.0,1.0,0,0,1,0,0,0,0,0,0,0,0,0,33,,,33,0,0,3,3,0,0,1.0,0,0,0,0,0
2024,2,PHI,REG,ATL,23,30,183,1,1,1,-4,0,0,185,57,12,1.8038242840881211,13.684329287759189,0,37,186,1,0,0,12,6.309903511675774,1,23,29,183,1,0,0,185,57,12,3.398829507848502,0,0,35,6,18,3,11,0,1.0,8.0,2,0,0,4,0,0,0,0,0,0,0,0,0,9,53,5,1,9,1,27,2,2,0,0,29.0,1.0,0,2,0,0,0,0,0,0,0,0,0,0,29;28,,,57,0,0,1,1,0,0,1.0,0,0,0,0,0
2024,2,PIT,REG,DEN,13,20,117,1,0,2,-7,0,0,145,52,7,2.2096759651995033,7.404281198978424,0,36,141,0,1,0,6,-9.206066779888271,0,13,18,117,1,0,0,145,52,7,5.669933944076556,0,0,31,6,20,6,26,0,2.0,15.0,7,2,5,6,0,0,0,0,1,2,0,0,0,10,78,5,5,27,1,13,2,2,0,0,53.0,1.0,0,1,0,0,1,0,0,0,0,0,0,0,22;53,,,75,0,0,1,1,0,0,1.0,0,0,0,0,0
2024,2,SEA,REG,NE,33,44,327,1,0,3,-15,0,0,361,161,11,9.29315744260666,8.508058134899581,0,19,46,1,0,0,6,-7.552909375405681,0,33,43,327,1,0,0,361,161,11,12.405683054414112,0,0,32,10,34,5,22,1,3.0,24.0,8,0,0,2,0,0,0,0,0,0,0,0,0,6,50,6,2,38,1,26,3,3,0,0,44.0,1.0,0,0,2,1,0,0,0,0,0,0,0,0,44;38;31,,,113,0,0,2,2,0,0,1.0,1,1,0,0,31
2024,2,SF,REG,MIN,28,36,319,1,1,6,-25,1,1,307,88,17,0.5646058952261228,8.449785163005192,0,25,102,1,1,0,5,-5.555035534036718,0,28,36,319,1,0,0,307,88,17,11.851828792627202,0,0,33,3,19,5,15,2,4.0,11.0,6,1,25,5,0,1,0,0,2,2,1,1,0,4,30,6,1,0,1,21,1,1,0,0,31.0,1.0,0,0,1,0,0,0,0,0,0,0,0,0,31,,,31,0,0,2,2,0,0,1.0,0,0,0,0,0
2024,2,TB,REG,DET,12,19,185,1,1,5,-39,2,0,152,90,9,-3.4361799402679942,-7.936860071985348,0,23,70,1,0,0,3,-1.1627125241793692,0,12,19,185,1,0,0,152,90,9,6.420764616129951,0,0,47,10,32,4,15,0,0.0,0.0,10,2,21,9,0,0,0,0,2,2,0,0,0,4,35,4,0,0,0,0,2,2,0,0,55.0,1.0,0,0,1,0,1,0,0,0,0,0,0,0,30;55,,,85,0,0,2,2,0,0,1.0,0,0,0,0,0
2024,2,TEN,REG,NYJ,19,28,192,1,1,4,-22,1,1,284,82,7,-6.44535794708645,6.956701587747643,0,28,130,1,0,0,9,1.0728724489365096,0,19,27,192,1,0,0,284,82,7,2.241281140886713,0,0,34,8,18,6,23,0,2.0,12.0,3,0,0,2,0,0,0,0,0,0,0,0,0,5,45,5,5,37,2,52,1,1,0,0,41.0,1.0,0,0,0,1,0,0,0,0,0,0,0,0,41,,,41,0,0,2,2,0,0,1.0,0,0,0,0,0
2024,2,WAS,REG,NYG,23,29,226,0,0,5,-16,0,0,122,142,11,4.707815975978937,6.406155536914693,0,35,215,0,0,0,9,5.679466244140436,0,23,29,226,0,0,0,122,142,11,10.602999941717485,0,0,28,7,21,2,5,1,1.0,3.0,4,0,0,4,0,0,0,0,0,0,1,1,0,10,69,5,1,24,1,35,7,7,0,0,45.0,1.0,0,4,2,1,0,0,0,0,0,0,0,0,27;45;26;27;29;33;30,,,217,0,0,0,0,0,0,,1,1,0,0,30
2024,3,ARI,REG,DET,21,34,207,1,1,1,-7,0,0,405,62,10,-5.631904723752118,-1.6049121232593786,0,18,77,0,0,0,2,-7.003579367040238,0,21,34,207,1,0,0,405,62,10,-4.2794528407285135,0,0,35,8,44,6,24,0,2.0,13.0,2,1,10,1,0,0,0,0,0,0,0,0,0,4,30,4,0,0,0,0,2,2,0,0,45.0,1.0,0,0,0,2,0,0,0,0,0,0,0,0,42;45,,,87,0,0,1,1,0,0,1.0,0,0,0,0,0
2024,3,ATL,REG,KC,20,29,230,1,1,2,-1,1,0,163,144,11,2.7967293687774433,6.606726182831657,0,25,82,1,0,0,5,-8.269807442149613,0,20,27,230,1,0,0,163,144,11,8.447093863214832,0,0,39,8,28,2,5,0,0.0,0.0,7,1,0,3,0,0,0,0,1,1,0,0,0,6,44,4,2,12,2,56,1,1,0,0,54.0,1.0,0,0,0,0,1,0,0,0,0,0,0,0,54,,,54,0,0,2,2,0,0,1.0,0,0,0,0,0
2024,3,BAL,REG,DAL,12,15,182,1,0,0,0,0,0,47,151,8,10.670858654775657,4.397090276082357,0,45,274,3,0,0,16,10.989561977972478,0,12,15,182,1,0,0,47,151,8,10.670858654775657,0,0,33,5,19,2,14,1,2.0,14.0,7,0,0,9,0,0,0,0,0,0,1,1,0,13,105,3,2,29,2,51,0,1,1,0,,0.0,0,0,0,0,0,0,0,0,0,1,0,0,,46,,0,46,0,4,4,0,0,1.0,0,0,0,0,0
2024,3,BUF,REG,JAX,24,31,266,4,0,0,0,0,0,171,187,15,21.381203995683077,12.893429348866144,0,29,122,2,0,0,9,4.964041513099801,0,24,30,266,4,0,0,171,187,15,21.64707704437043,0,0,34,6,20,6,54,1,5.0,53.0,10,1,19,8,0,0,0,0,0,0,1,1,0,6,47,5,2,41,1,32,2,2,0,0,43.0,1.0,0,1,0,1,0,0,0,0,0,0,0,0,27;43,,,70,0,0,5,6,0,1,0.8333333333333334,0,0,0,0,0
2024,3,CAR,REG,LV,26,37,319,3,0,2,-13,0,0,214,191,15,12.354778816505888,-2.4522924745405046,0,31,131,1,0,0,8,-0.9550784846126685,0,26,37,319,3,0,0,214,191,15,15.716128443182999,0,0,32,6,20,3,20,0,3.0,20.0,6,1,1,7,0,0,0,0,0,0,0,0,0,7,51,5,3,33,2,55,3,3,0,0,43.0,1.0,0,1,1,1,0,0,0,0,0,0,0,0,43;35;26,,,104,0,0,3,3,0,0,1.0,0,0,0,0,0
2024,3,CHI,REG,IND,33,52,363,2,2,4,-31,1,1,539,120,18,-7.584547264846883,2.7320085714260745,0,28,63,0,0,0,4,-9.621956518793013,0,33,48,363,2,0,0,539,120,18,6.311409039368477,0,0,25,7,23,3,15,0,1.0,11.0,3,2,2,5,0,0,0,0,0,0,0,0,0,4,25,6,2,4,1,26,1,2,1,0,53.0,0.5,0,0,0,0,1,0,0,0,0,0,1,0,53,56,,53,56,0,1,1,0,0,1.0,0,0,0,0,0
2024,3,CIN,REG,WAS,29,38,324,3,0,2,-12,0,0,283,120,18,16.027962973015356,9.191212136494485,0,20,124,1,0,0,11,6.4715818859112915,0,29,38,324,3,0,0,283,120,18,18.50755505935519,0,0,34,5,25,1,5,1,2.0,6.0,4,0,0,0,0,0,0,0,0,0,0,0,0,5,16,4,0,0,5,129,2,3,1,0,31.0,0.6666666666666666,0,1,1,0,0,0,0,0,0,1,0,0,28;31,48,,59,48,0,3,3,0,0,1.0,0,0,0,0,0
2024,3,CLE,REG,NYG,21,37,196,2,0,8,-48,1,1,289,74,7,-19.51902969374708,-7.469329152788437,1,18,69,0,1,1,8,-4.25600821885746,0,21,35,196,2,0,0,289,74,7,0.9414722513030283,1,0,36,10,28,4,17,2,2.0,8.0,9,0,0,4,0,0,0,0,0,1,2,2,0,5,48,4,5,38,0,0,0,1,1,0,,0.0,0,0,0,0,0,0,0,0,0,0,1,0,,53,,0,53,0,1,1,0,0,1.0,0,0,0,0,0
2024,3,DAL,REG,BAL,28,51,379,2,0,3,-18,1,0,482,140,18,6.197160795382595,-10.795586943626404,0,16,51,1,0,0,2,-0.8819276200956665,0,28,50,379,2,1,1,482,140,18,7.020452391967643,0,0,38,4,30,0,0,0,0.0,0.0,1,0,0,0,0,0,0,0,1,1,0,0,0,6,44,4,0,0,2,58,2,2,0,0,65.0,1.0,0,0,0,0,1,1,0,0,0,0,0,0,65;51,,,116,0,0,1,1,0,0,1.0,0,0,0,0,0
2024,3,DEN,REG,TB,25,36,216,0,0,0,0,0,0,248,99,8,2.115855223944337,4.943022394881532,0,28,136,2,1,1,10,1.4623855834361166,0,25,34,216,0,0,0,248,99,8,2.7600799294405487,0,0,31,6,28,5,31,1,7.0,31.0,9,1,37,3,0,0,0,0,0,0,1,1,0,5,51,3,1,27,0,0,4,4,0,0,43.0,1.0,0,0,2,2,0,0,0,0,0,0,0,0,43;38;33;43,,,157,0,0,2,2,0,0,1.0,0,0,0,0,0
2024,3,DET,REG,ARI,18,23,199,2,1,2,-13,0,0,179,101,11,5.869152297440451,10.704039985483341,0,43,187,1,0,0,12,-4.6248404624057,0,18,22,199,2,0,0,179,101,11,10.27387511084089,0,0,27,4,18,3,11,0,1.0,7.0,4,1,0,6,0,0,0,0,0,0,0,0,0,9,79,3,4,40,0,0,0,0,0,0,,,0,0,0,0,0,0,0,0,0,0,0,0,,,,0,0,0,2,3,1,0,0.6666666666666666,0,0,0,0,0
2024,3,GB,REG,TEN,13,19,202,1,0,3,-12,0,0,134,145,6,3.52078201780931,-1.1954061294856817,0,37,188,1,0,0,10,3.327799179009162,0,13,19,202,1,0,0,134,145,6,7.444457650218636,0,0,35,4,20,6,45,1,8.0,56.0,12,2,35,2,1,0,0,0,0,0,1,1,0,10,75,6,2,15,0,0,3,3,0,0,47.0,1.0,0,2,0,1,0,0,0,0,0,0,0,0,21;26;47,,,94,0,0,3,3,0,0,1.0,0,0,0,0,0
2024,3,HOU,REG,MIN,28,44,307,1,2,5,-49,0,0,265,165,16,-7.33475681115258,-5.398112535476685,0,14,38,0,0,0,0,-6.245107074500993,0,28,43,307,1,0,0,265,165,16,0.34620703319935586,0,0,32,7,19,6,31,1,4.0,25.0,6,0,0,3,0,0,0,0,0,0,0,0,0,11,88,3,3,5,1,27,0,1,1,0,,0.0,0,0,0,0,0,0,0,0,0,0,1,0,,54,,0,54,0,1,1,0,0,1.0,0,0,0,0,0
2024,3,IND,REG,CHI,10,20,167,0,2,1,-11,0,0,193,98,4,-10.29302441625623,-9.816450377305348,0,33,150,3,0,0,9,-0.5743996413657442,0,10,18,167,0,0,0,193,98,4,-7.447160929965321,0,0,41,11,39,7,41,1,4.0,31.0,6,2,5,5,0,0,0,0,0,0,1,1,0,9,78,4,1,19,1,30,0,0,0,0,,,0,0,0,0,0,0,0,0,0,0,0,0,,,,0,0,0,3,3,0,0,1.0,0,0,0,0,0
2024,3,JAX,REG,BUF,26,46,200,1,1,5,-53,1,1,326,70,10,-26.135840916369272,-7.019093903628265,0,17,92,0,0,0,7,9.583695617038757,0,26,44,200,1,0,0,326,70,10,-10.828788343587586,0,0,31,4,34,4,5,0,0.0,0.0,1,0,0,3,0,0,0,0,0,0,0,0,0,7,45,2,0,0,1,27,1,1,0,0,41.0,1.0,0,0,0,1,0,0,0,0,0,0,0,0,41,,,41,0,0,1,1,0,0,1.0,0,0,0,0,0
2024,3,KC,REG,ATL,26,39,217,2,1,0,0,0,0,206,140,13,2.4128778593004547,1.2870259582996368,0,33,128,0,0,0,9,4.451743943786865,0,26,36,217,2,0,0,206,140,13,5.279611543653129,0,0,34,4,24,8,22,1,2.0,1.0,10,1,15,5,0,0,0,0,0,0,0,0,0,6,61,4,1,12,2,51,3,3,0,0,53.0,1.0,0,1,0,1,1,0,0,0,0,0,0,0,53;44;21,,,118,0,0,1,2,1,0,0.5,0,0,0,0,0
2024,3,LA,REG,SF,16,26,221,1,0,3,-23,0,0,297,82,8,2.8970194602902923,2.076447269190914,0,26,98,2,0,0,8,3.679339290498019,0,16,23,221,1,0,0,297,82,8,8.77773531481446,0,0,28,11,43,4,10,2,1.0,4.0,3,0,0,2,0,0,0,0,0,0,1,1,0,8,75,4,1,38,0,0,2,2,0,0,37.0,1.0,0,0,2,0,0,0,0,0,0,0,0,0,33;37,,,70,0,0,3,3,0,0,1.0,1,1,0,0,37
2024,3,LAC,REG,PIT,14,20,149,1,0,5,-44,1,0,188,66,7,-2.04759807778274,6.364506483078003,0,20,61,0,0,0,4,-5.363125078147277,0,14,19,149,1,0,0,188,66,7,6.338083648255716,0,0,34,14,30,8,30,0,2.0,13.0,5,1,0,4,0,0,0,0,2,3,0,0,0,7,69,6,1,5,2,37,1,1,0,0,28.0,1.0,0,1,0,0,0,0,0,0,0,0,0,0,28,,,28,0,0,1,1,0,0,1.0,0,0,0,0,0
2024,3,LV,REG,CAR,27,40,296,2,1,3,-20,0,0,313,135,15,1.258779373342212,-2.864982455204692,1,16,55,1,0,0,3,-6.242436064989306,0,27,39,296,2,0,0,313,135,15,6.080885582925792,1,0,38,10,30,3,10,0,2.0,13.0,5,0,0,5,0,0,0,0,0,0,0,0,0,6,54,4,1,0,2,53,0,1,1,0,,0.0,0,0,0,0,0,0,0,0,0,0,1,0,,57,,0,57,0,2,2,0,0,1.0,0,0,0,0,0
2024,3,MIA,REG,SEA,20,32,186,0,0,6,-46,2,0,206,94,8,-17.322424943065293,-0.16044484030815814,0,18,65,0,1,0,4,-6.790042087202767,0,20,31,186,0,0,0,206,94,8,-5.836505242448766,0,0,33,7,29,6,23,0,3.0,19.0,7,2,2,5,0,0,0,0,2,2,0,0,0,11,85,6,1,44,3,91,1,2,1,0,23.0,0.5,0,1,0,0,0,0,0,0,0,0,1,0,23,57,,23,57,0,0,0,0,0,,0,0,0,0,0
2024,3,MIN,REG,HOU,17,28,181,4,0,4,-25,1,0,191,67,12,5.25261193368137,0.974176287651062,0,28,118,0,0,0,5,1.1676012267707847,0,17,25,181,4,0,0,191,67,12,11.267959744783772,0,0,37,4,20,9,57,0,5.0,49.0,8,2,8,8,0,0,0,0,1,1,0,0,0,5,30,4,1,10,1,19,2,2,0,0,58.0,1.0,0,0,1,0,1,0,0,0,0,0,0,0,35;58,,,93,0,0,4,4,0,0,1.0,0,0,0,0,0
2024,3,NE,REG,NYJ,16,26,120,0,0,7,-59,0,0,187,65,6,-16.376350643018135,-3.532356396317482,0,15,78,0,1,1,4,-2.807611048279796,0,16,24,120,0,0,0,187,65,6,0.18273952700163765,0,0,48,5,27,5,24,1,2.0,14.0,4,0,0,1,0,0,0,0,0,0,0,0,0,5,70,2,2,12,1,18,1,1,0,0,44.0,1.0,0,0,0,1,0,0,0,0,0,0,0,0,44,,,44,0,0,0,0,0,0,,0,0,0,0,0
2024,3,NO,REG,PHI,14,25,142,1,1,1,-12,0,0,168,50,7,0.5845496743514786,-6.906113417252253,0,29,89,0,0,0,5,-11.72025279776426,0,14,23,142,1,0,0,168,50,7,3.9314370668090524,0,0,45,6,16,7,25,2,4.0,23.0,8,1,23,3,0,0,0,9,0,0,1,1,0,3,25,4,1,0,0,0,2,2,0,0,38.0,1.0,0,0,2,0,0,0,0,0,0,0,0,0,34;38,,,72,0,0,0,0,0,0,,0,0,0,0,0
2024,3,NYG,REG,CLE,24,35,236,2,0,2,-8,0,0,228,163,13,8.88400541737792,5.554602601948908,0,32,112,1,1,1,9,-11.894253889938105,0,24,33,236,2,0,0,228,163,13,14.328801712952554,0,0,26,12,32,5,32,1,8.0,48.0,17,0,0,3,0,0,0,0,1,1,2,2,0,9,68,3,2,19,2,52,0,1,1,0,,0.0,0,0,0,0,0,0,0,0,0,1,0,0,,48,,0,48,0,3,3,0,0,1.0,0,0,0,0,0
2024,3,NYJ,REG,NE,27,35,281,2,0,2,-14,0,0,226,152,16,18.204784605805415,12.662459734608143,0,33,133,1,1,0,9,-0.2528911581612192,0,27,34,281,2,0,0,226,152,16,20.9522944088463,0,0,30,0,20,5,39,1,7.0,59.0,15,0,0,2,0,0,0,0,0,0,1,1,0,8,106,5,4,27,1,27,1,2,1,0,28.0,0.5,0,1,0,0,0,0,0,0,0,1,0,0,28,45,,28,45,0,3,3,0,0,1.0,0,0,0,0,0
2024,3,PHI,REG,NO,29,38,311,0,1,4,-23,1,1,266,194,11,-5.0485688447872175,9.867376006311838,0,25,172,2,0,0,8,7.155128308062674,1,29,36,311,0,1,0,266,194,11,8.378582373735123,0,0,33,6,20,6,21,0,1.0,12.0,4,1,0,8,0,0,0,0,0,0,0,0,0,7,45,4,1,6,3,77,0,1,1,0,,0.0,0,0,0,0,0,0,0,0,0,0,0,1,,60,,0,60,0,1,1,0,0,1.0,0,0,0,0,0
2024,3,PIT,REG,LAC,25,32,245,1,1,2,-13,0,0,176,144,9,8.205475067990267,10.247888295881209,0,31,114,1,0,0,7,-5.779756551666651,0,25,31,245,1,0,0,176,144,9,11.018287304914434,0,0,26,9,21,7,46,1,5.0,44.0,7,0,0,1,0,0,0,0,0,0,0,0,0,3,15,3,2,20,0,0,2,3,1,0,38.0,0.6666666666666666,0,0,2,0,0,0,0,0,0,0,0,1,38;30,62,,68,62,0,2,2,0,0,1.0,0,0,0,0,0
2024,3,SEA,REG,MIA,26,34,289,1,2,3,-19,0,0,186,152,13,-0.8126982188896363,6.66955348217126,0,23,100,2,0,0,7,0.5435255383781623,0,26,33,289,1,0,0,186,152,13,5.977383873390863,0,0,36,4,22,8,52,2,6.0,46.0,12,0,0,3,0,0,0,0,1,1,0,0,0,11,92,2,2,19,2,58,1,2,1,0,56.0,0.5,0,0,0,0,1,0,0,0,0,0,1,0,56,53,,56,53,0,3,3,0,0,1.0,0,0,0,0,0
2024,3,SF,REG,LA,22,30,292,3,0,1,-4,1,1,328,64,13,14.322098457225366,8.349133332570393,0,34,137,0,0,0,9,-1.3017469860914634,0,22,30,292,3,0,0,328,64,13,17.407834183453815,0,0,28,7,21,5,27,0,3.0,23.0,5,0,0,4,0,0,0,0,0,0,0,0,0,7,111,6,1,9,0,0,1,2,1,0,26.0,0.5,0,1,0,0,0,0,0,0,0,0,1,0,26,55,,26,55,0,3,3,0,0,1.0,0,0,0,0,0
2024,3,TB,REG,DEN,25,33,163,1,1,7,-31,0,0,121,109,11,-18.282071196561446,3.9307611994445324,0,16,91,0,0,0,4,2.0204903000267223,0,25,32,163,1,1,1,121,109,11,-10.874446295696544,0,0,33,5,33,2,7,1,0.0,0.0,2,0,0,5,0,0,0,0,0,0,1,1,0,5,19,0,0,0,2,54,0,0,0,0,,,0,0,0,0,0,0,0,0,0,0,0,0,,,,0,0,0,1,1,0,0,1.0,0,0,0,0,0
2024,3,TEN,REG,GB,26,34,260,2,2,8,-56,1,1,231,135,14,-16.97985835390864,5.699415680240184,0,11,33,0,0,0,3,-2.482685139053501,0,26,34,260,2,0,0,231,135,14,1.1944177414407022,0,0,39,10,20,6,21,0,3.0,12.0,3,0,0,0,0,0,0,0,0,0,0,0,0,2,15,5,2,24,3,84,0,0,0,0,,,0,0,0,0,0,0,0,0,0,0,0,0,,,,0,0,0,2,2,0,0,1.0,0,0,0,0,0
2024,3,WAS,REG,CIN,21,23,254,2,0,2,-6,0,0,215,98,13,21.611945293380504,28.350129917911865,0,32,108,3,0,0,8,4.47502223259653,0,21,23,254,2,1,0,215,98,13,24.317942184631338,0,0,35,7,25,3,8,0,2.0,12.0,5,0,0,3,0,0,0,0,1,1,0,0,0,3,28,5,0,0,2,87,1,1,0,0,42.0,1.0,0,0,0,1,0,0,0,0,0,0,0,0,42,,,42,0,0,5,5,0,0,1.0,0,0,0,0,0
2024,4,ARI,REG,WAS,16,22,142,1,0,4,-27,0,0,139,63,5,-0.43325262336293235,0.4131769592111777,0,32,181,1,1,0,13,1.0338713781675324,0,16,22,142,1,1,1,139,63,5,1.433816438249778,0,0,41,6,26,1,5,0,0.0,0.0,1,1,0,2,0,0,0,0,2,2,0,0,0,4,82,4,1,4,5,130,0,0,0,0,,,0,0,0,0,0,0,0,0,0,0,0,0,,,,0,0,0,2,2,0,0,1.0,0,0,0,0,0
2024,4,ATL,REG,NO,21,35,238,0,1,1,-11,1,0,336,122,9,-1.0691966593920248,-6.7785017630633195,0,15,88,0,0,0,4,2.073740382678807,0,21,34,238,0,0,0,336,122,9,1.4031255233378155,0,0,49,5,29,4,11,0,1.0,4.0,3,1,47,3,1,0,0,0,1,1,1,1,1,9,76,3,0,0,2,39,4,4,0,0,58.0,1.0,0,0,0,2,2,0,0,0,0,0,0,0,53;44;42;58,,,197,0,0,2,2,0,0,1.0,1,1,0,0,58
2024,4,BAL,REG,BUF,14,19,157,2,0,1,-1,0,0,115,93,9,7.776752790377941,12.691443496280248,0,34,271,2,2,1,11,8.081387339596404,0,14,18,157,2,0,0,115,93,9,11.468754698929843,0,0,26,1,33,5,32,1,3.0,27.0,8,0,0,2,0,0,0,0,1,1,1,1,1,8,79,2,3,34,0,0,0,0,0,0,,,0,0,0,0,0,0,0,0,0,0,0,0,,,,0,0,0,5,5,0,0,1.0,0,0,0,0,0
2024,4,BUF,REG,BAL,17,31,182,0,0,3,-27,1,1,338,63,6,-8.318630842511155,0.41212638219197667,0,23,81,1,0,0,5,0.5883175671052472,0,17,27,182,0,0,0,338,63,6,3.7579261861974373,0,0,34,6,24,6,11,2,1.0,1.0,3,0,0,1,0,1,0,0,1,1,1,1,0,4,38,1,2,6,0,0,1,2,1,0,50.0,0.5,0,0,0,0,1,0,0,0,0,1,0,0,50,48,,50,48,0,1,1,0,0,1.0,0,0,0,0,0
2024,4,CAR,REG,CIN,25,41,220,2,1,0,0,0,0,312,107,12,0.07048617661835466,-3.9688724279403687,0,29,155,1,0,0,10,0.18390045076375827,0,25,40,220,2,0,0,312,107,12,0.4997269795033876,0,0,40,3,29,3,12,0,0.0,0.0,2,1,33,4,0,0,0,0,0,0,0,0,0,6,37,6,3,16,0,0,1,1,0,0,48.0,1.0,0,0,0,1,0,0,0,0,0,0,0,0,48,,,48,0,0,3,3,0,0,1.0,0,0,0,0,0
2024,4,CHI,REG,LA,17,23,157,1,0,3,-24,1,0,144,101,7,2.0835151902956746,10.312128879807213,0,28,131,2,0,0,7,-1.0305798316549044,0,17,22,157,1,0,0,144,101,7,7.6270107246328,0,0,35,6,20,7,25,1,3.0,21.0,6,1,0,3,0,0,0,0,1,1,1,1,0,10,84,3,1,16,1,27,1,1,0,0,40.0,1.0,0,0,0,1,0,0,0,0,0,0,0,0,40,,,40,0,0,3,3,0,0,1.0,0,0,0,0,0
2024,4,CIN,REG,CAR,22,31,232,2,1,0,0,0,0,172,145,14,8.988195129815722,3.6830759048461914,0,31,141,2,0,0,7,1.3753520831428792,0,22,30,232,2,0,0,172,145,14,9.623916879092576,0,0,36,5,29,0,0,0,0.0,0.0,2,1,32,8,0,0,0,0,0,0,0,0,0,5,39,6,1,3,5,106,2,2,0,0,56.0,1.0,0,0,0,1,1,0,0,0,0,0,0,0,56;46,,,102,0,0,4,4,0,0,1.0,0,0,0,0,0
2024,4,CLE,REG,LV,24,32,176,1,1,3,-27,0,0,172,102,9,-6.92235081968829,4.124236479401588,0,22,92,0,1,0,7,0.19945883522202545,0,24,32,176,1,0,0,172,102,9,-1.4459163282299414,0,0,35,5,17,4,23,1,2.0,14.0,4,0,0,1,0,0,0,0,1,2,1,1,1,5,38,4,2,30,4,92,1,1,0,0,56.0,1.0,0,0,0,0,1,0,0,0,0,0,0,0,56,,,56,0,0,1,2,1,0,0.5,0,0,0,0,0
2024,4,DAL,REG,NYG,22,27,221,2,0,1,-8,0,0,149,114,10,10.9522814873646,13.090057556445787,0,23,80,0,0,0,5,-0.5565302424141021,0,22,26,221,2,1,0,149,114,10,13.417159545542019,0,0,48,3,19,6,20,1,1.0,4.0,3,1,0,6,0,0,0,0,0,0,0,0,0,11,89,3,0,0,0,0,2,3,1,0,60.0,0.6666666666666666,0,0,0,1,0,1,0,0,0,0,1,0,60;40,51,,100,51,0,2,2,0,0,1.0,0,0,0,0,0
2024,4,DEN,REG,NYJ,12,25,60,1,0,0,0,0,0,253,34,3,-12.965077901084442,-14.79930990934372,0,31,126,0,0,0,8,0.4171546433187525,0,12,25,60,1,1,1,253,34,3,-15.80292656616075,0,0,39,12,30,8,41,1,5.0,41.0,14,0,0,4,0,0,0,0,0,0,1,1,0,5,74,4,1,5,0,0,1,2,1,0,47.0,0.5,0,0,0,1,0,0,0,0,0,0,1,0,47,50,,47,50,0,1,1,0,0,1.0,0,0,0,0,0
2024,4,DET,REG,SEA,19,19,299,3,0,3,-26,0,0,79,220,12,19.62252349901246,25.5992696473473,0,28,116,3,0,0,8,2.347525879915338,0,19,19,299,3,0,0,79,220,12,24.765890129550826,0,0,48,2,18,5,18,1,3.0,12.0,9,1,0,9,0,0,0,31,0,0,1,1,0,12,101,2,1,6,1,26,0,0,0,0,,,0,0,0,0,0,0,0,0,0,0,0,0,,,,0,0,0,6,6,0,0,1.0,0,0,0,0,0
2024,4,GB,REG,MIN,32,54,389,4,3,1,-10,0,0,574,155,19,-5.017132399455281,-1.3447275868168487,1,19,86,0,0,0,4,-0.286818896594923,0,32,54,389,4,1,1,574,155,19,-7.422432874122741,1,0,35,13,23,5,29,1,2.0,21.0,3,1,0,2,0,0,0,0,0,0,2,2,0,8,68,5,1,1,0,0,0,2,2,0,,0.0,0,0,0,0,0,0,0,0,1,1,0,0,,37;49,,0,86,0,3,3,0,0,1.0,0,0,0,0,0
2024,4,HOU,REG,JAX,27,40,345,2,0,2,-11,0,0,322,165,20,14.305587934855184,1.5790648949451964,0,26,101,1,0,0,5,-3.6329726284893695,0,27,39,345,2,0,0,322,165,20,16.72439417580729,0,0,35,2,18,3,24,0,1.0,14.0,3,0,0,5,0,1,0,0,0,0,0,0,0,12,93,5,3,19,0,0,1,1,0,0,30.0,1.0,0,0,1,0,0,0,0,0,0,0,0,0,30,,,30,0,0,3,3,0,0,1.0,0,0,0,0,0
2024,4,IND,REG,PIT,19,30,239,2,0,2,-14,0,0,328,97,13,12.035855433657881,6.097733229398727,0,32,133,1,1,0,7,-7.047715415829105,0,19,28,239,2,0,0,328,97,13,16.034871707657466,0,0,40,8,18,5,43,2,4.0,30.0,9,0,0,5,0,0,0,0,1,1,2,2,0,4,38,1,1,5,0,0,2,3,1,0,35.0,0.6666666666666666,0,0,2,0,0,0,0,0,0,0,1,0,33;35,54,,68,54,0,3,3,0,0,1.0,0,0,0,0,0
2024,4,JAX,REG,HOU,18,33,169,2,0,1,-14,0,0,376,42,11,-1.3805359188538402,-7.820608094334602,0,24,158,0,0,0,5,0.6137301662238315,0,18,32,169,2,0,0,376,42,11,2.3269265348951906,0,0,41,7,19,4,15,0,2.0,11.0,6,0,0,5,0,0,0,0,1,1,1,1,0,6,45,4,2,2,3,62,2,2,0,0,52.0,1.0,0,0,0,1,1,0,0,0,0,0,0,0,41;52,,,93,0,0,2,2,0,0,1.0,0,0,0,0,0
2024,4,KC,REG,LAC,19,29,245,1,1,3,-17,0,0,197,91,8,-1.606492255345728,-6.731149341378892,0,26,101,1,1,1,6,-3.232880006828002,0,19,28,245,1,0,0,197,91,8,4.2425807496213395,0,0,30,6,16,5,19,1,2.0,10.0,10,0,0,4,0,0,0,0,0,0,0,0,0,5,40,1,3,15,0,0,1,2,1,0,37.0,0.5,0,0,1,0,0,0,0,0,0,0,0,1,37,65,,37,65,0,2,2,0,0,1.0,0,0,0,0,0
2024,4,LA,REG,CHI,20,29,224,0,1,3,-21,1,1,201,87,11,-2.2876256965415545,-0.008961044508833896,0,26,119,1,0,0,8,4.495432088228249,0,20,29,224,0,0,0,201,87,11,6.57633419768298,0,0,29,5,29,4,25,1,3.0,24.0,3,0,0,0,0,0,0,0,0,0,0,0,0,6,44,4,1,17,0,0,4,5,1,0,52.0,0.8,0,1,1,1,1,0,0,0,0,1,0,0,46;37;25;52,43,,160,43,0,0,0,0,0,,0,0,0,0,0
2024,4,LAC,REG,KC,16,27,179,1,0,2,-10,0,0,193,128,9,-2.0499847903784856,-6.547607426290158,0,24,55,0,1,0,4,-9.293384593519363,0,16,27,179,1,0,0,193,128,9,0.2863326456926272,0,0,29,7,27,2,8,1,3.0,17.0,4,1,29,5,0,2,0,0,1,2,1,1,0,9,51,6,0,0,0,0,1,2,1,0,50.0,0.5,0,0,0,0,1,0,0,0,0,0,1,0,50,55,,50,55,0,1,1,0,0,1.0,0,0,0,0,0
2024,4,LV,REG,CLE,14,24,130,0,0,2,-14,0,0,198,75,7,-3.775178223637057,-13.652257869640987,0,29,152,2,1,1,8,-4.670251815172378,0,14,24,130,0,0,0,198,75,7,-0.6254335323098426,0,0,38,7,23,4,23,0,3.0,27.0,11,1,16,4,0,0,0,0,0,0,0,0,0,6,49,3,2,24,2,49,2,2,0,0,52.0,1.0,0,0,1,0,1,0,0,0,0,0,0,0,52;34,,,86,0,0,2,2,0,0,1.0,0,0,0,0,0
2024,4,MIA,REG,TEN,14,22,96,0,0,2,-18,0,0,176,55,4,-11.76269284277302,-2.9854900780178255,0,30,106,1,1,1,7,-12.64754059583705,0,14,21,96,0,0,0,176,55,4,-5.338186632516653,0,0,32,6,38,8,23,0,1.0,8.0,3,1,0,4,0,0,0,0,0,1,0,0,0,10,98,4,1,27,0,0,2,2,0,0,56.0,1.0,0,0,0,1,1,0,0,0,0,0,0,0,44;56,,,100,0,0,0,0,0,0,,0,0,0,0,0
2024,4,MIN,REG,GB,20,28,275,3,1,2,-21,1,1,289,115,11,8.12683829251762,10.92310161502273,0,34,120,1,0,0,8,-7.618806134676561,0,20,27,275,3,0,0,289,115,11,16.50894101697486,0,0,32,11,21,3,13,1,1.0,10.0,10,3,28,12,0,1,0,0,0,0,1,1,0,7,55,5,2,10,2,41,1,1,0,0,33.0,1.0,0,0,1,0,0,0,0,0,0,0,0,0,33,,,33,0,0,4,4,0,0,1.0,0,0,0,0,0
2024,4,NE,REG,SF,19,32,168,1,1,6,-25,3,1,169,106,8,-15.768360736456145,-8.48247641697526,0,24,73,0,1,1,2,-13.750462266766222,0,19,32,168,1,0,0,169,106,8,-6.126150734515306,0,0,32,5,25,3,14,1,1.0,5.0,4,1,0,5,0,0,0,0,2,2,1,1,0,3,20,6,3,39,1,30,2,2,0,0,63.0,1.0,0,0,0,0,1,1,0,0,0,0,0,0,63;54,,,117,0,0,1,1,0,0,1.0,0,0,0,0,0
2024,4,NO,REG,ATL,28,36,239,0,1,1,-4,0,0,193,112,11,-0.10868627467999481,4.90975578625997,0,33,131,3,0,0,12,4.319097685191082,0,28,36,239,0,0,0,193,112,11,0.9384414074535834,0,0,26,7,19,2,17,1,1.0,11.0,4,1,1,7,0,1,0,0,0,0,0,0,0,6,60,4,2,17,5,133,1,1,0,0,43.0,1.0,0,0,0,1,0,0,0,0,0,0,0,0,43,,,43,0,0,3,3,0,0,1.0,0,0,0,0,0
2024,4,NYG,REG,DAL,29,40,281,0,1,1,-4,0,0,399,120,12,4.439631956087325,10.309940184417524,0,24,26,0,0,0,6,-7.315824701916426,0,29,38,281,0,0,0,399,120,12,6.102848703678291,0,0,35,2,16,5,14,1,1.0,8.0,3,0,0,3,0,0,0,0,1,1,0,0,0,4,35,3,1,22,4,87,5,5,0,0,52.0,1.0,0,1,1,2,1,0,0,0,0,0,0,0,52;41;38;22;42,,,195,0,0,0,0,0,0,,0,0,0,0,0
2024,4,NYJ,REG,DEN,24,42,225,0,0,5,-41,0,0,306,96,10,-12.087542063718368,-7.390321900204912,0,23,64,0,0,0,4,-4.991027051878291,0,24,41,225,0,1,1,306,96,10,-3.7025043395277435,0,0,25,8,24,7,16,1,0.0,0.0,2,0,0,2,0,0,0,0,0,0,1,1,0,13,90,6,5,31,2,50,3,4,1,0,40.0,0.75,0,1,1,1,0,0,0,0,0,0,1,0,23;35;40,50,,98,50,0,0,0,0,0,,0,1,1,0,50
2024,4,PHI,REG,TB,18,30,158,1,0,6,-44,2,1,280,62,6,-10.592363961273804,-3.572190424491618,0,20,113,1,0,0,9,6.9710944058024324,0,18,29,158,1,0,0,280,62,6,4.135303787246812,0,0,39,5,25,4,16,0,2.0,13.0,2,0,0,8,0,1,0,0,1,1,0,0,0,5,41,2,2,0,1,23,0,0,0,0,,,0,0,0,0,0,0,0,0,0,0,0,0,,,,0,0,0,2,2,0,0,1.0,0,0,0,0,0
2024,4,PIT,REG,IND,22,34,312,1,0,4,-30,1,1,240,156,11,3.5540258744648563,1.2370032258331776,0,30,122,2,1,0,11,-1.5704440991394222,0,22,32,312,1,1,1,240,156,11,6.704983981035184,0,0,32,6,32,4,6,1,2.0,14.0,8,0,0,3,0,0,0,0,1,2,0,0,0,6,53,5,1,30,0,0,1,1,0,0,50.0,1.0,0,0,0,0,1,0,0,0,0,0,0,0,50,,,50,0,0,3,3,0,0,1.0,0,0,0,0,0
2024,4,SEA,REG,DET,38,56,395,1,1,3,-12,0,0,305,214,22,8.867202348405169,-0.8045807761966031,0,19,133,3,0,0,11,6.834324427851243,0,38,53,395,1,1,1,305,214,22,5.725611080046416,0,0,33,3,23,4,28,0,3.0,26.0,4,0,0,0,0,0,1,0,0,0,0,0,0,9,70,5,2,1,2,54,0,1,1,0,,0.0,0,0,0,0,0,0,0,0,0,0,0,1,,62,,0,62,0,3,3,0,0,1.0,0,0,0,0,0
2024,4,SF,REG,NE,15,27,288,1,1,1,-5,0,0,382,91,12,6.95503554671041,2.7807365243251514,0,32,148,1,2,0,8,-0.49849547137273476,0,15,26,288,1,0,0,382,91,12,8.962424513799764,0,0,36,4,26,7,30,4,6.0,25.0,10,1,45,5,1,0,0,0,2,4,2,2,0,6,43,3,3,16,1,23,3,3,0,0,41.0,1.0,0,2,0,1,0,0,0,0,0,0,0,0,22;26;41,,,89,0,0,3,3,0,0,1.0,0,0,0,0,0
2024,4,TB,REG,PHI,30,47,347,2,0,2,-13,0,0,302,195,18,9.35312564888418,-5.938815816919859,0,25,111,2,1,0,10,1.6805151656153612,0,30,47,347,2,0,0,302,195,18,12.920751404211934,0,0,31,4,18,7,46,2,6.0,44.0,6,0,0,4,0,0,0,0,1,1,2,2,0,3,20,2,2,16,1,14,2,2,0,0,52.0,1.0,0,1,0,0,1,0,0,0,0,0,0,0,21;52,,,73,0,0,3,4,0,1,0.75,0,0,0,0,0
2024,4,TEN,REG,MIA,12,21,110,0,1,1,-8,0,0,85,53,5,-6.952122295981004,-4.5257058408525275,0,40,142,2,0,0,8,-0.08564660006082558,0,12,18,110,0,0,0,85,53,5,-4.6470931068203765,0,0,33,3,23,7,27,0,2.0,18.0,5,0,0,1,0,0,1,0,0,0,1,1,0,8,69,5,3,40,1,21,5,5,0,0,53.0,1.0,0,1,0,1,3,0,0,0,0,0,0,0,53;52;47;51;29,,,232,0,0,2,2,0,0,1.0,0,0,0,0,0
2024,4,WAS,REG,ARI,26,30,233,1,1,0,0,0,0,174,122,14,14.161258280229596,14.327281812826792,1,37,216,4,0,0,13,14.105544106044556,0,26,30,233,1,0,0,174,122,14,14.161258280229596,1,0,39,4,28,3,15,3,4.0,27.0,7,0,0,1,0,0,0,0,0,0,1,1,0,5,49,2,1,16,0,0,2,2,0,0,45.0,1.0,0,0,1,1,0,0,0,0,0,0,0,0,45;38,,,83,0,0,4,4,0,0,1.0,0,0,0,0,0
2024,5,ARI,REG,SF,19,30,195,1,1,1,-6,0,0,222,94,10,-1.8273485221899808,-2.2448358933130907,0,26,169,1,1,0,9,7.659981798366095,1,19,30,195,1,0,0,222,94,10,-0.43497066739944223,0,0,33,3,25,4,15,1,2.0,13.0,5,2,0,9,0,0,0,0,0,0,1,1,0,1,5,1,1,1,2,66,3,4,0,1,42.0,0.75,0,0,2,1,0,0,0,0,0,0,0,0,30;42;35,,45,107,0,45,1,1,0,0,1.0,0,0,0,0,0
2024,5,ATL,REG,TB,42,59,509,4,1,4,-32,0,0,443,238,25,21.490232694731496,6.726542335969431,0,18,73,0,0,0,2,-3.3651848236913793,0,42,54,509,4,1,0,443,238,25,29.62373172644333,0,0,32,6,24,6,17,2,1.0,7.0,1,0,0,1,0,0,0,0,0,0,1,1,0,8,74,4,0,0,0,0,3,5,1,1,54.0,0.6,0,0,0,1,2,0,0,0,0,1,0,0,54;48;52,41,54,154,41,54,3,3,0,0,1.0,0,0,0,0,0
2024,5,BAL,REG,CIN,26,42,348,4,0,1,-3,0,0,382,166,18,21.248209867206043,-0.482871474289314,0,34,175,1,1,1,12,0.8258838318926891,0,26,41,348,4,0,0,382,166,18,23.084012615597914,0,0,40,6,22,5,28,0,3.0,21.0,9,1,0,6,0,0,0,0,1,2,0,0,0,5,21,6,1,11,2,22,2,2,0,0,56.0,1.0,0,1,0,0,1,0,0,0,0,0,0,0,56;24,,,80,0,0,5,5,0,0,1.0,1,1,0,0,24
2024,5,BUF,REG,HOU,9,30,131,1,0,1,-5,0,0,370,103,5,-5.131946196880337,-27.194740032327587,0,28,150,1,0,0,9,4.24351724126609,0,9,29,131,1,0,0,370,103,5,-3.182116011724022,0,0,47,8,16,7,13,1,1.0,0.0,6,1,1,1,0,0,0,0,0,0,1,1,0,4,25,4,1,5,1,26,2,2,0,0,38.0,1.0,0,0,2,0,0,0,0,0,0,0,0,0,38;33,,,71,0,0,2,2,0,0,1.0,0,0,0,0,0
2024,5,CAR,REG,CHI,22,35,194,0,1,4,-22,0,0,271,74,9,-12.85899922437155,-0.4626169349208018,0,19,120,1,0,0,5,4.18227383994963,0,22,33,194,0,2,2,271,74,9,-9.70198077952144,0,0,37,5,35,2,9,0,1.0,8.0,2,0,0,2,0,0,0,0,2,2,0,0,0,4,18,4,2,20,3,101,1,2,1,0,27.0,0.5,0,1,0,0,0,0,0,0,0,1,0,0,27,45,,27,45,0,1,1,0,0,1.0,0,0,0,0,0
2024,5,CHI,REG,CAR,20,29,304,2,0,1,-8,0,0,208,182,12,14.142914184585296,2.8370167527879975,0,39,128,3,0,0,11,0.21940904916846193,0,20,28,304,2,0,0,208,182,12,16.94447306052976,0,0,34,5,23,3,13,2,4.0,22.0,10,1,0,6,0,0,0,0,0,0,2,2,0,5,46,1,1,6,3,80,1,1,0,0,33.0,1.0,0,0,1,0,0,0,0,0,0,0,0,0,33,,,33,0,0,3,4,1,0,0.75,0,0,0,0,0
2024,5,CIN,REG,BAL,30,39,392,5,1,3,-21,0,0,322,169,19,23.61106959625613,11.795467711411991,0,23,71,0,0,0,3,-6.039970235441949,1,30,39,392,5,0,0,322,169,19,28.62705249368446,0,0,39,7,25,3,7,0,1.0,3.0,7,0,0,3,0,0,1,0,0,0,1,1,0,4,24,6,1,13,1,27,0,1,1,0,,0.0,0,0,0,0,0,0,0,0,0,0,1,0,,53,,0,53,0,4,4,0,0,1.0,0,0,0,0,0
2024,5,CLE,REG,WAS,16,29,141,1,0,7,-33,1,1,253,90,7,-14.26473358310836,-7.9966700502804295,0,23,104,0,0,0,4,-3.770869032421615,0,16,28,141,1,0,0,253,90,7,0.4834925914183259,0,0,40,8,18,9,23,2,3.0,17.0,4,1,0,7,0,0,0,0,0,0,1,1,0,9,52,5,3,26,6,153,2,2,0,0,51.0,1.0,0,0,1,0,1,0,0,0,0,0,0,0,51;31,,,82,0,0,1,1,0,0,1.0,0,0,0,0,0
2024,5,DAL,REG,PIT,29,42,352,2,2,2,-16,1,1,298,168,14,10.677303028626843,3.0997478380435863,0,31,109,0,1,0,9,-2.1891508125293417,0,29,41,352,2,0,0,298,168,14,19.938362087515195,0,0,33,5,23,4,18,2,3.0,16.0,8,0,0,5,0,0,0,0,1,1,1,1,0,11,87,6,0,0,1,38,2,3,0,1,55.0,0.6666666666666666,0,0,1,0,1,0,0,0,0,0,0,0,55;33,,38,88,0,38,2,2,0,0,1.0,0,0,0,0,0
2024,5,DEN,REG,LV,19,27,206,2,0,3,-26,0,0,144,147,9,2.4855613098209925,2.3926575596516004,0,28,109,1,0,0,7,-3.098659616021905,0,19,26,206,2,0,0,144,147,9,6.961126731798073,0,0,33,8,22,5,19,0,3.0,16.0,6,3,100,6,1,0,0,0,1,2,0,0,0,9,44,4,2,54,2,61,2,2,0,0,51.0,1.0,0,0,0,1,1,0,0,0,0,0,0,0,51;44,,,95,0,0,4,4,0,0,1.0,0,0,0,0,0
2024,5,GB,REG,LA,15,26,224,2,1,2,-22,1,0,209,123,8,-0.7490976510351732,-12.448083758354187,0,30,126,1,0,0,9,1.801629213267006,0,15,25,224,2,0,0,209,123,8,9.70365809353383,0,0,33,10,42,4,28,1,3.0,24.0,10,1,28,5,0,0,0,0,0,0,1,1,0,7,39,5,0,0,0,0,1,1,0,0,46.0,1.0,0,0,0,1,0,0,0,0,0,0,0,0,46,,,46,0,0,3,3,0,0,1.0,0,0,0,0,0
2024,5,HOU,REG,BUF,28,38,331,1,1,1,0,1,1,241,181,13,6.2263078053876795,6.011677128928045,0,28,94,1,0,0,5,-10.110249008983374,0,28,35,331,1,0,0,241,181,13,12.275560794954192,0,0,26,7,19,7,19,0,1.0,5.0,9,0,0,5,0,0,0,0,0,0,0,0,0,7,65,4,5,66,1,31,3,3,0,0,59.0,1.0,0,0,0,1,2,0,0,0,0,0,0,0,50;47;59,,,156,0,0,2,2,0,0,1.0,1,1,0,0,59
2024,5,IND,REG,JAX,34,45,383,3,0,4,-35,1,1,343,157,17,12.850539694453717,8.592811889118614,0,20,99,1,0,0,7,4.61683579464443,0,34,45,383,3,0,0,343,157,17,18.46035613262728,0,0,36,5,25,4,7,2,0.0,0.0,0,1,0,5,0,0,0,0,0,0,1,1,0,5,34,6,1,11,1,29,2,2,0,0,37.0,1.0,0,0,2,0,0,0,0,0,0,0,0,0,30;37,,,67,0,0,4,4,0,0,1.0,0,0,0,0,0
2024,5,JAX,REG,IND,28,34,371,2,1,0,0,0,0,225,221,13,16.75668474577833,11.406061228583843,0,23,126,2,1,0,6,2.403215676616542,0,28,34,371,2,1,1,225,221,13,13.477222524117678,0,0,41,8,24,5,36,1,4.0,35.0,5,0,0,4,0,0,0,0,1,1,1,1,0,3,25,2,3,68,0,0,3,3,0,0,49.0,1.0,0,1,1,1,0,0,0,0,0,0,0,0,23;30;49,,,102,0,0,4,4,0,0,1.0,1,1,0,0,49
2024,5,KC,REG,NO,28,39,331,0,1,2,-10,0,0,167,253,15,2.9501115496304946,10.074329814490149,0,39,139,2,1,0,11,7.242739104861052,0,28,34,331,0,0,0,167,253,15,7.786056863296247,0,0,27,4,20,3,13,0,1.0,8.0,9,1,0,4,0,0,0,0,1,1,0,0,0,6,55,4,4,32,3,69,4,5,1,0,38.0,0.8,0,2,2,0,0,0,0,0,0,0,1,0,26;34;28;38,51,,126,51,0,2,2,0,0,1.0,0,0,0,0,0
2024,5,LA,REG,GB,29,45,260,1,1,3,-24,0,0,367,117,11,-8.955648682371248,-5.189737412664624,0,28,134,1,1,1,12,1.4758056274587288,0,29,45,260,1,0,0,367,117,11,-3.4179704898851924,0,0,28,7,25,4,40,1,2.0,22.0,3,1,4,4,1,0,0,0,0,0,0,0,0,5,30,6,1,0,3,74,0,0,0,0,,,0,0,0,0,0,0,0,0,0,0,0,0,,,,0,0,0,1,2,0,1,0.5,0,0,0,0,0
2024,5,LV,REG,DEN,22,37,231,1,3,3,-16,0,0,315,126,13,-15.700496037917512,-3.0823329256640575,0,25,115,1,0,0,5,2.578967162277084,1,22,36,231,1,0,0,315,126,13,-10.33033280443244,0,0,35,3,25,8,36,0,3.0,26.0,4,0,0,3,0,0,0,0,0,0,0,0,0,11,79,5,0,0,1,23,1,1,0,0,40.0,1.0,0,0,0,1,0,0,0,0,0,0,0,0,40,,,40,0,0,1,1,0,0,1.0,0,0,0,0,0
2024,5,MIA,REG,NE,18,31,194,0,1,3,-15,0,0,286,71,10,-3.4954294045830725,-6.814700365066528,0,41,193,1,0,0,14,-2.109887379046995,0,18,31,194,0,0,0,286,71,10,0.6820682960806491,0,0,26,7,23,5,17,0,2.0,12.0,9,0,0,6,0,0,0,2,2,4,0,0,0,6,54,1,1,12,1,19,3,4,1,0,54.0,0.75,0,0,1,1,1,0,0,0,0,1,0,0,54;32;47,41,,133,41,0,0,0,0,0,,0,0,0,0,0
2024,5,MIN,REG,NYJ,15,32,203,0,1,4,-32,0,0,423,57,9,-9.424193167950591,-6.356002922569001,0,30,82,1,1,1,6,-8.2703697104007,0,15,28,203,0,1,0,423,56,9,1.395673421873922,0,0,38,6,18,4,31,1,3.0,26.0,11,3,63,9,1,0,0,0,0,1,0,0,0,11,80,0,3,6,0,0,3,3,0,0,54.0,1.0,0,0,0,1,2,0,0,0,0,0,0,0,54;53;41,,,148,0,0,2,2,0,0,1.0,0,0,0,0,0
2024,5,NE,REG,MIA,18,34,160,0,0,2,-12,0,0,285,78,8,-8.80810501502878,-4.313632448514303,0,19,151,1,0,0,6,4.3938566372786365,0,18,30,160,0,0,0,285,78,8,-2.9404084860655013,0,0,40,9,37,5,19,1,3.0,15.0,5,1,2,5,0,0,0,0,0,0,1,1,0,12,105,4,1,15,1,24,1,2,1,0,38.0,0.5,0,0,1,0,0,0,0,0,1,0,0,0,38,33,,38,33,0,1,1,0,0,1.0,0,0,0,0,0
2024,5,NO,REG,KC,20,35,182,2,1,1,-8,0,0,404,55,11,-2.656317566812504,3.235814766958356,0,15,46,0,0,0,1,-2.428565491223708,0,20,32,182,2,0,0,404,55,11,0.5986860198318027,0,0,49,4,42,4,28,1,2.0,10.0,6,1,37,2,0,0,0,0,0,0,0,0,0,5,70,6,1,10,3,85,0,0,0,0,,,0,0,0,0,0,0,0,0,0,0,0,0,,,,0,0,0,1,2,1,0,0.5,0,0,0,0,0
2024,5,NYG,REG,SEA,23,34,257,2,0,3,-12,1,0,174,119,14,7.590214311905704,4.769680769212785,0,34,175,0,1,1,8,-8.423931156765203,0,23,31,257,2,0,0,174,119,14,14.100164271603834,0,1,33,9,23,6,44,1,7.0,53.0,10,0,0,7,0,0,0,60,1,1,1,1,0,2,20,1,2,6,3,68,3,3,0,0,38.0,1.0,0,1,2,0,0,0,0,0,0,0,0,0,38;31;24,,,93,0,0,2,2,0,0,1.0,0,0,0,0,0
2024,5,NYJ,REG,MIN,29,54,244,2,3,3,-26,1,0,410,123,13,-16.156328739288377,-7.941246091150767,0,14,36,0,0,0,2,-7.671176619187463,0,29,51,244,2,0,0,410,123,13,-8.645961008073876,0,0,38,6,16,6,34,0,4.0,32.0,7,1,0,6,0,0,0,0,1,1,1,1,0,8,76,4,2,31,2,50,1,1,0,0,32.0,1.0,0,0,1,0,0,0,0,0,0,0,0,0,32,,,32,0,0,2,2,0,0,1.0,0,0,0,0,0
2024,5,PIT,REG,DAL,16,28,150,2,0,3,-16,1,0,313,76,7,-2.0389582784555387,-0.7408049244147082,0,26,92,0,0,0,6,4.565974211653602,0,16,26,150,2,0,0,313,76,7,4.721967029181542,0,0,48,4,22,3,14,2,2.0,16.0,6,2,18,6,0,0,0,0,1,1,1,1,0,8,50,3,0,0,4,101,1,1,0,0,41.0,1.0,0,0,0,1,0,0,0,0,0,0,0,0,41,,,41,0,0,2,2,0,0,1.0,0,0,0,0,0
2024,5,SEA,REG,NYG,28,40,284,1,0,7,-53,0,0,198,143,14,-4.120158323491427,-0.4964416607832291,0,11,102,0,0,0,3,4.089411549910437,0,28,39,284,1,1,1,198,143,14,4.576841934237658,0,0,40,11,33,2,17,2,3.0,12.0,5,0,0,1,0,0,0,0,0,0,1,1,1,6,30,4,1,7,3,85,2,3,0,1,48.0,0.6666666666666666,0,0,0,2,0,0,0,0,0,0,0,0,43;48,,47,91,0,47,2,2,0,0,1.0,0,0,0,0,0
2024,5,SF,REG,ARI,19,35,244,1,2,2,-13,0,0,301,103,13,-0.8968391142674834,-2.797040715813637,0,26,153,0,1,1,9,-1.734660887683276,0,19,32,244,1,0,0,301,103,13,5.135683420914635,0,1,28,10,28,4,11,1,1.0,6.0,2,1,30,7,0,0,0,61,0,0,0,0,0,4,21,5,0,0,1,32,3,3,0,0,28.0,1.0,0,3,0,0,0,0,0,0,0,0,0,0,28;20;26,,,74,0,0,2,2,0,0,1.0,0,0,0,0,0
2024,5,TB,REG,ATL,19,24,180,3,0,1,-7,0,0,121,112,12,9.387637990161814,6.2360314031442,0,26,160,0,1,1,8,-0.7246332958033577,0,19,24,180,3,1,0,121,112,12,11.228279228299904,0,0,48,7,17,6,36,1,4.0,32.0,11,1,7,8,0,0,0,0,1,1,0,0,0,5,47,4,0,0,4,146,3,3,0,0,53.0,1.0,0,0,1,0,2,0,0,0,0,0,0,0,53;32;53,,,138,0,0,3,3,0,0,1.0,0,0,0,0,0
2024,5,WAS,REG,CLE,15,28,236,1,1,3,-17,0,0,309,90,8,-0.9223825228038671,-7.97054624115979,0,34,215,3,2,1,10,6.4146547142008785,0,15,27,236,1,0,0,309,90,8,4.532160429320163,0,0,40,8,24,7,34,1,7.0,33.0,11,0,0,5,0,0,0,0,1,1,1,1,0,5,31,3,2,33,2,46,2,2,0,0,30.0,1.0,0,1,1,0,0,0,0,0,0,0,0,0,27;30,,,57,0,0,4,4,0,0,1.0,0,0,0,0,0
2024,6,ARI,REG,GB,22,32,214,1,0,0,0,0,0,192,100,8,7.708929887737185,-1.0782554745674133,0,23,89,0,1,1,8,-5.149869621614926,0,22,32,214,1,2,2,192,98,8,-1.6988502986523883,0,0,33,13,39,3,3,0,0.0,0.0,2,1,0,5,0,0,0,0,0,1,0,0,0,13,100,5,0,0,6,156,2,2,0,0,40.0,1.0,0,0,1,1,0,0,0,0,0,0,0,0,38;40,,,78,0,0,1,1,0,0,1.0,0,0,0,0,0
2024,6,ATL,REG,CAR,19,30,225,1,0,0,0,0,0,182,103,11,12.311614662975455,0.8670506806209135,0,38,198,3,0,0,14,6.617834193080782,1,19,29,225,1,1,1,182,103,11,7.705437393028671,0,0,36,3,25,4,11,2,0.0,0.0,3,2,46,5,0,0,0,0,0,0,0,0,0,5,45,2,3,29,1,25,3,3,0,0,35.0,1.0,0,1,2,0,0,0,0,0,0,0,0,0,21;31;35,,,87,0,0,3,3,0,0,1.0,0,0,0,0,0
2024,6,BAL,REG,WAS,20,26,323,1,1,2,-15,0,0,257,149,16,11.001631377484559,15.832777500152588,0,37,176,2,0,0,10,-2.487146359052862,0,20,25,323,1,0,0,257,149,16,15.109275480510963,0,0,35,4,16,4,17,0,3.0,16.0,8,0,0,5,0,0,0,0,1,2,0,0,0,3,33,3,1,4,4,104,3,3,0,0,45.0,1.0,0,0,2,1,0,0,0,0,0,0,0,0,45;32;39,,,116,0,0,3,3,0,0,1.0,0,0,0,0,0
2024,6,BUF,REG,NYJ,19,25,215,2,0,2,-5,1,0,203,84,10,10.847876160386026,18.946687553239904,0,33,149,1,0,0,10,5.230886419711169,0,19,23,215,2,0,0,203,84,10,14.300222331987701,0,0,32,8,22,5,22,1,3.0,22.0,5,1,0,8,0,0,0,0,1,1,0,0,0,11,94,3,0,0,1,24,1,2,1,0,22.0,0.5,0,1,0,0,0,0,0,0,0,1,0,0,22,47,,22,47,0,2,3,1,0,0.6666666666666666,0,0,0,0,0
2024,6,CAR,REG,ATL,26,38,221,2,2,0,0,0,0,259,74,14,-4.906794649207466,2.3560120447261936,0,24,114,0,0,0,9,-1.2027608566149528,0,26,37,221,2,2,0,259,74,14,-3.5520617502043024,0,0,36,6,26,0,0,1,0.0,0.0,3,0,0,6,0,0,0,0,0,0,1,1,0,10,74,6,1,12,4,89,2,2,0,0,40.0,1.0,0,1,0,1,0,0,0,0,0,0,0,0,24;40,,,64,0,0,2,2,0,0,1.0,0,0,0,0,0
2024,6,CHI,REG,JAX,23,29,226,4,1,3,-5,0,0,106,148,14,14.273044016386848,15.892489598347588,0,29,152,1,1,0,8,2.706324268863414,0,23,26,226,4,0,0,106,148,14,19.204115425935015,0,0,34,13,23,4,30,2,4.0,30.0,8,1,10,6,0,0,0,0,1,1,1,1,0,2,10,5,0,0,0,0,0,1,0,1,,0.0,0,0,0,0,0,0,0,0,0,0,0,0,,,43,0,0,43,5,5,0,0,1.0,0,0,0,0,0
2024,6,CIN,REG,NYG,19,28,208,0,0,4,-25,0,0,156,101,10,-0.5126924400629438,11.067321378251782,0,20,121,2,2,1,3,2.1833913431037217,0,19,23,208,0,0,0,156,101,10,10.349100046092644,0,0,39,3,27,3,16,0,2.0,15.0,6,1,24,8,0,0,0,0,0,0,0,0,0,6,67,2,3,13,1,31,1,1,0,0,37.0,1.0,0,0,1,0,0,0,0,0,0,0,0,0,37,,,37,0,0,2,2,0,0,1.0,0,0,0,0,0
2024,6,CLE,REG,PHI,16,23,168,0,0,5,-24,0,0,130,127,7,1.5159850724068882,-0.5168279875879702,0,25,100,0,0,0,6,-2.601207382202473,0,16,23,168,0,0,0,130,127,7,7.028435963647745,0,1,39,8,20,5,15,0,1.0,8.0,2,0,0,3,0,0,0,50,0,0,0,0,0,7,55,4,2,26,0,0,3,4,1,0,49.0,0.75,0,0,1,2,0,0,0,0,0,0,1,0,43;49;31,52,,123,52,0,1,1,0,0,1.0,0,0,0,0,0
2024,6,DAL,REG,DET,25,44,224,0,3,4,-26,0,0,322,106,10,-23.01426785709255,-7.9444021679634265,0,17,53,0,0,0,2,-2.7531282074633054,0,25,43,224,0,2,2,322,106,10,-25.17912235782798,0,0,40,3,27,4,25,1,3.0,26.0,7,0,0,2,0,0,0,0,0,0,0,0,0,4,30,4,0,0,4,194,3,3,0,0,50.0,1.0,0,0,1,1,1,0,0,0,0,0,0,0,34;47;50,,,131,0,0,0,0,0,0,,0,0,0,0,0
2024,6,DEN,REG,LAC,19,33,216,2,1,2,-10,0,0,330,65,10,-3.4612769858357497,-5.980653362348676,0,18,110,0,1,1,7,0.15607624544601784,0,19,32,216,2,0,0,330,65,10,1.0810472651938907,0,0,42,4,32,5,17,1,3.0,15.0,6,0,0,6,0,0,0,0,0,0,0,0,0,7,37,5,1,10,1,31,1,1,0,0,40.0,1.0,0,0,0,1,0,0,0,0,0,0,0,0,40,,,40,0,0,1,1,0,0,1.0,0,0,0,0,0
2024,6,DET,REG,DAL,19,27,334,3,0,3,-26,0,0,266,180,14,16.2058296359676,6.047889590263367,0,36,184,2,1,0,12,7.724767157313181,0,19,27,334,3,0,0,266,180,14,23.152748618879603,0,0,37,2,24,5,27,2,4.0,26.0,11,3,47,10,0,0,0,0,1,1,2,2,0,8,63,1,1,6,1,34,4,4,0,0,48.0,1.0,0,0,2,2,0,0,0,0,0,0,0,0,40;48;33;33,,,154,0,0,5,5,0,0,1.0,0,0,0,0,0
2024,6,GB,REG,ARI,22,32,258,4,1,0,0,0,0,194,138,15,14.854657110941345,4.1647218888805755,0,38,179,0,0,0,9,0.5061315910425037,0,22,31,258,4,0,0,194,138,15,15.319034413035707,0,0,41,4,14,2,3,2,0.0,0.0,1,0,0,2,0,0,0,0,0,0,3,3,0,5,40,2,3,47,2,60,2,3,1,0,41.0,0.6666666666666666,0,0,1,1,0,0,0,0,0,1,0,0,36;41,44,,77,44,0,4,4,0,0,1.0,0,0,0,0,0
2024,6,HOU,REG,NE,20,32,192,3,1,2,-16,0,0,265,62,13,1.8557457199326897,1.2386372973841997,0,28,192,2,1,0,6,5.194489736517426,0,20,31,192,3,0,0,265,62,13,5.975539792434444,0,0,38,8,28,8,40,3,4.0,34.0,8,2,28,6,0,0,0,0,1,2,2,2,0,4,38,0,4,30,1,25,2,3,1,0,46.0,0.6666666666666666,0,0,1,1,0,0,0,0,0,1,0,0,39;46,40,,85,40,0,5,5,0,0,1.0,0,0,0,0,0
2024,6,IND,REG,TEN,22,38,189,2,1,0,0,0,0,341,100,11,1.573393039544328,-4.214818278948465,0,28,80,0,0,0,4,-7.837673876373698,0,22,36,189,2,0,0,341,100,11,3.005742493137234,0,0,34,8,16,2,6,1,0.0,0.0,4,1,0,7,0,0,0,0,0,0,0,0,0,5,40,2,4,67,1,27,2,2,0,0,26.0,1.0,0,2,0,0,0,0,0,0,0,0,0,0,26;22,,,48,0,0,2,2,0,0,1.0,0,0,0,0,0
2024,6,JAX,REG,CHI,24,36,240,2,1,4,-30,0,0,306,121,14,6.976886574400382,6.896072796412875,0,20,68,0,0,0,3,-1.1710519643966109,0,24,35,240,2,1,1,306,121,14,7.673965782264971,0,0,35,3,25,3,5,1,3.0,5.0,5,1,22,2,0,0,0,0,1,1,0,0,0,8,43,1,2,27,4,125,1,1,0,0,30.0,1.0,0,0,1,0,0,0,0,0,0,0,0,0,30,,,30,0,0,1,1,0,0,1.0,0,0,0,0,0
2024,6,LAC,REG,DEN,21,34,237,1,0,3,-15,1,0,283,123,10,8.115746300136228,1.4173978759396444,0,38,128,1,0,0,10,-3.4060390732774977,0,21,31,237,1,0,0,283,123,10,13.99758121092358,0,0,27,5,17,2,12,1,2.0,10.0,5,1,25,6,0,0,0,0,1,1,1,1,0,3,20,1,2,26,0,0,3,3,0,0,46.0,1.0,0,1,1,1,0,0,0,0,0,0,0,0,20;33;46,,,99,0,0,2,2,0,0,1.0,0,0,0,0,0
2024,6,LV,REG,PIT,27,40,227,1,1,1,-9,0,0,238,145,11,-3.816641160883475,-2.3128253382605455,0,19,57,1,2,2,5,-11.065612592268735,0,27,37,227,1,0,0,238,145,11,-0.6709093707758003,0,0,21,15,41,8,39,0,3.0,35.0,6,0,0,4,0,1,0,-4,1,1,0,0,0,4,42,6,3,-1,1,31,0,0,0,0,,,0,0,0,0,0,0,0,0,0,0,0,0,,,,0,0,0,1,1,0,0,1.0,0,0,0,0,0
2024,6,NE,REG,HOU,20,33,243,3,2,4,-34,1,1,230,131,12,-9.781366722367238,-3.2566384923073537,0,26,82,0,0,0,3,-4.25241336756153,0,20,31,243,3,1,1,230,131,12,-4.461408959410619,0,0,31,8,28,4,11,0,2.0,16.0,5,1,35,4,0,2,0,0,0,0,0,0,0,9,50,1,2,16,6,139,0,0,0,0,,,0,0,0,0,0,0,0,0,0,0,0,0,,,,0,0,0,3,3,0,0,1.0,0,0,0,0,0
2024,6,NO,REG,TB,22,40,243,1,2,5,-21,0,0,326,109,14,-13.846393132651176,-12.420791073849323,0,21,81,1,1,0,4,-4.212358797669136,0,22,38,243,1,2,1,326,109,14,-14.12469433422666,0,1,42,9,37,4,18,1,1.0,8.0,2,3,50,11,0,0,0,0,1,2,0,0,0,7,70,4,2,56,1,25,2,2,0,0,42.0,1.0,0,1,0,1,0,0,0,0,0,0,0,0,42;29,,,71,0,0,3,3,0,0,1.0,0,0,0,0,0
2024,6,NYG,REG,CIN,22,41,205,0,1,2,-15,0,0,278,127,10,-15.26495139174108,-8.316019011868368,0,31,119,1,0,0,11,3.9119349543761928,0,22,36,205,0,0,0,278,127,10,-3.8541352763545254,0,0,24,3,35,7,33,2,4.0,25.0,7,0,0,2,0,0,0,0,0,0,1,1,0,2,9,5,2,1,0,0,0,2,2,0,,0.0,0,0,0,0,0,0,0,0,0,2,0,0,,47;45,,0,92,0,1,1,0,0,1.0,0,0,0,0,0
2024,6,NYJ,REG,BUF,23,35,294,2,1,3,-22,1,0,257,138,12,11.15705159996046,-0.4692192463313821,0,21,121,0,0,0,6,-0.023232848849147558,0,23,34,294,2,0,0,257,138,12,12.715297080253867,0,0,33,7,27,2,6,1,2.0,5.0,2,0,0,2,0,0,0,0,1,1,0,0,0,11,110,6,1,8,1,33,2,4,2,0,34.0,0.5,0,1,1,0,0,0,0,0,1,1,0,0,34;22,32;43,,56,75,0,2,2,0,0,1.0,0,0,0,0,0
2024,6,PHI,REG,CLE,16,25,264,2,0,1,-8,0,0,249,135,11,7.14371745643391,2.2574149072170258,0,36,116,0,0,0,8,-0.8704433896346018,0,16,24,264,2,0,0,249,135,11,9.830260708093244,0,0,30,7,29,4,11,0,5.0,24.0,10,0,0,2,0,0,0,0,1,1,0,0,0,5,40,1,4,51,3,75,2,3,0,1,49.0,0.6666666666666666,0,0,0,2,0,0,0,0,0,0,0,0,49;44,,57,93,0,57,2,2,0,0,1.0,0,0,0,0,0
2024,6,PIT,REG,LV,14,24,145,0,0,3,-35,0,0,227,44,6,-0.4326682375336195,-6.723664636197297,0,35,183,3,1,0,12,3.7760049556282134,0,14,23,145,0,0,0,227,44,6,6.085839296096365,0,0,36,8,18,7,20,2,1.0,9.0,3,1,24,5,0,0,0,0,1,2,2,2,0,7,50,0,0,0,2,33,4,4,0,0,52.0,1.0,0,0,2,1,1,0,0,0,0,0,0,0,52;49;37;36,,,174,0,0,2,2,0,0,1.0,0,0,0,0,0
2024,6,SEA,REG,SF,30,52,312,1,2,1,-6,0,0,452,173,18,3.71631644625354,0.584320227305096,0,20,52,1,0,0,3,-3.4613853989867494,0,30,48,312,1,1,0,452,173,18,7.825684821814274,0,1,38,7,23,4,6,0,0.0,0.0,4,0,0,4,0,0,0,0,1,1,0,0,0,9,69,6,0,0,7,266,1,1,0,0,20.0,1.0,0,1,0,0,0,0,0,0,0,0,0,0,20,,,20,0,0,3,3,0,0,1.0,0,0,0,0,0
2024,6,SF,REG,SEA,18,28,255,3,0,0,0,0,0,208,127,10,11.726026032879034,1.145557452131201,0,33,228,1,0,0,9,9.044301407048014,0,18,27,255,3,0,0,208,127,10,13.097901123280666,0,0,35,9,27,3,10,2,1.0,6.0,5,2,21,8,0,0,0,0,0,0,1,1,0,5,34,2,2,11,4,97,3,3,0,0,41.0,1.0,0,1,1,1,0,0,0,0,0,0,0,0,25;41;35,,,101,0,0,3,3,0,0,1.0,0,0,0,0,0
2024,6,TB,REG,NO,24,36,325,4,3,1,-8,0,0,218,254,15,3.2092848289166076,-6.708218488428328,0,35,277,2,0,0,15,12.876994833583012,0,24,36,325,4,0,0,218,254,15,5.298834615793495,0,0,37,2,24,5,15,2,5.0,21.0,10,2,0,6,0,0,0,0,1,1,1,1,1,12,86,2,3,12,6,153,1,1,0,0,26.0,1.0,0,1,0,0,0,0,0,0,0,0,0,0,26,,,26,0,0,6,6,0,0,1.0,0,0,0,0,0
2024,6,TEN,REG,IND,16,27,95,1,1,0,0,0,0,246,30,7,-5.684862375749349,-3.864106756669504,0,28,146,1,0,0,7,4.258463763457257,0,16,27,95,1,0,0,246,30,7,-5.684862375749349,0,0,38,8,22,6,17,0,0.0,0.0,2,1,30,3,0,0,0,0,1,1,0,0,0,11,113,5,2,9,0,0,1,1,0,0,44.0,1.0,0,0,0,1,0,0,0,0,0,0,0,0,44,,,44,0,0,2,2,0,0,1.0,0,0,0,0,0
2024,6,WAS,REG,BAL,24,35,269,2,0,3,-16,0,0,276,101,16,9.49313516664466,9.232230800570866,0,18,52,0,0,0,1,-3.763407535413786,0,24,33,269,2,0,0,276,101,16,14.198294497285657,0,0,42,3,29,5,23,0,2.0,15.0,4,1,38,3,0,0,0,0,0,0,0,0,0,6,46,5,1,10,1,32,3,4,0,1,55.0,0.75,0,0,0,2,1,0,0,0,0,0,0,0,42;55;49,,52,146,0,52,2,2,0,0,1.0,0,0,0,0,0
2024,7,ARI,REG,LAC,14,26,145,1,1,0,0,0,0,143,87,10,-0.3420845066430047,-17.45451855659485,0,29,181,1,0,0,10,1.1532369001092326,0,14,25,145,1,1,0,143,87,10,1.2394546353025362,0,0,35,6,28,5,16,3,3.0,13.0,7,0,0,2,0,0,0,0,1,1,2,2,0,3,15,3,0,0,2,54,1,1,0,0,32.0,1.0,0,0,1,0,0,0,0,0,0,0,0,0,32,,,32,0,0,2,2,0,0,1.0,1,1,0,0,32
2024,7,ATL,REG,SEA,25,36,246,1,2,3,-32,1,1,262,113,13,-8.05342281982071,2.163885368241202,0,32,155,1,0,0,8,1.1394699278171174,0,25,36,246,1,0,0,262,113,13,3.5112763356906243,0,0,35,4,20,3,12,0,1.0,6.0,6,0,0,5,0,0,0,0,0,0,0,0,0,9,72,1,0,0,2,43,0,1,1,0,,0.0,0,0,0,0,0,0,0,0,0,0,1,0,,54,,0,54,0,2,2,0,0,1.0,0,0,0,0,0
2024,7,BAL,REG,TB,17,22,281,5,0,2,-17,0,0,184,140,12,25.117043778405517,15.36738099086852,0,30,244,0,1,1,11,0.3779956180951558,0,17,21,281,5,0,0,184,140,12,28.58343936513457,0,0,43,6,30,5,17,1,3.0,14.0,4,2,0,5,0,0,0,0,1,3,0,0,0,9,85,3,0,0,2,72,2,2,0,0,52.0,1.0,0,1,0,0,1,0,0,0,0,0,0,0,28;52,,,80,0,0,5,5,0,0,1.0,0,0,0,0,0
2024,7,BUF,REG,TEN,21,33,323,2,0,1,-8,0,0,297,172,14,12.851946564213346,2.8062133118510246,0,20,74,2,0,0,3,-0.9920269756403286,0,21,32,323,2,1,0,297,172,14,14.764466049670215,0,0,37,10,24,7,32,2,3.0,15.0,11,1,0,5,0,0,0,0,0,0,1,1,0,5,40,0,5,56,1,27,2,2,0,0,30.0,1.0,0,1,1,0,0,0,0,0,0,0,0,0,28;30,,,58,0,0,4,4,0,0,1.0,0,0,0,0,0
2024,7,CAR,REG,WAS,13,18,89,0,2,2,-4,0,0,68,40,5,-18.326128771936055,1.1494035229963413,0,23,95,1,0,0,5,-1.581664091499988,0,13,17,89,0,0,0,68,40,5,-14.773684465500992,0,0,37,5,33,3,11,0,1.0,4.0,2,0,0,1,0,0,0,0,1,1,0,0,0,6,59,0,0,0,6,133,0,0,0,0,,,0,0,0,0,0,0,0,0,0,0,0,0,,,,0,0,0,1,1,0,0,1.0,0,0,0,0,0
2024,7,CIN,REG,CLE,15,25,181,2,0,3,-17,0,0,262,92,8,-1.7718636580975726,-1.059043531616531,0,25,59,0,0,0,4,-9.663438300207194,0,15,24,181,2,0,0,262,92,8,4.991794978152029,0,1,37,14,28,5,19,1,4.0,18.0,11,2,49,8,0,0,0,0,0,0,0,0,0,3,37,6,4,39,1,100,0,1,1,0,,0.0,0,0,0,0,0,0,0,0,0,0,1,0,,50,,0,50,0,3,3,0,0,1.0,0,0,0,0,0
2024,7,CLE,REG,CIN,31,52,277,1,2,4,-18,1,0,357,112,12,-11.96123540036194,-3.8676856706539784,1,21,77,1,0,0,5,0.05145782178880154,0,31,48,277,1,0,0,357,112,12,-1.357326082695974,1,0,26,13,23,6,20,0,3.0,17.0,7,0,0,4,0,0,0,0,1,1,0,0,0,10,80,5,5,43,2,31,0,1,1,0,,0.0,0,0,0,0,0,0,0,0,0,1,0,0,,49,,0,49,0,0,1,1,0,0.0,0,0,0,0,0
2024,7,DEN,REG,NO,16,26,164,0,0,0,0,0,0,162,105,8,1.1637442958891078,-7.986245036125183,0,35,225,2,1,1,13,2.8242088173893993,0,16,25,164,0,0,0,162,105,8,1.504585660412038,0,0,41,2,30,6,45,2,6.0,36.0,11,0,0,3,0,0,0,0,0,0,2,2,1,7,47,5,2,13,2,60,4,4,0,0,52.0,1.0,0,0,2,1,1,0,0,0,0,0,0,0,46;32;52;38,,,168,0,0,3,3,0,0,1.0,0,0,0,0,0
2024,7,DET,REG,MIN,22,25,280,2,0,4,-33,2,0,176,145,15,14.917896740080323,15.493188738822937,0,27,144,2,1,1,3,-9.332641984575453,0,22,25,280,2,0,0,176,145,15,22.13317831623135,0,0,40,6,12,4,21,0,4.0,15.0,5,1,0,2,0,0,0,0,2,2,0,0,0,8,49,4,2,23,0,0,1,1,0,0,44.0,1.0,0,0,0,1,0,0,0,0,0,0,0,0,44,,,44,0,0,4,4,0,0,1.0,1,1,0,0,44
2024,7,GB,REG,HOU,24,33,220,3,2,3,-25,0,0,297,81,12,-0.6216179161382076,6.107306570717784,0,20,82,0,0,0,4,-3.758396455203183,0,24,33,220,3,0,0,297,81,12,3.746993653378153,0,0,35,7,23,11,45,0,4.0,31.0,7,0,0,1,0,1,0,0,0,0,0,0,0,8,55,4,3,13,2,58,1,1,0,0,45.0,1.0,0,0,0,1,0,0,0,0,0,0,0,0,45,,,45,0,0,3,3,0,0,1.0,1,1,0,0,45
2024,7,HOU,REG,GB,10,21,86,0,0,4,-31,0,0,153,46,6,-11.363515555555594,-14.842326703824494,0,33,142,2,0,0,9,1.176133409244474,0,10,19,86,0,0,0,153,46,6,-1.4460862810836526,0,0,40,4,8,8,35,0,3.0,25.0,6,2,45,5,0,0,0,0,0,0,1,1,0,5,55,2,4,26,1,42,3,3,0,0,52.0,1.0,0,1,1,0,1,0,0,0,0,0,0,0,23;52;35,,,110,0,0,1,1,0,0,1.0,0,0,0,0,0
2024,7,IND,REG,MIA,10,24,129,0,0,0,0,0,0,241,54,6,-5.32929617855242,-18.6775569211353,0,37,155,1,1,1,11,-6.34667135819392,0,10,22,129,0,0,0,241,54,6,-4.106585187390545,0,0,28,17,45,5,16,2,2.0,12.0,5,0,0,2,0,0,0,0,0,1,2,2,0,4,25,2,2,13,1,20,3,3,0,0,52.0,1.0,0,1,1,0,1,0,0,0,0,0,0,0,52;22;38,,,112,0,0,1,1,0,0,1.0,0,0,0,0,0
2024,7,JAX,REG,NE,15,20,193,1,0,0,0,0,0,111,88,9,11.188944673076191,4.5551784336566925,1,39,171,2,0,0,13,3.267491251754109,0,15,20,193,1,0,0,111,88,9,11.188944673076191,1,1,28,3,27,5,28,0,2.0,19.0,3,0,0,4,0,0,0,0,0,0,0,0,0,4,24,3,1,96,1,27,1,1,0,0,21.0,1.0,0,1,0,0,0,0,0,0,0,0,0,0,21,,,21,0,0,3,3,0,0,1.0,0,0,0,0,0
2024,7,KC,REG,SF,16,27,154,0,2,2,-9,0,0,212,101,11,-5.723242367559578,-2.5463162660598755,0,39,184,4,0,0,11,4.677480042795651,0,16,25,154,0,0,0,212,101,11,-1.4419985924032517,0,0,35,4,14,5,10,1,1.0,3.0,6,3,8,6,0,0,0,0,0,0,0,0,0,4,48,2,1,55,2,59,0,0,0,0,,,0,0,0,0,0,0,0,0,0,0,0,0,,,,0,0,0,4,4,0,0,1.0,0,0,0,0,0
2024,7,LA,REG,LV,14,23,154,0,1,1,-10,0,0,143,106,6,-7.252890682794836,-9.64047908782959,0,28,115,2,0,0,7,-9.387659328698646,0,14,22,154,0,0,0,143,106,6,-5.099195193980571,0,0,36,9,27,3,13,1,2.0,11.0,10,3,2,8,0,0,0,0,0,0,1,1,1,3,28,4,1,8,0,0,0,1,1,0,,0.0,0,0,0,0,0,0,0,0,1,0,0,0,,35,,0,35,0,2,3,1,0,0.6666666666666666,0,0,0,0,0
2024,7,LAC,REG,ARI,27,39,349,0,0,3,-13,0,0,336,125,15,13.250134193409986,4.839166837769587,0,22,59,0,0,0,5,-2.544653500430286,0,27,37,349,0,2,1,336,125,15,10.1509179749935,0,0,28,5,21,1,6,1,0.0,0.0,1,1,4,6,0,1,0,0,0,0,0,0,0,5,57,6,0,0,0,0,5,5,0,0,59.0,1.0,0,1,0,2,2,0,0,0,0,0,0,0,59;50;28;47;40,,,224,0,0,0,0,0,0,,0,0,0,0,0
2024,7,LV,REG,LA,21,44,206,0,3,2,-11,1,1,311,142,12,-24.2965081912282,-9.936330744198393,0,29,122,0,0,0,7,-1.2414926237252075,0,21,35,206,0,0,0,311,142,12,-7.812673970985278,0,0,33,5,13,2,13,0,1.0,10.0,2,1,35,4,0,0,0,0,0,0,0,0,0,10,80,6,1,7,0,0,5,5,0,0,47.0,1.0,0,2,2,1,0,0,0,0,0,0,0,0,38;47;38;27;27,,,177,0,0,0,0,0,0,,0,0,0,0,0
2024,7,MIA,REG,IND,15,26,161,1,0,2,-12,0,0,214,77,8,-2.460367243221082,-4.632330618121407,0,40,188,0,2,2,12,-14.984168386148436,0,15,22,161,1,0,0,214,77,8,3.796694452633563,0,0,33,6,24,5,8,0,0.0,0.0,4,0,0,4,0,0,0,0,0,0,1,1,0,6,50,7,2,18,1,26,1,2,1,0,33.0,0.5,0,0,1,0,0,0,0,0,0,0,1,0,33,54,,33,54,0,1,1,0,0,1.0,0,0,0,0,0
2024,7,MIN,REG,DET,22,27,259,1,1,4,-15,0,0,215,89,10,-0.7669991719308661,13.547658576415138,0,21,139,1,0,0,4,3.593168544408517,0,22,26,259,1,0,0,215,89,10,3.8239605514949444,0,0,30,4,34,5,38,3,4.0,33.0,7,0,0,2,0,0,0,0,0,0,1,1,1,8,59,6,2,15,2,52,3,3,0,0,57.0,1.0,0,0,0,2,1,0,0,0,0,0,0,0,57;42;48,,,147,0,0,2,2,0,0,1.0,0,0,0,0,0
2024,7,NE,REG,JAX,26,37,276,2,0,2,-19,0,0,280,142,13,6.863785661391788,5.197230229775111,0,15,38,0,0,0,2,-2.800318952417001,0,26,36,276,2,0,0,280,142,13,9.593687775587071,0,0,35,4,30,2,2,0,0.0,0.0,0,0,0,2,0,0,0,0,0,0,0,0,0,7,35,4,1,8,1,29,1,1,0,0,41.0,1.0,0,0,0,1,0,0,0,0,0,0,0,0,41,,,41,0,0,1,1,0,0,1.0,0,0,0,0,0
2024,7,NO,REG,DEN,28,39,210,1,0,6,-36,2,2,274,101,7,-24.366257656779574,0.2631637530449111,0,21,97,0,0,0,6,1.187386940815486,0,28,39,210,1,0,0,274,101,7,-3.7837527883303963,0,0,37,4,24,3,5,1,0.0,0.0,0,0,0,2,0,0,0,0,0,0,1,1,0,5,35,4,1,13,5,121,1,1,0,0,35.0,1.0,0,0,1,0,0,0,0,0,0,0,0,0,35,,,35,0,0,1,1,0,0,1.0,0,0,0,0,0
2024,7,NYG,REG,PHI,17,29,105,0,0,8,-62,1,0,199,60,6,-22.546131883282214,-6.331663882290871,0,18,76,0,0,0,4,-0.7715208005683962,0,17,27,105,0,0,0,199,60,6,-6.7746178525849245,0,0,38,9,31,8,50,0,5.0,44.0,7,0,0,2,0,2,0,0,2,2,0,0,0,5,35,5,5,35,0,0,1,1,0,0,38.0,1.0,0,0,1,0,0,0,0,0,0,0,0,0,38,,,38,0,0,0,0,0,0,,0,0,0,0,0
2024,7,NYJ,REG,PIT,24,39,276,1,2,1,-7,0,0,203,186,13,0.08472123943924004,-5.390798510649268,1,15,54,1,0,0,3,-1.3888370915083215,0,24,39,276,1,0,0,203,186,13,1.8535529721221238,1,0,36,5,29,4,12,0,1.0,4.0,5,0,0,3,0,4,0,0,0,0,0,0,0,5,50,5,2,4,5,120,0,1,0,1,,0.0,0,0,0,0,0,0,0,0,0,0,0,0,,,35,0,0,35,1,1,0,0,1.0,0,0,0,0,0
2024,7,PHI,REG,NYG,10,15,114,1,0,5,-44,0,0,105,38,6,-3.748540725791827,5.691056485686982,0,45,269,3,0,0,13,13.127086066291668,0,10,14,114,1,0,0,105,38,6,5.5656244358979166,0,0,39,1,17,10,64,1,8.0,62.0,11,0,0,4,0,0,0,0,0,0,0,0,0,6,35,4,3,45,0,0,0,0,0,0,,,0,0,0,0,0,0,0,0,0,0,0,0,,,,0,0,0,4,4,0,0,1.0,0,0,0,0,0
2024,7,PIT,REG,NYJ,16,29,264,2,0,1,-4,0,0,238,115,12,8.761338668603008,-1.576719129527057,0,36,149,2,0,0,9,1.5770494626194704,0,16,27,264,2,0,0,238,115,12,12.615187403452248,0,0,32,6,18,5,16,1,1.0,7.0,8,2,41,6,0,0,0,0,0,0,0,0,0,4,36,4,2,9,0,0,3,3,0,0,46.0,1.0,0,2,0,1,0,0,0,0,0,0,0,0,46;29;21,,,96,0,0,4,4,0,0,1.0,0,0,0,0,0
2024,7,SEA,REG,ATL,19,29,242,2,0,1,-6,0,0,378,66,12,9.373817342064944,8.819281043750903,0,26,103,1,1,0,6,-3.038435858732555,0,19,28,242,2,0,0,378,66,12,11.702214087440302,0,0,36,10,36,6,36,1,3.0,32.0,9,2,35,5,0,0,0,0,1,2,1,1,1,5,42,3,1,18,2,57,2,2,0,0,59.0,1.0,0,0,1,0,1,0,0,0,0,0,0,0,38;59,,,97,0,0,4,4,0,0,1.0,0,0,0,0,0
2024,7,SF,REG,KC,17,31,212,0,3,1,-3,0,0,288,77,8,-10.695416634941559,-9.561323446612196,0,24,101,2,0,0,7,0.43641983579204613,0,17,31,212,0,1,0,288,77,8,-9.678964410016398,0,0,36,8,30,1,1,0,2.0,9.0,8,2,35,3,0,0,0,0,0,0,0,0,0,6,40,5,1,11,1,35,2,2,0,0,55.0,1.0,0,1,0,0,1,0,0,0,0,0,0,0,55;24,,,79,0,0,0,1,1,0,0.0,0,0,0,0,0
2024,7,TB,REG,BAL,31,45,370,3,2,3,-14,0,0,392,208,19,12.246047927204899,3.6437843905554916,1,30,125,1,0,0,8,-2.5358686106193957,0,31,45,370,3,1,0,392,208,19,16.71252946704757,1,0,34,4,18,6,38,0,2.0,17.0,2,0,0,1,0,0,0,0,1,1,1,1,0,8,75,5,1,7,0,0,1,2,1,0,23.0,0.5,0,1,0,0,0,0,0,0,0,0,1,0,23,55,,23,55,0,2,2,0,0,1.0,0,0,0,0,0
2024,7,TEN,REG,BUF,25,40,215,1,1,3,-15,1,0,225,111,13,-3.63625608987428,-1.862999326304385,0,24,89,0,2,1,4,-11.116214473731816,0,25,38,215,1,0,0,225,111,13,0.7593065840446229,0,0,32,9,17,6,20,1,1.0,8.0,4,0,0,6,0,0,0,0,3,4,0,0,0,8,52,3,2,8,2,55,1,1,0,0,25.0,1.0,0,1,0,0,0,0,0,0,0,0,0,0,25,,,25,0,0,1,1,0,0,1.0,0,0,0,0,0
2024,7,WAS,REG,CAR,20,25,211,2,0,1,-4,0,0,238,59,12,10.592093815610447,15.859420657157898,0,37,214,1,0,0,11,5.830696346678428,0,20,25,211,2,0,0,238,59,12,11.732985311935359,0,0,30,4,22,5,17,1,2.0,4.0,2,2,86,3,1,0,0,0,1,1,0,0,0,8,55,2,1,15,1,34,4,4,0,0,49.0,1.0,0,2,1,1,0,0,0,0,0,0,0,0,23;49;31;29,,,132,0,0,4,4,0,0,1.0,0,0,0,0,0
2024,8,ARI,REG,MIA,26,36,307,2,0,0,0,0,0,274,96,15,18.33353970605348,11.936877532438796,0,26,82,1,0,0,6,-1.0579512857109865,0,26,33,307,2,0,0,274,96,15,18.93402982565275,0,0,33,4,32,5,14,2,1.0,7.0,3,0,0,4,0,0,1,0,1,1,0,0,0,4,29,3,0,0,1,21,2,2,0,0,57.0,1.0,0,0,1,0,1,0,0,0,0,0,0,0,57;34,,,91,0,0,2,2,0,0,1.0,1,1,0,0,34
2024,8,ATL,REG,TB,23,29,276,4,0,2,-11,0,0,198,167,11,15.142078965669498,12.709072870867594,0,29,129,0,1,0,11,0.4569326267746723,0,23,28,276,4,0,0,198,167,11,19.42286273330683,0,0,40,8,26,2,5,2,0.0,0.0,0,2,0,4,0,0,0,0,0,0,1,1,0,4,43,6,1,14,2,61,1,2,1,0,39.0,0.5,0,0,1,0,0,0,0,0,0,1,0,0,39,46,,39,46,0,4,4,0,0,1.0,0,0,0,0,0
2024,8,BAL,REG,CLE,23,38,289,2,0,3,-26,0,0,378,132,14,7.5657118485422785,4.3435100998197305,0,21,124,1,0,0,5,-1.9377453638007864,0,23,35,289,2,0,0,378,132,14,12.91545557444887,0,0,38,8,22,6,17,1,2.0,13.0,8,0,0,5,0,0,0,0,0,0,1,1,0,7,53,3,1,10,6,134,1,2,1,0,49.0,0.5,0,0,0,1,0,0,0,0,0,0,1,0,49,50,,49,50,0,3,3,0,0,1.0,0,0,0,0,0
2024,8,BUF,REG,SEA,24,34,283,2,1,1,-2,1,0,240,159,12,12.495397780473018,7.419146038591862,0,34,164,2,0,0,13,4.517630646703765,0,24,32,283,2,0,0,240,159,12,12.199223389300192,0,0,23,7,27,5,39,0,1.0,11.0,5,1,5,6,0,0,0,0,1,1,1,1,0,13,85,4,3,35,2,41,1,1,0,0,27.0,1.0,0,1,0,0,0,0,0,0,0,0,0,0,27,,,27,0,0,4,4,0,0,1.0,0,0,0,0,0
2024,8,CAR,REG,DEN,24,38,224,2,2,2,-9,0,0,329,108,11,-5.484822846308816,3.8625919818878174,0,20,69,0,0,0,3,-3.2546103018685244,0,24,35,224,2,0,0,329,108,11,-1.133537937537767,0,0,40,8,30,5,21,2,2.0,17.0,2,0,0,2,0,0,0,0,0,0,2,2,0,8,49,5,0,0,0,0,0,0,0,0,,,0,0,0,0,0,0,0,0,0,0,0,0,,,,0,0,0,2,2,0,0,1.0,0,0,0,0,0
2024,8,CHI,REG,WAS,10,24,131,0,0,3,-26,0,0,314,39,6,-8.284721263815182,-9.360745903991516,1,33,202,2,1,1,9,0.39045442832866684,0,10,21,131,0,0,0,314,39,6,-1.1256645673564636,1,0,37,10,32,6,24,1,2.0,13.0,7,0,0,2,0,0,0,0,0,0,0,0,0,8,60,1,2,11,3,85,0,0,0,0,,,0,0,0,0,0,0,0,0,0,0,0,0,,,,0,0,0,1,1,0,0,1.0,0,0,0,0,0
2024,8,CIN,REG,PHI,26,37,234,1,1,1,-12,0,0,297,93,15,6.644946539542049,6.127413196696171,0,20,58,1,1,0,3,-2.4588730165269226,0,26,36,234,1,1,1,297,93,15,4.692042089300573,0,0,36,3,29,4,10,0,0.0,0.0,1,0,0,2,0,0,0,0,1,1,0,0,0,1,3,4,0,0,2,42,1,2,1,0,27.0,0.5,0,1,0,0,0,0,0,0,0,0,1,0,27,54,,27,54,0,2,2,0,0,1.0,0,0,0,0,0
2024,8,CLE,REG,BAL,27,41,334,3,0,2,-13,1,1,411,68,16,11.89956042086482,2.923211600722333,0,23,80,0,0,0,5,-3.074990310127302,0,27,41,334,3,0,0,411,68,16,16.31686506592445,0,0,32,9,29,7,40,0,3.0,26.0,7,0,0,6,0,0,0,0,0,0,0,0,0,7,74,3,3,36,3,59,3,3,0,0,48.0,1.0,0,1,1,1,0,0,0,0,0,0,0,0,28;33;48,,,109,0,0,2,2,0,0,1.0,0,0,0,0,0
2024,8,DAL,REG,SF,25,38,243,2,2,2,-7,0,0,347,97,13,0.9261805765831248,6.314246638401136,0,19,56,1,1,0,3,-1.96864883825765,0,25,37,243,2,1,0,347,97,13,4.239408991559163,0,0,36,4,38,1,7,0,1.0,7.0,2,0,0,1,0,0,0,0,2,2,0,0,0,6,30,5,1,13,5,115,1,1,0,0,29.0,1.0,0,1,0,0,0,0,0,0,0,0,0,0,29,,,29,0,0,3,3,0,0,1.0,0,0,0,0,0
2024,8,DEN,REG,CAR,30,39,315,3,0,2,-17,0,0,408,125,16,15.349420277780155,14.790402039101247,0,32,102,1,0,0,6,-2.4285039011738263,0,30,38,315,3,2,2,408,125,16,9.525252954044845,0,0,27,8,24,6,16,0,2.0,9.0,5,2,28,2,0,0,0,0,0,0,0,0,0,4,43,6,1,0,0,0,0,0,0,0,,,0,0,0,0,0,0,0,0,0,0,0,0,,,,0,0,0,4,4,0,0,1.0,0,0,0,0,0
2024,8,DET,REG,TEN,15,19,94,4,0,4,-33,2,0,68,76,9,-4.37782215814002,9.463893539375725,0,24,164,2,0,0,5,5.56175988301402,0,15,18,94,4,0,0,68,76,9,4.41377496302232,0,1,43,3,23,3,14,3,1.0,8.0,5,2,41,5,0,0,0,0,2,2,2,2,0,3,29,0,5,190,1,72,1,1,0,0,51.0,1.0,0,0,0,0,1,0,0,0,0,0,0,0,51,,,51,0,0,7,7,0,0,1.0,0,0,0,0,0
2024,8,GB,REG,JAX,18,27,252,1,1,1,0,0,0,278,120,11,6.028357493781845,4.375940395726098,0,39,170,2,0,0,9,-1.1435582769213872,0,18,27,252,1,0,0,278,120,11,6.993205141716066,0,0,27,8,28,3,11,1,1.0,9.0,4,1,0,5,0,0,0,0,0,0,1,1,0,3,20,5,1,13,0,0,3,3,0,0,38.0,1.0,0,1,2,0,0,0,0,0,0,0,0,0,31;38;24,,,93,0,0,3,3,0,0,1.0,1,1,0,0,24
2024,8,HOU,REG,IND,25,37,285,1,0,2,-18,0,0,278,119,15,5.503707473111151,1.6954836746056885,0,29,96,1,1,1,5,-10.224372290656902,0,25,36,285,1,0,0,278,119,15,10.245097922047878,0,0,32,5,15,6,39,1,5.0,35.0,9,1,10,10,0,0,0,0,0,0,1,1,0,5,30,2,2,23,2,78,3,3,0,0,35.0,1.0,0,0,3,0,0,0,0,0,0,0,0,0,35;35;34,,,104,0,0,2,2,0,0,1.0,0,0,0,0,0
2024,8,IND,REG,HOU,10,32,175,1,1,5,-35,1,1,489,89,7,-8.092272650386853,-24.75074366215737,0,26,163,1,1,0,12,2.420713647911838,0,10,31,175,1,0,0,489,89,7,-2.2799896008164566,0,0,40,9,23,11,49,1,2.0,18.0,9,0,0,2,0,0,0,0,1,1,1,1,0,9,57,4,2,12,2,91,2,2,0,0,46.0,1.0,0,0,1,1,0,0,0,0,0,0,0,0,46;37,,,83,0,0,2,2,0,0,1.0,0,0,0,0,0
2024,8,JAX,REG,GB,21,32,308,2,1,1,-9,1,1,311,126,14,5.368962183812849,6.624977687994639,0,23,91,1,0,0,6,-1.9392840950059171,0,21,30,308,2,0,0,311,126,14,10.220126696047373,0,0,37,3,31,5,9,0,1.0,0.0,4,1,0,1,0,0,0,0,1,2,0,0,0,8,59,6,2,17,2,51,2,2,0,0,47.0,1.0,0,0,1,1,0,0,0,0,0,0,0,0,39;47,,,86,0,0,3,3,0,0,1.0,0,0,0,0,0
2024,8,KC,REG,LV,27,38,262,2,1,1,-10,0,0,254,104,17,10.576419986013887,6.305332439286368,0,29,82,1,0,0,5,-1.2330075443023816,0,27,35,262,2,1,0,254,104,17,14.129153000933682,0,0,36,6,18,7,27,1,5.0,14.0,8,0,0,2,0,0,0,0,1,1,1,1,0,8,55,4,1,6,1,14,2,2,0,0,42.0,1.0,0,1,0,1,0,0,0,0,0,0,0,0,42;24,,,66,0,0,3,3,0,0,1.0,0,0,0,0,0
2024,8,LA,REG,MIN,25,34,279,4,1,0,0,0,0,259,128,16,15.890277726517525,4.542004799141602,0,32,107,0,0,0,6,-6.219372976804152,0,25,34,279,4,0,0,259,128,16,15.890277726517525,0,0,26,7,21,4,20,0,3.0,28.0,6,0,0,0,0,0,1,0,0,0,0,0,0,6,40,3,1,4,0,0,0,0,0,0,,,0,0,0,0,0,0,0,0,0,0,0,0,,,,0,0,0,4,4,0,0,1.0,0,0,0,0,0
2024,8,LAC,REG,NO,20,32,279,2,0,3,-23,0,0,245,123,12,2.1494329552558167,-3.1423940261204977,0,29,122,1,1,0,7,-2.2815170140820555,0,20,30,279,2,0,0,245,123,12,10.556046287242408,0,0,41,2,22,6,34,0,5.0,32.0,7,0,0,5,0,0,0,0,1,2,0,0,0,4,34,2,3,28,2,57,2,2,0,0,46.0,1.0,0,1,0,1,0,0,0,0,0,0,0,0,46;29,,,75,0,0,2,3,1,0,0.6666666666666666,0,0,0,0,0
2024,8,LV,REG,KC,24,30,209,2,0,5,-14,1,1,138,101,13,6.04688261405246,17.07237914756492,0,21,33,0,0,0,1,-9.91238265921129,0,24,27,209,2,0,0,138,101,13,19.39473764054282,0,0,33,5,35,3,12,0,1.0,10.0,3,1,12,4,0,0,0,0,0,0,0,0,0,5,32,6,1,17,0,0,2,2,0,0,54.0,1.0,0,0,1,0,1,0,0,0,0,0,0,0,54;32,,,86,0,0,2,2,0,0,1.0,0,0,0,0,0
2024,8,MIA,REG,ARI,28,38,234,1,0,1,-7,1,0,192,130,15,8.731976428380111,3.8823070494752194,0,25,150,2,2,0,9,3.6119985889818054,0,28,38,234,1,1,0,192,130,15,10.231738495369319,0,0,35,5,21,2,13,1,0.0,0.0,1,0,0,5,0,0,0,0,3,5,0,0,0,2,15,6,2,25,1,35,2,2,0,0,53.0,1.0,0,1,0,0,1,0,0,0,0,0,0,0,53;25,,,78,0,0,3,3,0,0,1.0,0,0,0,0,0
2024,8,MIN,REG,LA,18,25,240,2,0,3,-28,0,0,260,70,14,8.468241484620988,11.819898823033204,0,22,64,0,0,0,3,-3.1768254878697917,0,18,23,240,2,0,0,260,70,14,16.02536338208654,0,0,31,9,31,6,8,0,0.0,0.0,2,1,0,5,0,0,0,0,0,0,0,0,0,9,50,4,1,6,0,0,2,2,0,0,35.0,1.0,0,1,1,0,0,0,0,0,0,0,0,0,23;35,,,58,0,0,2,2,0,0,1.0,0,0,0,0,0
2024,8,NE,REG,NYJ,18,30,155,0,0,2,-19,0,0,267,78,7,-0.058114902106128685,-2.4742226148473825,1,31,112,3,2,0,11,2.4198589993757196,0,18,29,155,0,0,0,267,78,7,4.203898961491403,1,0,29,4,30,2,10,1,1.0,9.0,5,0,0,3,0,0,0,0,2,2,0,0,0,5,50,4,3,73,1,17,1,1,0,0,23.0,1.0,0,1,0,0,0,0,0,0,0,0,0,0,23,,,23,0,0,2,2,0,0,1.0,0,0,0,0,0
2024,8,NO,REG,LAC,22,42,281,0,0,5,-32,0,0,301,124,9,-10.843005055916443,-14.638553481352957,0,21,117,0,0,0,4,-2.7097513029002585,0,22,38,281,0,0,0,301,124,9,-3.121034264760521,0,0,45,1,15,6,49,1,3.0,23.0,7,0,0,4,0,0,1,0,0,0,0,0,0,7,66,6,4,30,2,63,2,3,1,0,43.0,0.6666666666666666,0,0,0,2,0,0,0,0,0,1,0,0,40;43,44,,83,44,0,0,0,0,0,,0,0,0,0,0
2024,8,NYG,REG,PIT,24,38,264,0,1,4,-27,1,1,334,106,10,-1.2034438480466063,3.261796848194017,0,25,157,1,0,0,7,4.161077565746382,0,24,37,264,0,0,0,334,106,10,8.743478261124675,0,0,36,5,33,5,25,1,4.0,19.0,8,0,0,2,0,0,0,0,0,0,1,1,0,11,65,5,1,2,3,100,4,4,0,0,48.0,1.0,0,1,1,2,0,0,0,0,0,0,0,0,29;39;44;48,,,160,0,0,0,0,0,0,,0,0,0,0,0
2024,8,NYJ,REG,NE,17,28,233,2,0,1,-9,0,0,274,67,12,4.215739192347109,8.291159391403198,0,28,112,1,1,0,7,1.5965780408587307,0,17,25,233,2,0,0,274,67,12,8.713334201064203,0,0,31,10,30,5,17,1,2.0,19.0,4,0,0,3,0,0,0,0,2,3,0,0,0,8,55,6,4,71,0,0,1,2,1,0,29.0,0.5,0,1,0,0,0,0,0,0,0,1,0,0,29,44,,29,44,0,1,2,1,0,0.5,0,0,0,0,0
2024,8,PHI,REG,CIN,16,20,236,1,0,0,0,0,0,173,77,10,14.404560368732096,19.492408946940778,0,39,161,3,0,0,14,5.533783996906074,0,16,19,236,1,0,0,173,77,10,15.09691668976146,0,0,34,5,17,2,5,3,1.0,12.0,4,1,0,6,0,0,0,0,0,0,1,1,0,4,40,4,0,0,2,59,3,3,0,0,49.0,1.0,0,0,1,2,0,0,0,0,0,0,0,0,39;49;47,,,135,0,0,4,4,0,0,1.0,0,0,0,0,0
2024,8,PIT,REG,NYG,20,28,278,1,0,4,-19,1,1,257,101,12,3.762137920703955,11.759595517758969,0,31,167,0,0,0,6,1.3621888943598606,0,20,27,278,1,0,0,257,101,12,12.888528246168375,0,1,35,6,34,6,31,1,4.0,27.0,12,1,5,4,0,0,0,0,0,0,1,1,0,5,50,3,2,73,0,0,4,4,0,0,31.0,1.0,0,3,1,0,0,0,0,0,0,0,0,0,31;25;27;27,,,110,0,0,2,2,0,0,1.0,0,0,0,0,0
2024,8,SEA,REG,BUF,21,29,212,0,1,1,-11,0,0,85,136,13,1.1531145050552674,3.1261357996198864,0,17,32,1,0,0,5,-10.882116138207493,0,21,27,212,0,0,0,85,136,13,3.542062965048384,0,0,42,4,24,0,0,0,0.0,0.0,0,1,33,4,0,1,0,0,2,3,0,0,0,11,82,5,2,0,1,25,1,1,0,0,38.0,1.0,0,0,1,0,0,0,0,0,0,0,0,0,38,,,38,0,0,1,1,0,0,1.0,0,0,0,0,0
2024,8,SF,REG,DAL,18,26,260,1,0,2,-14,1,0,193,146,9,7.321977107159839,2.9021987915039062,0,36,223,2,0,0,10,3.1890356107995785,0,18,25,260,1,0,0,193,146,9,10.644022495200868,0,0,34,2,22,3,9,2,2.0,7.0,8,2,0,4,0,0,0,0,1,1,0,0,0,9,73,4,2,22,2,59,3,3,0,0,50.0,1.0,0,0,0,2,1,0,0,0,0,0,0,0,50;44;41,,,135,0,0,3,3,0,0,1.0,0,0,0,0,0
2024,8,TB,REG,ATL,37,50,330,3,2,0,0,0,0,363,191,16,8.490934669140152,11.459890591061631,0,22,102,0,2,1,8,-2.7055151623790152,0,37,46,330,3,0,0,363,191,16,10.382019477996401,0,0,31,5,39,6,18,0,2.0,11.0,4,0,0,1,0,0,1,0,1,1,0,0,0,6,45,5,2,31,1,20,1,1,0,0,52.0,1.0,0,0,0,0,1,0,0,0,0,0,0,0,52,,,52,0,0,3,3,0,0,1.0,0,0,0,0,0
2024,8,TEN,REG,DET,22,38,266,1,2,1,-8,0,0,365,79,12,-12.475185061775846,-6.42068770370985,0,32,158,1,1,1,9,-3.492362998018507,0,22,38,266,1,1,1,365,79,12,-15.728550634084968,0,0,28,5,27,7,37,2,4.0,33.0,5,0,0,1,0,1,0,0,1,1,0,0,0,8,60,2,3,24,1,29,0,0,0,0,,,0,0,0,0,0,0,0,0,0,0,0,0,,,,0,0,0,2,2,0,0,1.0,0,0,0,0,0
2024,8,WAS,REG,CHI,21,38,326,1,0,2,-13,0,0,457,102,15,6.4380867029093345,-0.8673688944648265,0,32,168,0,0,0,6,-1.041393723571673,0,21,34,326,1,0,0,457,102,15,13.481546127707222,0,0,35,5,21,5,30,0,3.0,26.0,8,0,0,1,0,1,0,0,1,1,1,1,0,5,30,6,2,29,2,47,4,5,1,0,47.0,0.8,0,2,1,1,0,0,0,0,0,0,1,0,27;30;28;47,51,,132,51,0,0,0,0,0,,0,0,0,0,0
2024,9,ARI,REG,CHI,13,20,154,0,0,3,-17,0,0,126,96,7,-1.323832549649353,-0.09226799011230469,0,34,213,3,1,1,11,3.339450086519813,0,13,19,154,0,1,1,126,96,7,-2.2542227127995034,0,0,40,5,21,5,34,1,6.0,45.0,12,0,0,4,0,0,1,0,0,0,0,0,0,2,15,2,4,65,0,0,2,2,0,0,55.0,1.0,0,1,0,0,1,0,0,0,0,0,0,0,29;55,,,84,0,0,3,3,0,0,1.0,0,0,0,0,0
2024,9,ATL,REG,DAL,19,24,222,3,0,2,-12,1,1,136,144,12,7.454332029723563,11.640510708093643,0,30,100,1,1,0,7,-4.114219366922043,0,19,24,222,3,1,0,136,144,12,13.999372010235675,0,0,41,4,26,5,17,0,3.0,7.0,8,0,0,4,0,0,0,0,2,3,0,0,0,4,26,2,1,5,4,95,0,0,0,0,,,0,0,0,0,0,0,0,0,0,0,0,0,,,,0,0,0,3,3,0,0,1.0,0,0,0,0,0
2024,9,BAL,REG,DEN,16,19,280,3,0,1,-11,0,0,150,139,12,19.339015614314043,16.471140792495323,0,34,127,2,1,0,8,2.6865131940984543,0,16,19,280,3,0,0,150,139,12,22.646935455224515,0,0,43,3,25,5,30,0,4.0,28.0,5,1,1,7,0,0,0,0,2,2,0,0,0,6,53,4,1,21,1,30,2,2,0,0,37.0,1.0,0,0,2,0,0,0,0,0,0,0,0,0,33;37,,,70,0,0,5,5,0,0,1.0,0,0,0,0,0
2024,9,BUF,REG,MIA,25,39,235,3,1,1,-4,0,0,140,182,15,8.926417083654227,-2.3320183985763148,1,19,94,0,0,0,5,0.7324411726253528,0,25,36,235,3,0,0,140,182,15,10.896745812866724,1,0,40,6,26,5,35,1,1.0,7.0,2,0,0,1,0,0,0,0,0,0,1,1,0,4,40,6,1,29,0,0,3,3,0,0,61.0,1.0,0,0,0,2,0,1,0,0,0,0,0,0,40;49;61,,,150,0,0,1,2,1,0,0.5,1,1,0,0,61
2024,9,CAR,REG,NO,16,26,171,1,1,1,-5,0,0,207,106,8,-0.5590030956693982,1.6594239821036618,0,23,80,2,0,0,5,-1.2373680978780612,0,16,24,171,1,0,0,207,106,8,3.5181338660186157,0,0,39,3,45,5,10,0,1.0,6.0,5,0,0,2,0,0,0,0,0,0,0,0,0,6,55,2,2,24,3,53,1,1,0,0,48.0,1.0,0,0,0,1,0,0,0,0,0,0,0,0,48,,,48,0,0,2,2,0,0,1.0,0,0,0,0,0
2024,9,CHI,REG,ARI,22,41,217,0,0,6,-45,0,0,369,87,11,-10.911949551074533,-4.824049936400519,0,23,69,0,0,0,5,-4.825215375400148,0,22,36,217,0,1,0,369,87,11,2.2905933978112873,0,0,33,6,28,5,21,1,3.0,17.0,3,0,0,3,0,0,0,0,0,0,2,2,0,6,33,4,2,13,0,0,3,3,0,0,53.0,1.0,0,1,0,0,2,0,0,0,0,0,0,0,29;53;53,,,135,0,0,0,0,0,0,,0,0,0,0,0
2024,9,CIN,REG,LV,27,39,251,5,1,1,-8,0,0,206,155,18,7.016673185370065,5.959195865167158,0,31,130,0,0,0,5,-0.9033616569649894,0,27,37,251,5,0,0,206,155,18,10.933071176902061,0,0,31,4,26,7,44,1,5.0,41.0,13,0,0,4,0,0,0,0,0,0,2,2,0,7,60,4,3,26,2,43,2,2,0,0,44.0,1.0,0,1,0,1,0,0,0,0,0,0,0,0,44;27,,,71,0,0,5,5,0,0,1.0,0,0,0,0,0
2024,9,CLE,REG,LAC,26,46,235,1,3,6,-22,1,0,410,46,14,-20.964322289520815,-8.498814507671021,0,24,79,0,0,0,6,0.38435229542665184,0,26,46,235,1,0,0,410,46,14,-14.50256518309217,0,0,32,6,20,10,38,0,6.0,36.0,11,0,0,4,0,0,0,0,1,1,0,0,0,4,25,2,5,49,2,47,1,2,0,1,38.0,0.5,0,0,1,0,0,0,0,0,0,0,0,0,38,,51,38,0,51,1,1,0,0,1.0,0,0,0,0,0
2024,9,DAL,REG,ATL,31,50,248,2,0,3,-7,0,0,301,130,13,-5.001369142164813,-6.370274039606253,1,21,137,0,1,0,9,4.5160097043262795,0,31,48,248,2,0,0,301,130,13,-1.4268579319635064,1,0,32,2,30,7,22,2,2.0,12.0,4,0,0,3,0,0,0,0,1,1,1,1,0,9,55,6,3,37,1,28,2,2,0,0,57.0,1.0,0,0,1,0,1,0,0,0,0,0,0,0,34;57,,,91,0,0,1,1,0,0,1.0,0,0,0,0,0
2024,9,DEN,REG,BAL,20,34,225,1,1,4,-28,0,0,255,100,10,-7.562333446622335,-2.813842034701147,0,30,122,0,0,0,6,-3.2127170941093937,0,20,33,225,1,0,0,255,100,10,1.216258494575766,0,0,29,7,31,4,22,1,1.0,11.0,1,0,0,1,0,0,0,0,0,0,0,0,0,9,71,0,1,18,4,116,1,1,0,0,37.0,1.0,0,0,1,0,0,0,0,0,0,0,0,0,37,,,37,0,0,1,1,0,0,1.0,0,0,0,0,0
2024,9,DET,REG,GB,18,22,145,1,0,1,-8,0,0,81,87,8,5.942980538421371,18.08717370033264,0,32,124,1,0,0,8,-3.045396899979096,0,18,20,145,1,0,0,81,87,8,9.205344477610197,0,0,32,6,22,1,1,0,0.0,0.0,2,1,27,3,1,0,0,0,0,0,0,0,0,4,36,2,0,0,2,66,1,1,0,0,27.0,1.0,0,1,0,0,0,0,0,0,0,0,0,0,27,,,27,0,0,3,3,0,0,1.0,0,0,0,0,0
2024,9,GB,REG,DET,23,39,273,0,1,0,0,0,0,364,91,10,-3.081276243726884,-0.19076776665610104,1,23,138,1,3,0,10,2.0915351850516615,0,23,37,273,0,0,0,364,91,10,-1.9787821068891072,1,0,24,7,41,3,15,0,1.0,8.0,4,0,0,0,0,0,0,0,3,5,0,0,0,10,67,6,2,7,2,53,2,3,1,0,38.0,0.6666666666666666,0,0,2,0,0,0,0,0,0,1,0,0,30;38,46,,68,46,0,0,0,0,0,,0,0,0,0,0
2024,9,HOU,REG,NYJ,11,31,191,0,0,8,-56,1,1,484,61,6,-14.163793190495195,-15.74665364520303,0,36,187,1,0,0,11,8.59026288901805,0,11,29,191,0,0,0,484,61,6,3.43024374767783,0,0,28,1,23,7,28,1,2.0,18.0,4,0,0,4,0,2,0,0,0,0,0,0,0,7,60,4,1,0,4,106,2,4,2,0,54.0,0.5,0,1,0,0,1,0,0,1,0,0,1,0,54;29,56;27,,83,83,0,1,1,0,0,1.0,0,0,0,0,0
2024,9,IND,REG,MIN,16,27,179,0,1,3,-20,0,0,209,65,9,-8.775372928424066,-10.534667637613087,0,19,68,0,1,1,4,-6.8830739284848335,0,16,27,179,0,0,0,209,65,9,-5.700957108355387,0,0,48,8,22,8,45,1,4.0,30.0,7,2,20,2,0,0,0,0,0,0,1,1,1,7,50,6,1,12,0,0,2,3,1,0,54.0,0.6666666666666666,0,0,0,1,1,0,0,0,0,0,1,0,42;54,53,,96,53,0,1,1,0,0,1.0,0,0,0,0,0
2024,9,JAX,REG,PHI,16,31,169,0,2,2,-14,0,0,283,48,9,-8.785268068313364,-9.405368467171986,2,18,60,2,0,0,4,-0.5025161189551,0,16,30,169,0,0,0,283,48,9,-3.550989015376894,2,0,50,3,19,6,26,0,3.0,20.0,3,0,0,2,0,1,0,0,0,0,1,1,1,4,17,5,3,11,2,69,0,0,0,0,,,0,0,0,0,0,0,0,0,0,0,0,0,,,,0,0,0,1,1,0,0,1.0,0,0,0,0,0
2024,9,KC,REG,TB,34,44,291,3,0,4,-31,0,0,276,142,19,16.1055098749386,12.385161646774838,0,35,124,1,0,0,9,-0.781160947663011,0,34,42,291,3,1,1,276,142,19,19.65383723416397,0,0,32,3,19,3,5,0,2.0,11.0,4,0,0,4,0,0,0,0,0,0,0,0,0,3,30,4,1,30,0,0,1,1,0,0,40.0,1.0,0,0,0,1,0,0,0,0,0,0,0,0,40,,,40,0,0,3,3,0,0,1.0,0,0,0,0,0
2024,9,LA,REG,SEA,25,44,298,2,1,0,0,0,0,436,108,13,3.873418507520166,-3.0255007601919655,0,24,68,0,2,0,5,-5.758559317189864,0,25,42,298,2,0,0,436,108,13,4.745968582578991,0,0,42,3,31,8,67,0,7.0,46.0,11,3,103,8,1,1,0,0,3,4,0,0,0,8,83,4,4,17,3,69,2,2,0,0,38.0,1.0,0,1,1,0,0,0,0,0,0,0,0,0,38;21,,,59,0,0,2,2,0,0,1.0,0,0,0,0,0
2024,9,LAC,REG,CLE,18,27,282,2,0,6,-36,0,0,270,129,10,1.3242007204249338,8.326609088824348,0,23,96,2,0,0,3,0.3764029277372174,0,18,26,282,2,0,0,270,129,10,8.14085517056862,0,0,41,7,29,8,29,1,6.0,22.0,9,3,19,12,0,0,0,0,0,0,0,0,0,5,35,4,2,64,0,0,0,1,1,0,,0.0,0,0,0,0,0,0,0,0,0,1,0,0,,44,,0,44,0,3,4,1,0,0.75,0,0,0,0,0
2024,9,LV,REG,CIN,21,33,198,1,0,5,-41,1,1,257,87,10,-9.587708753708284,1.6680337488651276,0,21,60,1,1,1,5,-7.200744157957831,0,21,32,198,1,0,0,257,87,10,3.702085680793971,0,0,33,9,41,2,2,0,1.0,8.0,7,1,29,7,1,0,0,0,0,1,0,0,0,6,51,6,2,30,0,0,1,1,0,0,46.0,1.0,0,0,0,1,0,0,0,0,0,0,0,0,46,,,46,0,0,3,3,0,0,1.0,0,0,0,0,0
2024,9,MIA,REG,BUF,25,28,231,2,0,1,-7,0,0,137,122,14,17.544328126894143,21.28305611787019,0,31,149,1,1,1,10,0.48419419053028356,0,25,27,231,2,0,0,137,122,14,19.92495486310294,0,0,30,6,20,4,15,0,1.0,4.0,3,1,0,2,0,0,0,0,0,0,0,0,0,8,57,1,1,-1,2,55,2,2,0,0,39.0,1.0,0,1,1,0,0,0,0,0,0,0,0,0,39;23,,,62,0,0,3,3,0,0,1.0,0,0,0,0,0
2024,9,MIN,REG,IND,29,35,312,3,2,4,-30,1,1,235,125,17,-3.134371477697904,20.286064798181705,0,32,133,0,0,0,10,-1.4637295420398004,0,29,33,312,3,0,0,235,125,17,12.153926359960415,0,0,24,4,22,4,24,0,3.0,20.0,7,1,0,5,0,0,0,0,0,0,1,1,0,3,41,4,1,15,0,0,0,2,2,0,,0.0,0,0,0,0,0,0,0,0,1,0,1,0,,53;31,,0,84,0,3,3,0,0,1.0,0,0,0,0,0
2024,9,NE,REG,TEN,29,41,206,1,2,4,-21,1,1,301,134,10,-11.390648086847749,5.798991597615757,0,20,110,1,1,0,8,5.372172677249182,0,29,39,206,1,0,0,301,134,10,-0.29645913124424705,0,0,44,5,29,5,21,2,1.0,7.0,4,1,0,4,0,0,0,0,1,2,0,0,0,8,58,7,2,69,0,0,1,2,1,0,52.0,0.5,0,0,0,0,1,0,0,0,0,0,1,0,52,56,,52,56,0,2,2,0,0,1.0,0,0,0,0,0
2024,9,NO,REG,CAR,18,32,236,1,0,1,-6,0,0,205,159,12,2.2606706413525126,-0.8838789803641185,0,41,197,1,0,0,12,7.358375642856117,0,18,28,236,1,0,0,205,159,12,5.971487264995552,0,0,27,3,23,5,19,0,1.0,5.0,4,1,0,4,0,0,0,0,0,0,0,0,0,10,109,6,1,7,3,59,3,3,0,0,51.0,1.0,0,1,1,0,1,0,0,0,0,0,0,0,29;33;51,,,113,0,0,1,1,0,0,1.0,0,0,0,0,0
2024,9,NYG,REG,WAS,20,26,174,2,0,2,-12,1,1,193,41,10,-1.9680125192096458,8.956627547740936,0,31,164,1,0,0,12,8.373534075333737,0,20,26,174,2,0,0,193,41,10,9.717086518416181,0,0,26,5,39,3,4,0,0.0,0.0,2,0,0,2,0,0,0,0,0,0,0,0,0,4,51,3,2,12,5,125,1,1,0,0,31.0,1.0,0,0,1,0,0,0,0,0,0,0,0,0,31,,,31,0,0,1,1,0,0,1.0,0,0,0,0,0
2024,9,NYJ,REG,HOU,22,32,211,3,0,2,-18,0,0,185,112,11,8.60553915501805,-1.2533576227724552,0,21,100,0,2,1,5,-7.93565876892535,0,22,32,211,3,0,0,185,112,11,12.319057409942616,0,0,45,3,21,10,53,1,8.0,56.0,11,0,0,4,0,0,0,0,1,1,1,1,0,9,83,2,0,0,0,0,0,0,0,0,,,0,0,0,0,0,0,0,0,0,0,0,0,,,,0,0,0,3,3,0,0,1.0,0,0,0,0,0
2024,9,PHI,REG,JAX,18,24,230,2,0,3,-20,0,0,237,60,11,4.183691901423205,12.363064807394272,0,46,237,2,1,1,10,-2.802713113707339,0,18,23,230,2,0,0,237,60,11,12.444125199908857,0,0,27,1,21,3,16,1,2.0,14.0,3,2,0,9,0,0,0,0,0,0,1,1,0,8,67,2,0,0,1,34,1,2,1,0,43.0,0.5,0,0,0,1,0,0,0,0,0,0,1,0,43,57,,43,57,0,1,1,0,0,1.0,0,0,0,0,0
2024,9,SEA,REG,LA,21,34,363,3,3,7,-46,0,0,349,143,14,-5.465296312177088,0.4807668573716156,0,33,107,0,1,0,6,-12.677769127418287,0,21,34,363,3,0,0,349,143,14,3.880686405522283,0,0,37,4,32,5,10,1,0.0,0.0,7,1,0,8,0,0,0,0,2,4,0,0,0,12,95,4,2,13,1,32,0,0,0,0,,,0,0,0,0,0,0,0,0,0,0,0,0,,,,0,0,0,2,3,0,1,0.6666666666666666,0,0,0,0,0
2024,9,TB,REG,KC,23,31,200,2,0,2,-11,0,0,141,125,8,7.638863838075984,3.1622747259755286,0,19,95,1,0,0,8,2.217401248810347,0,23,31,200,2,0,0,141,125,8,9.408649281629685,0,0,50,4,36,8,46,1,4.0,31.0,7,0,0,3,0,0,0,0,0,0,1,1,0,6,50,4,2,18,1,46,1,1,0,0,47.0,1.0,0,0,0,1,0,0,0,0,0,0,0,0,47,,,47,0,0,3,3,0,0,1.0,0,0,0,0,0
2024,9,TEN,REG,NE,20,33,240,2,1,1,-7,0,0,309,81,13,5.174849518574774,9.53728457291921,0,39,167,0,1,0,11,-4.361185667927986,0,20,27,240,2,0,0,309,81,13,10.89489646157017,0,0,33,6,30,9,26,1,4.0,21.0,9,2,19,7,0,1,0,0,3,3,1,1,0,10,67,5,1,7,2,47,2,2,0,0,25.0,1.0,0,2,0,0,0,0,0,0,0,0,0,0,21;25,,,46,0,0,2,2,0,0,1.0,0,0,0,0,0
2024,9,WAS,REG,NYG,15,22,209,2,0,0,0,0,0,132,107,8,9.809720332377156,11.927927481500726,0,38,149,1,0,0,11,2.0943681154749356,0,15,19,209,2,0,0,132,107,8,13.913130620960146,0,0,34,4,42,4,23,1,2.0,12.0,4,0,0,3,0,0,0,0,0,0,1,1,0,5,52,3,1,8,1,35,2,2,0,0,31.0,1.0,0,1,1,0,0,0,0,0,0,0,0,0,31;20,,,51,0,0,3,3,0,0,1.0,0,0,0,0,0
2024,10,ARI,REG,NYJ,22,24,266,1,0,1,-7,1,0,111,180,15,17.980556081592596,18.128554647167526,0,32,147,3,0,0,12,3.0208738135988824,0,22,24,266,1,0,0,111,180,15,19.486101473177342,0,0,32,1,17,5,25,1,3.0,23.0,5,0,0,6,0,0,0,0,1,1,1,1,0,5,58,3,0,0,0,0,1,1,0,0,37.0,1.0,0,0,1,0,0,0,0,0,0,0,0,0,37,,,37,0,0,4,4,0,0,1.0,0,0,0,0,0
2024,10,ATL,REG,NO,23,38,306,0,1,3,-19,2,0,429,64,12,-1.2454464890619374,-2.8615681706248135,0,32,181,2,0,0,10,6.628354159765877,0,23,37,306,0,0,0,429,64,12,4.045544772481303,0,0,27,1,29,2,3,0,0.0,0.0,1,0,0,1,0,0,0,0,2,2,0,0,0,6,45,6,1,8,5,143,1,4,2,1,27.0,0.25,0,1,0,0,0,0,0,0,0,1,1,0,27,53;46,35,27,99,35,2,2,0,0,1.0,0,0,0,0,0
2024,10,BAL,REG,CIN,25,33,290,4,0,0,0,0,0,240,181,14,19.659902315499494,12.541617173701525,0,25,99,1,0,0,5,-2.566241625099676,1,25,32,290,4,0,0,240,181,14,20.24683043771074,0,0,37,2,22,3,12,2,3.0,7.0,13,0,0,7,0,0,0,0,0,0,1,1,0,11,81,5,0,0,1,30,0,0,0,0,,,0,0,0,0,0,0,0,0,0,0,0,0,,,,0,0,0,3,4,1,0,0.75,0,0,0,0,0
2024,10,BUF,REG,IND,22,37,280,0,2,2,0,0,0,258,130,11,-6.463513292489639,-8.717984301703316,0,31,135,2,0,0,9,7.842818492499646,0,22,35,280,0,0,0,258,130,11,-2.8614221924928724,0,0,37,6,22,6,37,2,4.0,32.0,6,3,27,5,1,0,0,0,1,1,1,1,0,8,54,5,1,8,2,49,3,3,0,0,47.0,1.0,0,2,0,1,0,0,0,0,0,0,0,0,29;47;28,,,104,0,0,3,3,0,0,1.0,0,0,0,0,0
2024,10,CAR,REG,NYG,15,25,126,1,0,1,-8,0,0,165,45,6,-2.38272735218328,-5.691631078720093,0,32,188,1,0,0,8,5.844397856670048,0,15,25,126,1,1,1,165,45,6,-4.865051228299705,0,0,38,8,38,6,24,2,2.0,15.0,5,2,4,6,0,1,0,0,1,1,1,1,0,10,87,5,3,19,2,51,2,2,0,0,53.0,1.0,0,0,1,0,1,0,0,0,0,0,0,0,53;36,,,89,0,0,2,2,0,0,1.0,1,1,0,0,36
2024,10,CHI,REG,NE,16,30,120,0,0,9,-51,0,0,187,48,6,-22.357460956134336,-8.309520093294292,0,20,73,0,0,0,4,-1.3525188193307258,0,16,26,120,0,0,0,187,48,6,-5.385044089402072,0,0,34,7,29,0,0,0,1.0,0.0,7,1,0,4,0,0,0,0,0,0,0,0,0,5,25,6,1,38,1,35,1,1,0,0,33.0,1.0,0,0,1,0,0,0,0,0,0,0,0,0,33,,,33,0,0,0,0,0,0,,0,0,0,0,0
2024,10,CIN,REG,BAL,34,56,428,4,0,3,-7,1,0,488,191,21,12.234198317994132,0.7067556182543446,0,16,49,1,2,1,3,-4.679398140113335,0,34,54,428,4,0,0,488,191,21,17.85833334086067,0,0,31,3,23,4,14,0,0.0,0.0,1,0,0,4,0,0,0,0,1,2,0,0,0,3,23,6,2,-4,1,17,0,0,0,0,,,0,0,0,0,0,0,0,0,0,0,0,0,,,,0,0,0,4,4,0,0,1.0,0,0,0,0,0
2024,10,DAL,REG,PHI,17,29,66,0,1,3,-17,1,1,196,38,4,-22.297091371228685,-10.889085510681419,0,24,97,0,2,2,6,-11.322004517968551,0,17,29,66,0,1,1,196,38,4,-20.102030096540926,0,0,45,2,26,4,42,1,5.0,46.0,8,1,0,3,0,0,0,0,0,1,1,1,0,5,40,1,0,0,2,83,2,2,0,0,46.0,1.0,0,1,0,1,0,0,0,0,0,0,0,0,46;23,,,69,0,0,0,0,0,0,,0,0,0,0,0
2024,10,DEN,REG,KC,22,30,215,2,0,2,-33,0,0,233,121,12,7.696348666215702,12.606211432388852,0,23,78,0,0,0,4,-3.690392692307329,0,22,28,215,2,0,0,233,121,12,12.598812123064338,0,0,39,2,30,5,26,0,4.0,23.0,9,0,0,2,0,0,0,0,1,1,0,0,0,6,35,6,1,28,0,0,0,2,1,1,,0.0,0,0,0,0,0,0,0,0,0,0,0,1,,60,35,0,60,35,2,2,0,0,1.0,0,1,0,1,35
2024,10,DET,REG,HOU,15,30,240,2,5,0,0,0,0,286,129,11,-1.8688213077679268,-2.5819130862752577,0,32,105,1,1,0,7,-5.5858773985253585,0,15,24,240,2,0,0,286,129,11,0.8713426964983353,0,0,47,2,18,9,63,0,4.0,40.0,7,2,0,7,0,0,0,0,1,1,0,0,0,4,61,3,3,15,0,0,2,2,0,0,58.0,1.0,0,0,0,0,2,0,0,0,0,0,0,0,58;52,,,110,0,0,2,2,0,0,1.0,1,1,0,0,52
2024,10,HOU,REG,DET,19,33,232,1,2,4,-40,1,0,268,117,12,-5.87445884275167,-8.771794103085995,0,28,56,1,0,0,3,-8.853419720379371,0,19,32,232,1,0,0,268,117,12,1.181325268177718,0,0,31,5,29,3,14,1,0.0,0.0,5,5,2,9,0,0,0,0,1,1,0,0,0,4,30,6,3,43,0,0,3,4,1,0,56.0,0.75,0,1,1,0,1,0,0,0,0,0,1,0,34;56;29,58,,119,58,0,2,2,0,0,1.0,0,0,0,0,0
2024,10,IND,REG,BUF,26,35,272,2,3,4,-32,1,1,276,66,14,-12.451161307303778,6.362825376646854,0,22,121,0,0,0,4,-2.875853848643601,0,26,35,272,2,1,0,276,66,14,0.4703857881039557,0,0,38,5,33,2,2,1,2.0,0.0,5,2,24,5,0,0,0,0,1,1,0,0,0,5,25,4,0,0,0,0,2,2,0,0,27.0,1.0,0,2,0,0,0,0,0,0,0,0,0,0,27;23,,,50,0,0,2,2,0,0,1.0,0,0,0,0,0
2024,10,JAX,REG,MIN,14,22,111,0,2,3,-24,0,0,183,52,5,-8.997734661330469,-0.9985215607143584,0,18,56,1,1,1,5,-5.58198764314875,0,14,21,111,0,0,0,183,52,5,-5.333566571527626,0,0,51,3,33,4,21,0,1.0,8.0,3,3,16,6,0,0,0,0,0,1,0,0,0,3,25,3,0,0,1,24,0,0,0,0,,,0,0,0,0,0,0,0,0,0,0,0,0,,,,0,0,0,1,1,0,0,1.0,0,0,0,0,0
2024,10,KC,REG,DEN,28,42,266,1,0,4,-23,0,0,213,188,13,3.8779830225843037,2.3141591250896454,0,19,57,0,0,0,4,-3.668278418770414,0,28,40,266,1,0,0,213,188,13,11.755846075991357,0,0,32,1,25,5,42,0,2.0,33.0,5,0,0,0,0,0,0,57,0,0,0,0,0,3,10,5,3,28,1,25,3,3,0,0,36.0,1.0,0,2,1,0,0,0,0,0,0,0,0,0,36;28;20,,,84,0,0,1,1,0,0,1.0,0,0,0,0,0
2024,10,LA,REG,MIA,32,46,293,0,1,4,-36,1,0,310,120,16,-7.019565086298249,0.9773179888725281,0,18,70,0,2,1,5,-8.87692736525787,0,32,44,293,0,0,0,310,120,16,1.4233027185786065,0,0,35,5,17,10,54,1,3.0,36.0,4,1,16,4,0,0,0,0,2,3,1,1,0,6,64,5,0,0,2,40,5,6,1,0,55.0,0.8333333333333334,0,1,2,0,2,0,0,0,0,0,1,0,34;55;53;22;31,57,,195,57,0,0,0,0,0,,0,0,0,0,0
2024,10,LAC,REG,TEN,14,18,164,1,0,0,0,0,0,114,93,8,9.668904586900211,8.564060926437378,0,39,145,2,0,0,11,-0.8284794980204091,0,14,18,164,1,0,0,114,93,8,9.668904586900211,0,0,38,3,17,8,26,1,7.0,18.0,9,0,0,1,0,0,0,0,0,0,0,0,0,5,30,3,2,14,1,56,2,2,0,0,37.0,1.0,0,1,1,0,0,0,0,0,0,0,0,0,21;37,,,58,0,0,3,3,0,0,1.0,0,0,0,0,0
2024,10,MIA,REG,LA,20,28,207,1,1,3,-36,1,1,153,121,11,-1.5312514591516702,-3.284194852624621,0,22,67,1,0,0,3,-7.116629000462126,0,20,28,207,1,0,0,153,121,11,6.74718418111822,0,0,35,6,30,7,61,2,4.0,36.0,6,1,5,6,0,0,0,0,0,0,1,1,0,1,15,2,3,21,0,0,3,3,0,0,50.0,1.0,0,0,1,0,2,0,0,0,0,0,0,0,50;37;50,,,137,0,0,2,2,0,0,1.0,0,0,0,0,0
2024,10,MIN,REG,JAX,24,38,241,0,3,1,-8,0,0,348,95,15,-2.4223577002886763,0.4837015190640027,0,43,169,0,0,0,10,2.137996810849521,0,24,37,241,0,0,0,348,95,15,0.6349678789373407,0,0,24,1,17,8,31,0,3.0,24.0,4,2,2,2,0,0,0,0,0,0,1,1,0,6,40,4,1,9,0,0,4,4,0,0,45.0,1.0,0,1,2,1,0,0,0,0,0,0,0,0,45;33;34;29,,,141,0,0,0,0,0,0,,0,0,0,0,0
2024,10,NE,REG,CHI,15,25,184,1,1,1,0,0,0,208,99,9,-1.3342440700961165,5.215457729671313,0,35,144,0,0,0,7,0.4506554014502635,0,15,23,184,1,0,0,208,99,9,1.6057879291603454,0,0,40,0,12,13,63,0,9.0,51.0,13,0,0,5,0,1,0,0,2,2,0,0,0,7,40,6,3,45,0,0,4,4,0,0,37.0,1.0,0,1,3,0,0,0,0,0,0,0,0,0,30;37;25;33,,,125,0,0,1,1,0,0,1.0,0,0,0,0,0
2024,10,NO,REG,ATL,16,25,269,2,0,0,0,0,0,195,165,8,6.222857016431702,5.747485160827637,0,27,96,0,1,0,6,-6.026381501724245,0,16,21,269,2,0,0,195,165,8,11.412800939366964,0,0,43,2,36,6,33,2,3.0,19.0,9,1,6,9,0,0,0,0,1,2,0,0,0,8,76,1,1,18,2,51,2,2,0,0,38.0,1.0,0,1,1,0,0,0,0,0,0,0,0,0,38;26,,,64,0,0,2,2,0,0,1.0,0,0,0,0,0
2024,10,NYG,REG,CAR,22,37,190,0,2,2,-15,0,0,272,35,13,-10.280256786709723,0.6589838303625584,0,34,167,2,1,1,11,1.5653897331794724,0,22,32,190,0,1,0,272,35,13,-3.687259832584095,0,0,33,2,36,4,12,1,1.0,8.0,4,0,0,1,0,0,0,0,0,0,1,1,0,3,15,5,3,17,3,77,1,2,1,0,42.0,0.5,0,0,0,1,0,0,0,0,0,1,0,0,42,43,,42,43,0,2,2,0,0,1.0,0,0,0,0,0
2024,10,NYJ,REG,ARI,22,35,151,0,0,3,-23,1,1,220,83,10,-10.893348057246827,-2.5963714628508585,0,17,79,0,0,0,5,2.244834473764058,0,22,33,151,0,0,0,220,83,10,-1.3668158977386193,0,0,28,2,42,3,9,1,1.0,7.0,2,0,0,0,0,0,0,0,0,0,0,0,0,3,25,1,0,0,0,0,2,2,0,0,45.0,1.0,0,1,0,1,0,0,0,0,0,0,0,0,25;45,,,70,0,0,0,0,0,0,,0,0,0,0,0
2024,10,PHI,REG,DAL,15,22,207,2,1,5,-46,1,1,233,82,9,-6.119925007694121,16.53276562690735,0,38,187,2,0,0,11,2.912458886034056,0,15,20,207,2,0,0,233,82,9,7.915878739960306,0,0,35,1,19,5,15,3,3.0,17.0,6,1,0,7,0,0,0,0,0,0,4,4,0,7,49,4,3,43,3,87,2,2,0,0,39.0,1.0,0,0,2,0,0,0,0,0,0,0,0,0,39;38,,,77,0,0,4,4,0,0,1.0,0,0,0,0,0
2024,10,PIT,REG,WAS,14,29,195,3,1,3,-23,0,0,361,81,9,4.651675489090849,-4.671380611566398,0,43,140,1,1,1,10,-7.746647891646717,0,14,26,195,3,0,0,361,81,9,11.578879454697017,0,0,36,6,8,9,41,0,3.0,20.0,6,0,0,5,0,0,0,0,0,0,1,1,0,5,49,4,3,20,5,117,0,0,0,0,,,0,0,0,0,0,0,0,0,0,0,0,0,,,,0,0,0,4,4,0,0,1.0,0,0,0,0,0
2024,10,SF,REG,TB,25,36,353,2,0,3,-15,1,0,252,172,17,17.420388583936784,8.74518173582414,0,22,75,0,0,0,3,-2.6588017979520373,0,25,34,353,2,0,0,252,172,17,20.642490788838245,0,0,31,3,21,5,19,0,2.0,11.0,2,0,0,5,0,1,0,0,1,1,0,0,0,6,49,4,3,36,1,23,3,6,3,0,44.0,0.5,0,1,1,1,0,0,0,0,0,2,1,0,28;33;44,49;50;44,,105,143,0,2,2,0,0,1.0,1,1,0,0,44
2024,10,TB,REG,SF,18,29,116,1,0,2,-11,0,0,157,83,8,-1.5207339657417909,-8.468727099484413,0,27,110,1,2,0,8,-1.711418698716443,0,18,29,116,1,0,0,157,83,8,1.6795121334080174,0,0,31,7,29,4,19,1,3.0,15.0,7,0,0,3,0,0,0,0,3,5,1,1,0,5,42,0,0,0,0,0,2,2,0,0,30.0,1.0,0,1,1,0,0,0,0,0,0,0,0,0,30;26,,,56,0,0,2,2,0,0,1.0,0,0,0,0,0
2024,10,TEN,REG,LAC,18,23,175,2,0,7,-18,1,0,190,71,10,1.3635178053062136,10.900350757267166,0,21,132,0,0,0,8,4.598025880465194,0,18,23,175,2,0,0,190,71,10,8.51248837723487,0,0,36,7,23,4,7,0,0.0,0.0,2,0,0,3,0,0,0,0,1,1,0,0,0,9,68,3,0,0,3,87,1,2,1,0,27.0,0.5,0,1,0,0,0,0,0,0,0,1,0,0,27,49,,27,49,0,2,2,0,0,1.0,0,0,0,0,0
2024,10,WAS,REG,PIT,17,34,202,0,0,3,-20,0,0,216,87,7,-9.261980554713908,-12.735867593437433,0,22,60,3,0,0,9,1.210884850268485,0,17,32,202,0,0,0,216,87,7,-2.937698245906312,0,0,32,10,48,5,25,1,3.0,23.0,6,1,0,2,0,2,0,0,1,1,1,1,0,5,41,4,2,0,4,118,2,2,0,0,48.0,1.0,0,0,0,2,0,0,0,0,0,0,0,0,48;41,,,89,0,0,3,3,0,0,1.0,0,0,0,0,0
2024,11,ATL,REG,DEN,20,31,197,0,1,4,-21,0,0,231,94,10,-5.4503752303129644,-0.005888527837290451,0,21,50,0,1,0,3,-9.750933879695367,0,20,29,197,0,0,0,231,94,10,1.4424348917678813,0,0,37,4,28,5,23,1,1.0,12.0,3,0,0,2,0,0,0,0,1,2,0,0,0,6,52,3,2,22,0,0,2,2,0,0,51.0,1.0,0,0,0,1,1,0,0,0,0,0,0,0,41;51,,,92,0,0,0,0,0,0,,0,0,0,0,0
2024,11,BAL,REG,PIT,16,33,207,1,1,2,-2,0,0,304,110,9,-2.438620983949904,-10.66938513709653,0,19,124,1,1,1,5,0.7255643120151944,0,16,31,207,1,1,1,304,110,9,-2.679572963526514,0,0,43,3,37,7,28,0,4.0,24.0,8,1,0,6,0,0,0,0,0,0,0,0,0,12,80,5,1,9,4,109,1,3,2,0,54.0,0.3333333333333333,0,0,0,0,1,0,0,0,0,1,1,0,54,47;50,,54,97,0,1,1,0,0,1.0,0,0,0,0,0
2024,11,BUF,REG,KC,27,40,262,1,1,0,0,0,0,280,144,13,5.961758687028341,4.212929857404609,0,31,104,3,0,0,9,1.2717722848174162,0,27,38,262,1,0,0,280,144,13,8.207671359572705,0,0,29,0,24,3,18,0,2.0,15.0,7,2,5,5,0,0,0,0,0,0,0,0,0,3,24,4,4,56,1,23,1,1,0,0,33.0,1.0,0,0,1,0,0,0,0,0,0,0,0,0,33,,,33,0,0,3,4,1,0,0.75,0,0,0,0,0
2024,11,CHI,REG,GB,23,31,231,0,0,3,-19,0,0,212,120,12,3.193344482027536,6.727697099408792,0,34,179,2,0,0,10,10.635114061514532,0,23,31,231,0,0,0,212,120,12,6.370430705293622,0,0,19,7,29,5,9,0,1.0,1.0,2,1,23,2,0,0,0,0,0,0,0,0,0,7,50,4,0,0,2,55,2,3,0,1,53.0,0.6666666666666666,0,1,0,0,1,0,0,0,0,0,0,0,53;27,,46,80,0,46,1,1,0,0,1.0,0,1,0,1,46
2024,11,CIN,REG,LAC,28,50,356,3,0,3,-14,0,0,512,111,14,6.436153140921302,-2.4864448801330874,0,25,110,0,0,0,7,1.6138209263444878,0,28,46,356,3,0,0,512,111,14,14.946958739381444,0,0,30,4,24,4,17,1,2.0,17.0,6,0,0,9,0,0,0,0,0,0,1,1,0,8,56,4,3,34,2,65,2,4,2,0,27.0,0.5,0,2,0,0,0,0,0,0,0,1,1,0,26;27,48;51,,53,99,0,3,3,0,0,1.0,0,0,0,0,0
2024,11,CLE,REG,NO,30,47,395,2,0,3,-18,0,0,463,213,17,8.607149692814929,-0.6989147265752157,1,20,66,0,0,0,3,-6.863059593364596,0,30,45,395,2,0,0,463,213,17,15.528461411909511,1,0,29,2,34,5,13,2,1.0,7.0,2,1,0,3,0,0,0,0,0,0,1,1,0,3,14,4,0,0,2,37,0,2,2,0,,0.0,0,0,0,0,0,0,0,1,0,0,1,0,,51;27,,0,78,0,0,0,0,0,,0,0,0,0,0
2024,11,DAL,REG,HOU,33,56,358,1,1,5,-34,1,0,364,202,17,-16.389272563823027,-11.431058634210517,0,18,64,0,1,0,4,-7.733130237974137,0,33,54,358,1,0,0,364,202,17,1.8677491112961508,0,0,35,1,27,2,8,0,1.0,7.0,1,1,21,5,0,0,0,0,2,3,0,0,0,9,66,3,0,0,2,56,1,2,1,0,53.0,0.5,0,0,0,0,1,0,0,0,0,1,0,0,53,40,,53,40,0,1,1,0,0,1.0,0,0,0,0,0
2024,11,DEN,REG,ATL,28,33,307,4,0,1,-12,0,0,139,199,14,22.721408265677212,13.406086899340153,0,26,105,1,0,0,7,-0.08968390987138264,0,28,32,307,4,1,0,139,199,14,25.435361801186275,0,0,31,4,28,8,39,0,4.0,21.0,6,1,15,5,0,0,0,0,1,1,0,0,0,4,45,5,3,57,0,0,1,1,0,0,45.0,1.0,0,0,0,1,0,0,0,0,0,0,0,0,45,,,45,0,0,5,5,0,0,1.0,0,0,0,0,0
2024,11,DET,REG,JAX,27,33,449,4,0,0,0,0,0,244,237,22,36.59975803193207,16.5980109284001,0,43,196,3,0,0,14,1.170433268416673,0,27,31,449,4,0,0,244,237,22,37.56280145728066,0,0,21,4,26,3,5,0,1.0,9.0,3,1,0,2,0,0,0,0,0,0,0,0,0,4,46,1,3,30,0,0,1,1,0,0,54.0,1.0,0,0,0,0,1,0,0,0,0,0,0,0,54,,,54,0,0,7,7,0,0,1.0,0,0,0,0,0
2024,11,GB,REG,CHI,13,17,261,1,1,1,-1,0,0,142,143,10,13.075745527574327,12.591090623070208,0,25,106,2,0,0,8,-1.6166732268319466,0,13,17,261,1,0,0,142,143,10,14.416968220029958,0,0,47,1,27,4,22,0,3.0,19.0,6,0,0,1,0,0,0,0,0,0,0,0,0,3,25,6,1,16,2,51,0,0,0,0,,,0,0,0,0,0,0,0,0,0,0,0,0,,,,0,0,0,2,2,0,0,1.0,0,0,0,0,0
2024,11,HOU,REG,DAL,23,34,257,0,1,1,-7,0,0,170,156,13,6.418011947523786,-5.342165899999212,0,25,141,3,0,0,6,5.212233859085245,0,23,33,257,0,0,0,170,156,13,8.872617201635597,0,0,43,3,21,6,31,2,5.0,34.0,6,1,7,10,0,0,0,0,0,0,1,1,1,9,69,2,0,0,2,26,2,2,0,0,33.0,1.0,0,1,1,0,0,0,0,0,0,0,0,0,33;29,,,62,0,0,4,4,0,0,1.0,0,0,0,0,0
2024,11,IND,REG,NYJ,20,30,272,1,0,2,-31,1,1,315,91,13,8.690708180895307,7.280991758619032,0,35,91,2,1,0,6,-7.425249137436766,0,20,28,272,1,0,0,315,91,13,17.79447648565853,0,0,28,8,30,6,33,1,3.0,22.0,5,0,0,2,0,0,0,0,1,2,0,0,0,5,40,1,3,37,4,114,3,3,0,0,56.0,1.0,0,0,0,2,1,0,0,0,0,0,0,0,41;47;56,,,144,0,0,1,1,0,0,1.0,0,0,0,0,0
2024,11,JAX,REG,DET,17,29,138,0,1,1,-9,0,0,354,72,7,-11.868479111575368,-3.797373494931628,0,17,41,0,0,0,2,-5.601035167173332,0,17,28,138,0,0,0,354,72,7,-7.546997164021092,0,0,44,11,31,3,7,0,0.0,0.0,2,0,0,1,0,0,0,0,0,0,0,0,0,6,40,3,0,0,2,58,2,2,0,0,59.0,1.0,0,0,1,0,1,0,0,0,0,0,0,0,59;35,,,94,0,0,0,0,0,0,,0,0,0,0,0
2024,11,KC,REG,BUF,23,33,196,3,2,2,-15,0,0,228,105,15,5.599778355506714,9.59431754965936,0,17,78,0,0,0,3,0.5351919562381227,0,23,31,196,3,0,0,228,105,15,10.250588059134316,0,0,43,2,24,3,3,0,0.0,0.0,4,1,29,2,0,0,0,0,0,0,0,0,0,6,57,4,1,8,0,0,0,0,0,0,,,0,0,0,0,0,0,0,0,0,0,0,0,,,,0,0,0,3,3,0,0,1.0,0,0,0,0,0
2024,11,LA,REG,NE,18,27,295,4,0,0,0,0,0,289,126,13,16.001792662762995,10.00394644560637,0,24,107,0,0,0,5,1.9270946155302227,0,18,27,295,4,0,0,289,126,13,16.001792662762995,0,0,36,11,41,6,31,2,3.0,25.0,5,1,9,8,0,0,0,0,0,0,1,1,0,7,66,5,0,0,3,82,0,1,1,0,,0.0,0,0,0,0,0,0,0,1,0,0,0,0,,26,,0,26,0,4,4,0,0,1.0,0,0,0,0,0
2024,11,LAC,REG,CIN,17,36,297,2,0,2,-17,0,0,463,65,14,1.9990993643142447,-11.721016331152471,0,25,155,2,1,1,7,0.6247264773701318,0,17,33,297,2,0,0,463,65,14,7.557547720133808,0,0,41,0,34,5,19,0,3.0,14.0,14,0,0,10,0,0,0,0,0,0,0,0,0,5,50,6,3,38,1,32,2,2,0,0,53.0,1.0,1,0,0,0,1,0,0,0,0,0,0,0,19;53,,,72,0,0,4,4,0,0,1.0,0,0,0,0,0
2024,11,LV,REG,MIA,30,43,282,2,1,3,-14,0,0,191,188,17,4.922723967598332,1.973721919915613,0,16,60,0,0,0,3,0.07311080920822477,0,30,39,282,2,0,0,191,188,17,13.065676544227216,0,0,38,3,33,10,32,1,2.0,17.0,2,0,0,2,0,0,0,0,0,0,0,0,0,7,49,5,0,0,1,31,2,2,0,0,27.0,1.0,0,2,0,0,0,0,0,0,0,0,0,0,27;22,,,49,0,0,1,1,0,0,1.0,0,0,0,0,0
2024,11,MIA,REG,LV,28,36,288,3,0,2,-17,1,0,178,159,18,24.54144702075973,10.625237226486206,0,26,82,1,0,0,4,-4.725834009441314,0,28,35,288,3,0,0,178,159,18,27.41820731529177,0,0,38,1,19,4,17,0,3.0,14.0,4,1,7,3,0,0,0,0,1,1,0,0,0,4,23,3,1,0,2,52,2,2,0,0,46.0,1.0,0,0,1,1,0,0,0,0,0,0,0,0,31;46,,,77,0,0,4,4,0,0,1.0,0,0,0,0,0
2024,11,MIN,REG,TEN,20,32,246,2,0,2,-10,0,0,304,108,12,7.44695669365934,3.7620337804158535,0,33,82,1,2,1,6,-10.982167564507108,0,20,30,246,2,0,0,304,108,12,14.726340199761362,0,0,31,5,17,10,43,0,5.0,34.0,9,1,0,2,0,0,0,0,1,2,0,0,0,3,35,4,2,17,1,35,1,1,0,0,40.0,1.0,0,0,0,1,0,0,0,0,0,0,0,0,40,,,40,0,0,2,3,1,0,0.6666666666666666,0,0,0,0,0
2024,11,NE,REG,LA,29,39,282,2,1,3,-25,1,1,250,160,16,11.093982242824096,8.931581957920178,0,30,125,0,0,0,6,-3.74541616323404,0,29,37,282,2,1,0,250,160,16,19.93227122814278,0,0,22,6,26,0,0,0,0.0,0.0,4,0,0,2,0,0,0,0,1,1,0,0,0,7,45,6,0,0,2,62,3,3,0,0,42.0,1.0,0,1,1,1,0,0,0,0,0,0,0,0,32;25;42,,,99,0,0,1,2,0,1,0.5,0,0,0,0,0
2024,11,NO,REG,CLE,22,29,266,2,1,1,-7,1,0,211,169,11,10.36974441446364,7.352812162467409,0,28,214,3,0,0,8,12.331743028538767,0,22,28,266,2,1,1,211,169,11,7.058183552173432,0,0,31,1,43,5,31,0,3.0,18.0,5,0,0,5,0,0,0,0,1,1,0,0,0,5,41,4,2,54,1,42,0,0,0,0,,,0,0,0,0,0,0,0,0,0,0,0,0,,,,0,0,0,5,5,0,0,1.0,0,0,0,0,0
2024,11,NYJ,REG,IND,22,29,184,2,0,3,-22,1,0,124,122,7,-0.448178460415825,3.4641989346208253,0,20,91,1,0,0,4,-4.804423268127721,0,22,29,184,2,0,0,124,122,7,2.8042930218489843,0,0,44,6,26,7,41,1,2.0,31.0,5,0,0,1,0,0,0,0,1,1,1,1,0,2,14,5,3,19,1,24,2,2,0,0,58.0,1.0,0,0,1,0,1,0,0,0,0,0,0,0,58;35,,,93,0,0,3,3,0,0,1.0,0,0,0,0,0
2024,11,PHI,REG,WAS,18,28,221,0,0,2,-15,0,0,184,133,9,0.8737312728603852,2.902256727218628,0,40,228,3,0,0,13,11.405192920406371,0,18,25,221,0,1,0,184,133,9,7.159612548530618,0,0,38,7,27,8,32,1,3.0,20.0,3,1,0,4,0,0,0,0,1,1,0,0,0,4,49,5,2,20,2,51,2,4,2,0,31.0,0.5,0,1,1,0,0,0,0,0,0,1,1,0,21;31,44;51,,52,95,0,2,3,1,0,0.6666666666666666,0,0,0,0,0
2024,11,PIT,REG,BAL,23,36,205,0,1,4,-24,0,0,219,127,9,-11.591212340985363,1.6661654226481915,0,34,122,0,0,0,7,-6.461009692109656,0,23,32,205,0,0,0,219,127,9,-1.1368732849401064,0,0,24,1,29,3,6,2,2.0,2.0,6,1,0,6,0,0,0,0,0,0,2,2,0,7,45,3,2,13,0,0,6,6,0,0,57.0,1.0,0,1,2,0,3,0,0,0,0,0,0,0,32;52;32;57;27;50,,,250,0,0,0,0,0,0,,0,0,0,0,0
2024,11,SEA,REG,SF,25,32,221,0,1,4,-26,0,0,284,68,10,-0.7549310410544834,15.981026426438362,0,23,94,2,1,0,9,0.9590410444652662,0,25,31,221,0,0,0,284,68,10,6.435596773633733,0,0,32,2,38,4,15,0,2.0,13.0,4,1,0,6,0,0,0,0,1,2,0,0,0,4,20,5,0,0,1,15,2,2,0,0,57.0,1.0,0,0,0,0,2,0,0,0,0,0,0,0,52;57,,,109,0,0,2,2,0,0,1.0,0,0,0,0,0
2024,11,SF,REG,SEA,21,28,159,1,1,2,-13,0,0,153,53,10,0.7670178439844149,1.9846969417163316,0,27,131,1,0,0,9,5.101639297907241,0,21,28,159,1,0,0,153,53,10,2.944129861859021,0,0,33,3,23,4,24,0,4.0,26.0,7,1,11,3,0,0,0,0,0,0,0,0,0,9,54,6,1,12,3,51,1,1,0,0,33.0,1.0,0,0,1,0,0,0,0,0,0,0,0,0,33,,,33,0,0,2,2,0,0,1.0,0,0,0,0,0
2024,11,TEN,REG,MIN,17,31,295,1,1,5,-34,0,0,342,136,8,1.8665400650996506,-4.830432349237905,0,19,33,0,0,0,3,-9.7099493285059,0,17,29,295,1,0,0,342,136,8,11.493345715047326,0,0,42,3,21,6,17,1,2.0,10.0,4,0,0,2,0,0,0,0,0,0,1,1,0,13,91,5,2,26,1,23,2,2,0,0,43.0,1.0,0,0,1,1,0,0,0,0,0,0,0,0,30;43,,,73,0,0,1,1,0,0,1.0,0,0,0,0,0
2024,11,WAS,REG,PHI,22,32,191,1,1,3,-20,0,0,114,146,10,1.396345592264086,-4.182541556656361,1,28,93,1,0,0,7,-8.9129087018664,0,22,32,191,1,0,0,114,146,10,5.917870618795976,1,0,45,1,29,3,17,1,2.0,15.0,4,0,0,2,0,0,0,0,1,1,0,0,0,4,25,3,2,7,2,59,1,1,0,0,45.0,1.0,0,0,0,1,0,0,0,0,0,0,0,0,45,,,45,0,0,1,1,0,0,1.0,0,0,0,0,0
2024,12,ARI,REG,SEA,24,37,285,0,1,5,-36,0,0,285,144,15,-5.312439965478138,3.205441639703862,0,14,49,0,0,0,1,-5.031154852476902,0,24,34,285,0,0,0,285,144,15,2.971627251957086,0,0,40,3,19,8,45,1,5.0,34.0,6,1,0,5,0,0,0,0,0,0,0,0,0,5,60,4,1,0,3,79,2,3,1,0,35.0,0.6666666666666666,0,1,1,0,0,0,0,0,0,1,0,0,35;22,47,,57,47,0,0,0,0,0,,0,0,0,0,0
2024,12,BAL,REG,LAC,16,22,177,2,0,1,0,0,0,231,63,6,8.123395734776409,10.642230084964204,0,37,212,2,0,0,13,9.115768746065442,0,16,21,177,2,0,0,231,63,6,9.90366210051127,0,0,35,0,18,6,25,1,4.0,16.0,7,0,0,5,0,0,0,0,0,0,0,0,0,9,102,4,0,0,0,0,1,1,0,0,45.0,1.0,0,0,0,1,0,0,0,0,0,0,0,0,45,,,45,0,0,3,3,0,0,1.0,0,0,0,0,0
2024,12,CAR,REG,KC,21,35,263,1,0,2,-14,1,0,290,101,13,6.348971300737509,3.4492925261006215,0,21,85,1,0,0,6,5.0425376303757075,1,21,33,263,1,0,0,290,101,13,11.597838641938331,0,0,48,1,23,8,44,1,5.0,43.0,8,0,0,3,0,0,0,0,1,1,0,0,0,9,53,6,1,10,0,0,4,4,0,0,33.0,1.0,0,1,3,0,0,0,0,0,0,0,0,0,30;32;29;33,,,124,0,0,1,1,0,0,1.0,0,0,0,0,0
2024,12,CHI,REG,MIN,32,48,340,2,0,3,-20,0,0,362,183,14,4.0198962015041495,0.8924696039646202,1,22,78,1,0,0,6,1.00101288408041,0,32,47,340,2,1,0,362,183,14,7.524398221547097,1,0,37,9,31,5,25,1,3.0,16.0,9,0,0,5,0,1,0,0,1,1,1,1,0,7,80,8,2,5,1,55,2,3,0,1,49.0,0.6666666666666666,0,0,0,2,0,0,0,0,0,0,0,0,49;48,,48,97,0,48,1,1,0,0,1.0,0,0,0,0,0
2024,12,CLE,REG,PIT,18,27,219,0,1,1,0,1,1,238,44,8,-0.7570856122181285,2.4911829718837057,1,27,85,3,0,0,8,6.106027501232232,0,18,27,219,0,2,1,238,44,8,-1.219039118382847,1,0,42,11,27,11,39,1,4.0,22.0,9,0,0,0,0,0,0,0,1,1,1,1,0,8,48,4,0,0,3,72,1,1,0,0,34.0,1.0,0,0,1,0,0,0,0,0,0,0,0,0,34,,,34,0,0,1,1,0,0,1.0,0,0,0,0,0
2024,12,DAL,REG,WAS,24,32,247,2,0,1,-6,0,0,193,115,12,8.539612328004344,3.6089149303734303,0,28,91,0,2,1,5,-11.908681937303111,0,24,32,247,2,0,0,193,115,12,9.614910948741501,0,2,37,1,33,5,11,2,4.0,8.0,8,2,23,7,0,0,0,0,2,4,1,1,0,4,20,4,1,-2,5,222,2,4,1,1,48.0,0.5,0,0,0,2,0,0,0,0,0,1,0,0,46;48,42,35,94,42,35,4,4,0,0,1.0,0,0,0,0,0
2024,12,DEN,REG,LV,25,42,273,2,0,1,-11,0,0,288,120,13,8.337529324486804,-7.331833166953844,0,22,63,0,0,0,5,-5.801263439115087,0,25,39,273,2,0,0,288,120,13,13.061844431037954,0,0,42,1,19,4,23,1,5.0,28.0,10,1,37,7,0,0,0,0,0,0,1,1,0,6,58,6,1,22,0,0,5,5,0,0,54.0,1.0,0,0,2,1,2,0,0,0,0,0,0,0,38;53;54;45;33,,,223,0,0,2,2,0,0,1.0,0,0,0,0,0
2024,12,DET,REG,IND,26,36,269,0,0,3,-16,1,0,205,175,15,9.311170491704349,7.087433338165283,0,33,137,3,0,0,10,-1.733492226630915,0,26,33,269,0,0,0,205,175,15,16.899961345968865,0,0,26,3,13,1,1,1,0.0,0.0,6,0,0,2,0,0,0,0,1,1,0,0,0,5,45,1,4,45,0,0,1,1,0,0,56.0,1.0,0,0,0,0,1,0,0,0,0,0,0,0,56,,,56,0,0,3,3,0,0,1.0,0,0,0,0,0
2024,12,GB,REG,SF,13,23,163,2,0,2,-7,0,0,280,92,9,6.631264539280345,-2.241430296139281,0,42,169,3,0,0,12,1.7572724846249912,0,13,22,163,2,0,0,280,92,9,12.00670493664802,0,0,28,4,20,3,11,5,2.0,2.0,3,1,48,3,0,0,0,0,0,0,2,2,0,5,40,2,2,20,1,21,1,1,0,0,51.0,1.0,0,0,0,0,1,0,0,0,0,0,0,0,51,,,51,0,0,5,5,0,0,1.0,0,0,0,0,0
2024,12,HOU,REG,TEN,20,33,247,2,2,4,-27,0,0,291,91,11,-6.365417903699747,-4.694335018434835,0,17,40,0,0,0,0,-5.8922238984378055,0,20,31,247,2,0,0,291,91,11,1.0245515904812188,0,0,48,1,19,13,57,0,8.0,41.0,9,1,65,2,1,0,0,0,0,0,2,2,0,11,81,6,5,24,4,147,2,3,1,0,54.0,0.6666666666666666,0,1,0,0,1,0,0,1,0,0,0,0,28;54,28,,82,28,0,3,3,0,0,1.0,0,0,0,0,0
2024,12,IND,REG,DET,11,28,172,0,0,0,0,0,0,373,75,7,-2.5916271098203882,-14.439787030220032,0,21,96,0,1,0,3,-4.248376004921738,0,11,25,172,0,0,0,373,75,7,1.1061688950621598,0,0,35,5,47,7,24,1,3.0,16.0,9,0,0,2,0,0,0,0,2,2,0,0,0,10,75,0,2,4,1,25,2,2,0,0,29.0,1.0,0,2,0,0,0,0,0,0,0,0,0,0,27;29,,,56,0,0,0,0,0,0,,0,0,0,0,0
2024,12,KC,REG,CAR,27,37,269,3,0,5,-43,0,0,228,132,15,9.169239682292728,7.734522720177968,0,26,165,0,1,0,8,10.01821847479806,0,27,36,269,3,0,0,228,132,15,15.40555078532741,0,0,31,1,23,2,15,1,2.0,14.0,7,0,0,2,0,0,0,0,0,0,0,0,0,10,91,3,2,-4,4,132,3,3,0,0,41.0,1.0,0,1,1,1,0,0,0,0,0,0,0,0,25;41;31,,,97,0,0,3,3,0,0,1.0,1,1,0,0,31
2024,12,LA,REG,PHI,24,36,243,2,0,5,-45,1,0,233,107,14,4.146638122326022,-0.6476984304540314,0,18,92,1,2,1,8,-5.228554878325667,0,24,34,243,2,1,0,233,107,14,11.300726113535465,0,0,36,6,32,4,18,0,1.0,12.0,2,0,0,2,0,0,0,0,2,2,0,0,0,4,38,5,1,11,2,62,0,1,1,0,,0.0,0,0,0,0,0,0,0,0,0,1,0,0,,47,,0,47,0,2,2,0,0,1.0,0,0,0,0,0
2024,12,LAC,REG,BAL,21,36,218,0,0,4,-16,1,0,367,80,9,-1.8392485675853765,-7.958391805489858,0,20,83,2,0,0,7,2.2927325954078697,0,21,36,218,0,0,0,367,80,9,3.7355323098613793,0,0,29,3,33,4,8,0,1.0,0.0,2,0,0,2,0,0,0,0,1,1,0,0,0,7,62,4,1,19,1,46,3,3,0,0,52.0,1.0,0,0,0,1,2,0,0,0,0,0,0,0,42;52;52,,,146,0,0,2,2,0,0,1.0,0,0,0,0,0
2024,12,LV,REG,DEN,31,53,328,1,1,5,-28,1,1,267,155,15,-13.660719356405467,-7.04317708378253,0,16,69,0,1,0,5,-1.3573975890417684,0,31,46,328,1,0,0,267,155,15,1.9838453511661878,0,0,36,2,20,8,34,0,1.0,11.0,2,0,0,7,0,0,0,0,1,2,0,0,0,4,44,6,2,14,1,59,4,4,0,0,53.0,1.0,0,1,2,0,1,0,0,0,0,0,0,0,34;34;53;22,,,143,0,0,1,1,0,0,1.0,0,0,0,0,0
2024,12,MIA,REG,NE,29,40,317,4,0,2,-9,0,0,227,167,19,13.061815574565571,3.4430599212646484,0,24,65,0,1,1,2,-12.925130755120568,0,29,40,317,4,0,0,227,167,19,16.871033983571124,0,0,37,3,19,6,42,1,4.0,39.0,8,1,0,6,0,0,0,0,0,0,1,1,0,3,17,3,2,15,0,0,2,2,0,0,51.0,1.0,0,1,0,0,1,0,0,0,0,0,0,0,21;51,,,72,0,0,4,4,0,0,1.0,0,0,0,0,0
2024,12,MIN,REG,CHI,23,35,344,2,0,3,-16,0,0,289,142,13,12.450874150388577,7.214974146336317,0,27,124,1,1,1,7,-7.795035583278075,0,23,32,344,2,0,0,289,142,13,17.703666506807956,0,0,40,5,29,8,30,1,3.0,20.0,4,0,0,3,0,0,0,22,0,0,1,1,0,5,45,3,5,43,2,50,3,3,0,0,40.0,1.0,0,2,0,1,0,0,0,0,0,0,0,0,40;26;29,,,95,0,0,3,3,0,0,1.0,1,1,0,0,29
2024,12,NE,REG,MIA,22,38,222,1,1,4,-39,1,1,292,107,8,-12.669137730685062,-7.784552630540484,1,21,86,0,0,0,4,0.27505863492412264,0,22,37,222,1,0,0,292,107,8,-1.2211269905818627,1,0,32,8,30,5,16,1,2.0,9.0,2,0,0,9,0,0,0,0,0,0,1,1,1,10,75,5,3,38,0,0,0,1,1,0,,0.0,0,0,0,0,0,0,0,0,0,1,0,0,,45,,0,45,0,1,1,0,0,1.0,0,0,0,0,0
2024,12,NYG,REG,TB,22,32,192,0,0,4,-23,0,0,201,89,11,-6.551454990520142,3.6010189851125096,0,20,76,1,1,1,5,-7.343022586544976,0,22,30,192,0,1,0,201,89,11,0.8239324591122568,0,0,30,6,40,3,5,3,0.0,0.0,2,0,0,2,0,0,0,0,0,0,1,1,0,4,42,5,1,8,1,33,0,0,0,0,,,0,0,0,0,0,0,0,0,0,0,0,0,,,,0,0,0,1,1,0,0,1.0,0,0,0,0,0
2024,12,PHI,REG,LA,15,22,179,1,0,1,-12,0,0,142,108,10,7.471461810654632,9.46839985094572,0,45,314,3,0,0,12,14.97185586168275,0,15,19,179,1,0,0,142,108,10,11.711443449387929,0,0,39,2,12,8,54,4,5.0,45.0,11,0,0,7,0,0,0,0,0,0,1,1,0,4,52,3,1,8,0,0,3,3,0,0,31.0,1.0,0,2,1,0,0,0,0,0,0,0,0,0,21;31;26,,,78,0,0,4,4,0,0,1.0,0,0,0,0,0
2024,12,PIT,REG,CLE,21,29,270,1,0,4,-22,1,1,344,86,10,6.6914360430013105,24.30560600757599,0,34,120,1,0,0,6,-9.187965992314275,0,21,25,270,1,0,0,344,86,10,17.84539188865689,0,0,26,2,36,1,1,3,1.0,0.0,6,1,2,6,0,0,0,0,1,2,2,2,0,6,39,5,0,0,3,60,2,3,1,0,48.0,0.6666666666666666,0,1,0,1,0,0,0,0,0,0,1,0,48;28,58,,76,58,0,1,1,0,0,1.0,0,0,0,0,0
2024,12,SEA,REG,ARI,22,31,254,1,1,5,-34,1,0,187,170,12,2.1306606442667544,8.891704465661729,0,25,65,0,0,0,4,-5.992878972067091,0,22,28,254,1,0,0,187,170,12,14.37372078828048,0,0,33,1,25,5,32,0,5.0,36.0,7,1,69,6,1,0,0,0,1,1,0,0,0,5,51,5,1,9,1,20,1,1,0,0,50.0,1.0,0,0,0,0,1,0,0,0,0,0,0,0,50,,,50,0,0,1,2,1,0,0.5,0,0,0,0,0
2024,12,SF,REG,GB,17,29,199,1,1,2,-2,2,1,214,116,8,-10.667565045155744,-3.8751421066430867,0,16,44,0,1,0,3,-3.5645547694002744,0,17,26,199,1,1,1,214,116,8,-6.315220389956768,0,0,38,8,28,5,10,0,2.0,7.0,3,0,0,3,0,0,0,0,3,3,0,0,0,9,77,1,3,41,4,103,1,1,0,0,48.0,1.0,0,0,0,1,0,0,0,0,0,0,0,0,48,,,48,0,0,1,1,0,0,1.0,0,0,0,0,0
2024,12,TB,REG,NYG,24,30,294,0,0,0,0,0,0,209,141,12,16.715856334514683,12.603810032208761,0,32,157,4,4,1,11,-0.4447637728995488,0,24,30,294,0,0,0,209,141,12,16.715856334514683,0,0,31,6,24,6,27,2,4.0,23.0,9,0,0,3,0,0,0,0,2,3,1,1,0,4,29,2,1,15,1,6,1,1,0,0,23.0,1.0,0,1,0,0,0,0,0,0,0,0,0,0,23,,,23,0,0,3,4,1,0,0.75,0,0,0,0,0
2024,12,TEN,REG,HOU,18,25,278,2,1,8,-41,0,0,211,146,8,-2.408985949755155,3.1566489934921265,0,33,132,1,1,1,10,-6.291632685383107,0,18,25,278,2,0,0,211,146,8,6.756083200918511,0,0,39,1,15,9,45,0,4.0,27.0,6,2,8,7,0,1,1,0,1,3,0,0,0,6,35,5,3,2,3,91,3,3,0,0,56.0,1.0,0,0,0,0,3,0,0,0,0,0,0,0,51;56;51,,,158,0,0,3,3,0,0,1.0,0,0,0,0,0
2024,12,WAS,REG,DAL,25,38,275,2,2,4,-8,0,0,346,122,11,-6.0825926684275,6.794291910003217,0,25,145,1,0,0,8,7.721450003635371,1,25,34,275,2,2,1,346,122,11,-3.4149643955002347,0,0,33,3,41,6,21,1,1.0,6.0,2,0,0,6,0,0,0,34,1,1,1,1,0,8,78,4,1,19,3,101,2,3,1,0,51.0,0.6666666666666666,0,0,0,1,1,0,0,0,0,0,1,0,41;51,51,,92,51,0,0,2,2,0,0.0,0,0,0,0,0
2024,13,ARI,REG,MIN,31,45,260,1,2,1,-8,1,0,306,100,13,0.9122893956137923,1.8765363582344965,0,31,154,0,0,0,10,2.030496029992176,0,31,43,260,1,0,0,306,100,13,3.4892139696156206,0,0,29,5,15,6,38,2,5.0,30.0,8,0,0,3,0,0,0,0,1,1,1,1,0,10,96,5,2,10,1,26,5,6,1,0,40.0,0.8333333333333334,0,2,2,1,0,0,0,0,0,1,0,0,32;31;24;40;23,45,,150,45,0,1,1,0,0,1.0,0,0,0,0,0
2024,13,ATL,REG,LAC,24,39,245,0,4,1,-11,1,0,299,152,13,-11.633553486629031,-5.574062701902893,0,37,116,1,0,0,7,-6.674788130389061,0,24,38,245,0,0,0,299,152,13,-9.756011873737085,0,0,26,1,21,5,23,2,5.0,19.0,8,0,0,6,0,0,0,0,1,1,1,1,0,2,10,4,2,10,0,0,2,3,1,0,41.0,0.6666666666666666,0,1,0,1,0,0,0,0,1,0,0,0,41;26,35,,67,35,0,1,1,0,0,1.0,0,0,0,0,0
2024,13,BAL,REG,PHI,23,36,237,2,0,3,-31,0,0,362,99,11,-0.9726886269649855,2.6518843855176684,0,32,166,0,2,0,11,0.8474406778113917,0,23,35,237,2,0,0,362,99,11,4.492795659363677,0,0,32,2,26,5,9,1,2.0,6.0,3,0,0,2,0,1,0,0,3,4,0,0,0,4,20,6,2,16,2,62,2,4,2,0,50.0,0.5,0,0,1,0,1,0,0,0,0,1,1,0,34;50,47;53,,84,100,0,1,2,1,0,0.5,0,0,0,0,0
2024,13,BUF,REG,SF,14,18,152,2,0,0,0,0,0,111,87,7,7.31893317218055,10.330582989586723,0,38,220,3,0,0,12,7.68496812080026,0,14,18,152,2,0,0,111,87,7,7.31893317218055,0,0,29,7,27,5,18,2,1.0,5.0,1,0,0,1,0,0,0,0,0,0,3,3,0,5,35,5,2,18,2,43,0,1,1,0,,0.0,0,0,0,0,0,0,0,0,0,1,0,0,,49,,0,49,0,5,5,0,0,1.0,0,0,0,0,0
2024,13,CAR,REG,TB,26,46,298,1,0,1,-9,0,0,441,112,14,4.518333094965044,3.021789978190168,0,21,78,1,1,1,3,-4.376183561624193,0,26,41,298,1,0,0,441,112,14,8.19101873204562,0,0,51,3,27,8,48,0,4.0,31.0,6,2,36,7,0,0,0,0,0,0,0,0,0,7,62,7,2,10,0,0,3,5,2,0,47.0,0.6,0,2,0,1,0,0,0,0,1,1,0,0,47;27;22,38;45,,96,83,0,2,2,0,0,1.0,0,0,0,0,0
2024,13,CHI,REG,DET,20,39,256,3,0,5,-33,0,0,524,101,11,-1.3095037273159251,-8.339647203683853,0,15,78,0,0,0,3,0.7188160535879433,0,20,36,256,3,0,0,524,101,11,7.026674102657243,0,0,41,1,31,2,10,1,2.0,10.0,3,0,0,5,0,0,0,0,0,0,1,1,0,8,78,5,0,0,1,24,0,0,0,0,,,0,0,0,0,0,0,0,0,0,0,0,0,,,,0,0,0,2,2,0,0,1.0,0,0,0,0,0
2024,13,CIN,REG,PIT,28,38,309,3,1,4,-27,2,2,226,165,16,-1.1944501415327764,9.534757604470126,0,15,93,1,0,0,5,1.166352238098625,0,28,37,309,3,0,0,226,165,16,16.355181874358095,0,0,32,5,43,4,8,1,2.0,4.0,9,1,51,2,1,0,0,0,0,0,0,0,0,11,101,4,0,0,5,146,1,1,0,0,38.0,1.0,0,0,1,0,0,0,0,0,0,0,0,0,38,,,38,0,0,5,5,0,0,1.0,0,0,0,0,0
2024,13,CLE,REG,DEN,34,58,497,4,3,3,-22,0,0,489,197,24,-2.339280853559483,-3.3235994347354794,1,23,77,0,0,0,3,-2.8600641363300383,0,34,57,497,4,0,0,489,197,24,1.7100145844284107,1,0,27,2,26,4,5,0,0.0,0.0,2,2,-2,6,0,0,0,0,0,0,0,0,0,5,46,4,2,8,1,21,1,2,1,0,45.0,0.5,0,0,0,1,0,0,0,0,0,1,0,0,45,47,,45,47,0,3,3,0,0,1.0,0,0,0,0,0
2024,13,DAL,REG,NYG,21,36,195,1,0,0,0,0,0,272,119,10,-2.7194030130658806,-10.956784254974785,0,32,122,1,1,0,9,-6.616362069442403,0,21,36,195,1,0,0,272,119,10,-2.7194030130658806,0,0,33,0,30,5,42,2,6.0,47.0,14,1,23,5,1,1,0,0,2,2,1,1,0,6,48,2,2,-3,0,0,2,2,0,0,33.0,1.0,0,1,1,0,0,0,0,0,0,0,0,0,23;33,,,56,0,0,3,3,0,0,1.0,0,0,0,0,0
2024,13,DEN,REG,CLE,18,35,294,1,2,0,0,0,0,402,153,11,3.2978693580282132,-4.456171008848377,0,26,106,2,0,0,5,-1.033825122314738,0,18,31,294,1,0,0,402,153,11,5.572450466968979,0,0,44,2,28,2,22,0,3.0,22.0,10,3,171,12,2,0,0,0,0,0,0,0,0,4,57,4,1,10,0,0,2,2,0,0,36.0,1.0,0,1,1,0,0,0,0,0,0,0,0,0,36;27,,,63,0,0,5,5,0,0,1.0,0,0,0,0,0
2024,13,DET,REG,CHI,21,34,221,2,0,2,-10,0,0,224,139,12,6.152316801833788,-2.6257007352767436,0,33,194,0,0,0,11,4.098767024755944,0,21,31,221,2,1,1,224,139,12,5.060444112698384,0,0,27,4,16,7,30,0,5.0,33.0,10,0,0,5,0,2,0,0,0,0,0,0,0,6,79,3,4,42,1,23,3,4,1,0,48.0,0.75,0,0,2,1,0,0,0,0,0,1,0,0,30;36;48,45,,114,45,0,2,2,0,0,1.0,0,0,0,0,0
2024,13,GB,REG,MIA,21,28,274,2,0,0,0,0,0,201,174,11,12.667359238268414,7.048316512789047,0,25,114,1,0,0,7,-1.4841413116831275,0,21,28,274,2,0,0,201,174,11,12.667359238268414,0,0,47,4,20,9,55,1,5.0,29.0,6,0,0,3,0,0,0,0,0,0,1,1,0,7,44,4,0,0,2,73,3,3,0,0,46.0,1.0,0,1,1,1,0,0,0,0,0,0,0,0,46;24;33,,,103,0,0,3,3,0,0,1.0,0,0,0,0,0
2024,13,HOU,REG,JAX,22,34,242,1,0,2,-24,0,0,293,111,10,2.8301942070348893,-0.9996484174872892,0,25,108,1,0,0,9,0.013045521742221844,0,22,33,242,1,0,0,293,111,10,6.965841137581389,0,0,34,1,31,3,11,0,0.0,0.0,3,1,31,5,0,0,0,0,0,0,0,0,0,3,15,4,3,27,0,0,3,3,0,0,53.0,1.0,0,1,1,0,1,0,0,0,0,0,0,0,53;30;28,,,111,0,0,2,2,0,0,1.0,0,0,0,0,0
2024,13,IND,REG,NE,12,24,109,2,2,0,0,0,0,394,47,5,-1.4226152612539718,-2.8272340074181557,0,34,144,1,1,0,13,6.667667358924635,1,12,24,109,2,0,0,394,47,5,-1.4226152612539718,0,0,53,2,20,5,22,2,4.0,16.0,3,1,17,3,0,0,0,0,1,1,0,0,0,2,15,4,1,3,3,72,1,1,0,0,25.0,1.0,0,1,0,0,0,0,0,0,0,0,0,0,25,,,25,0,0,2,2,0,0,1.0,0,0,0,0,0
2024,13,JAX,REG,HOU,24,42,276,2,1,0,0,0,0,473,171,13,9.22290497682378,-5.4577904797735695,1,25,97,0,0,0,6,-3.4255312817986123,0,24,42,276,2,0,0,473,171,13,9.22290497682378,1,0,38,1,17,5,31,0,2.0,24.0,3,0,0,6,0,0,0,0,1,2,0,0,0,4,30,6,1,5,4,88,2,3,1,0,33.0,0.6666666666666666,0,0,2,0,0,0,0,0,0,0,1,0,33;30,55,,63,55,0,0,0,0,0,,0,0,0,0,0
2024,13,KC,REG,LV,26,46,306,1,0,5,-40,1,0,385,145,14,1.5744423760762745,-7.405790223015678,0,16,63,0,0,0,2,-4.008280848065624,0,26,45,306,1,0,0,385,145,14,7.921862598599887,0,0,42,5,23,6,26,1,3.0,22.0,4,0,0,6,0,0,0,0,1,1,1,1,0,7,40,4,1,8,2,50,4,5,1,0,42.0,0.8,0,1,2,1,0,0,0,0,0,0,1,0,25;42;35;32,59,,134,59,0,1,1,0,0,1.0,0,0,0,0,0
2024,13,LA,REG,NO,14,24,183,2,0,2,-17,0,0,199,78,9,0.2989891153993085,-3.9009533498598183,0,29,156,1,0,0,12,6.420494308171328,0,14,23,183,2,0,0,199,78,9,5.032089951855596,0,0,39,1,29,3,11,0,0.0,0.0,3,0,0,6,0,0,0,0,0,0,0,0,0,3,30,3,1,0,3,100,0,0,0,0,,,0,0,0,0,0,0,0,0,0,0,0,0,,,,0,0,0,3,3,0,0,1.0,0,0,0,0,0
2024,13,LAC,REG,ATL,17,24,150,0,0,5,-19,0,0,166,70,5,-7.904831045892079,1.7222641656796158,1,17,56,0,1,1,5,-4.689991672872566,0,17,24,150,0,1,0,166,70,5,-2.179102698513609,1,0,41,1,45,5,21,1,1.0,11.0,4,4,68,9,1,0,0,0,1,1,0,0,0,7,33,1,0,0,0,0,3,3,0,0,51.0,1.0,0,0,1,1,1,0,0,0,0,0,0,0,45;51;34,,,130,0,0,0,0,0,0,,0,0,0,0,0
2024,13,LV,REG,KC,23,35,340,2,0,3,-22,0,0,265,154,13,9.183151338189557,-1.6114120974260218,0,25,116,0,1,1,8,-4.403977633744944,0,23,34,340,2,0,0,265,154,13,14.74454625118565,0,0,37,1,17,5,26,0,4.0,20.0,12,0,0,3,0,0,0,27,0,1,0,0,0,9,101,4,3,39,5,153,1,4,3,0,27.0,0.25,0,1,0,0,0,0,0,0,0,0,3,0,27,56;55;58,,27,169,0,2,2,0,0,1.0,0,0,0,0,0
2024,13,MIA,REG,GB,37,46,365,2,0,5,-29,0,0,312,146,20,11.943116470511924,8.36298893327298,1,14,39,0,0,0,3,-6.249450072587933,0,37,46,365,2,1,0,312,146,20,20.33689090141972,1,0,29,2,30,3,9,0,0.0,0.0,3,0,0,4,0,1,0,0,0,0,0,0,0,10,75,6,2,5,4,108,1,1,0,0,33.0,1.0,0,0,1,0,0,0,0,0,0,0,0,0,33,,,33,0,0,0,0,0,0,,0,0,0,0,0
2024,13,MIN,REG,ARI,21,31,235,2,0,5,-30,0,0,213,116,13,1.0837076229306968,1.8609395623207092,0,15,68,0,1,0,4,1.1672869032481685,0,21,30,235,2,1,1,213,116,13,4.894708194721287,0,0,44,5,33,5,17,1,1.0,8.0,3,2,0,7,0,0,0,0,1,1,0,0,0,3,56,4,0,0,0,0,3,4,1,0,55.0,0.75,0,0,1,1,1,0,0,0,0,1,0,0,44;55;31,43,,130,43,0,2,2,0,0,1.0,0,0,0,0,0
2024,13,NE,REG,IND,24,30,238,1,1,4,-16,0,0,198,103,14,7.793953025479342,10.442079404989878,1,31,200,1,1,0,9,4.406033657623229,0,24,30,238,1,1,0,198,103,14,12.807970430197425,1,0,29,8,28,4,6,1,0.0,0.0,2,2,6,8,0,0,0,0,2,2,0,0,0,7,88,6,2,31,3,80,3,5,2,0,54.0,0.6,0,0,2,0,1,0,0,1,0,0,0,1,35;31;54,25;68,,120,93,0,1,1,0,0,1.0,0,1,1,0,68
2024,13,NO,REG,LA,24,37,184,1,0,0,0,0,0,255,64,11,-1.6041287415243692,-2.425239366643571,1,31,143,0,0,0,7,-2.310706768278426,0,24,34,184,1,0,0,255,64,11,0.13678293231476424,1,0,37,1,11,2,17,0,2.0,17.0,6,0,0,1,0,0,0,0,0,0,0,0,0,4,38,5,0,0,0,0,2,3,1,0,54.0,0.6666666666666666,0,0,0,0,2,0,0,0,1,0,0,0,54;54,36,,108,36,0,0,0,0,0,,0,0,0,0,0
2024,13,NYG,REG,DAL,21,32,178,0,1,6,-47,1,1,180,94,8,-20.77091952393162,-1.0404309918803545,0,21,116,2,0,0,8,7.291489308088785,0,21,32,178,0,0,0,180,94,8,-6.639089480190119,0,0,34,2,30,3,7,1,0.0,0.0,3,0,0,9,0,0,0,0,1,1,0,0,0,13,98,4,2,29,1,36,2,2,0,0,47.0,1.0,0,0,0,2,0,0,0,0,0,0,0,0,46;47,,,93,0,0,2,2,0,0,1.0,0,0,0,0,0
2024,13,NYJ,REG,SEA,21,39,185,2,1,2,-16,0,0,305,122,12,-14.039030682528391,-10.200396964424536,0,21,89,0,2,1,3,-2.7109086332637817,1,21,38,185,2,0,0,305,122,12,-10.831255608121864,0,1,39,0,14,7,45,2,3.0,31.0,6,0,0,3,0,0,0,0,1,1,2,2,0,12,83,1,1,0,5,238,0,0,0,0,,,0,0,0,0,0,0,0,0,0,0,0,0,,,,0,0,0,1,2,0,1,0.5,0,0,0,0,0
2024,13,PHI,REG,BAL,11,19,118,1,0,2,-6,0,0,156,52,7,-1.5673560519353487,-2.1838782464756656,0,33,140,2,2,0,9,3.390206247684546,0,11,17,118,1,0,0,156,52,7,2.4796172743081115,0,0,45,1,25,5,25,2,3.0,31.0,6,0,0,4,0,0,0,0,2,2,0,0,0,8,55,2,4,29,1,23,1,1,0,0,35.0,1.0,0,0,1,0,0,0,0,0,0,0,0,0,35,,,35,0,0,3,3,0,0,1.0,0,0,0,0,0
2024,13,PIT,REG,CIN,29,38,414,3,1,2,-4,0,0,192,264,18,15.515664771345559,12.303564035230213,0,26,110,1,0,0,5,0.2413106880558189,0,29,36,414,3,0,0,192,264,18,18.686628635071333,0,0,33,4,24,6,31,2,4.0,27.0,11,1,11,4,0,1,0,0,1,1,2,2,1,9,103,5,0,0,2,36,3,4,0,1,50.0,0.75,0,0,2,0,1,0,0,0,0,0,0,0,50;34;30,,42,114,0,42,5,5,0,0,1.0,0,0,0,0,0
2024,13,SEA,REG,NYJ,20,31,206,1,0,3,-31,0,0,186,75,7,-1.5587153364787714,3.143953763205426,0,23,84,1,1,0,5,0.6647094910771285,0,20,29,206,1,0,0,186,75,7,10.031861940107774,0,0,34,5,19,4,19,2,2.0,16.0,6,1,92,3,1,0,0,0,1,1,1,1,0,5,50,2,1,6,3,36,2,2,0,0,54.0,1.0,0,0,0,1,1,0,0,0,0,0,0,0,54;43,,,97,0,0,2,3,0,1,0.6666666666666666,0,0,0,0,0
2024,13,SF,REG,BUF,11,18,94,0,0,2,-8,1,1,91,63,4,-6.68632350639641,-8.119931641746966,0,27,153,1,1,1,10,-4.888796767587947,0,11,17,94,0,0,0,91,63,4,0.1261023634116567,0,0,30,7,29,3,6,0,0.0,0.0,1,0,0,2,0,0,0,0,0,0,0,0,0,2,10,2,2,25,6,208,1,3,2,0,33.0,0.3333333333333333,0,0,1,0,0,0,0,0,0,1,1,0,33,45;55,,33,100,0,1,1,0,0,1.0,0,0,0,0,0
2024,13,TB,REG,CAR,22,34,240,1,2,4,-31,0,0,230,138,14,-8.121108584069066,-1.8410877269857089,0,39,236,1,1,0,13,3.9109478195101905,0,22,34,240,1,0,0,230,138,14,-1.6991790305686898,0,0,40,3,13,2,10,1,1.0,9.0,11,0,0,1,0,0,0,0,2,3,1,1,0,7,54,7,0,0,5,98,4,5,1,0,51.0,0.8,0,2,1,0,1,0,0,0,0,0,1,0,27;26;51;30,55,,134,55,0,2,2,0,0,1.0,1,1,0,0,30
2024,13,TEN,REG,WAS,18,37,212,2,0,2,-2,0,0,386,60,9,1.9232170710712486,-10.168080031871796,0,11,35,0,2,1,2,-7.1022625148783085,0,18,36,212,2,0,0,386,60,9,4.131661151270364,0,0,42,7,51,3,10,1,2.0,10.0,2,1,0,2,0,0,0,0,1,2,0,0,0,12,93,6,1,8,6,138,2,2,0,0,44.0,1.0,0,0,0,2,0,0,0,0,0,0,0,0,41;44,,,85,0,0,1,1,0,0,1.0,0,0,0,0,0
2024,13,WAS,REG,TEN,25,30,206,3,1,2,-10,1,0,166,121,12,10.12790515654569,10.918841858704885,0,45,267,3,0,0,13,9.34332411824387,0,25,30,206,3,0,0,166,121,12,13.457530774001498,0,0,28,1,15,3,7,2,2.0,2.0,9,0,0,1,0,0,0,0,1,1,2,2,0,7,65,1,3,18,4,90,0,2,2,0,,0.0,0,0,0,0,0,0,0,0,0,1,1,0,,46;52,,0,98,0,6,6,0,0,1.0,0,0,0,0,0
2024,14,ARI,REG,SEA,25,38,259,2,2,2,-24,0,0,157,173,14,-4.4311847064748395,-7.1756820145406195,0,23,121,0,1,0,7,0.19404976272210472,1,25,38,259,2,0,0,157,173,14,0.4466974914900965,0,0,31,2,46,4,7,0,0.0,0.0,2,0,0,2,0,0,0,0,1,1,0,0,0,6,49,3,2,21,0,0,1,2,1,0,28.0,0.5,0,1,0,0,0,0,0,0,0,1,0,0,28,40,,28,40,0,1,1,0,0,1.0,0,0,0,0,0
2024,14,ATL,REG,MIN,23,37,344,0,2,1,-6,0,0,291,149,15,0.7157764172624468,-7.056578913250485,0,32,158,2,0,0,11,6.377257756944201,1,23,37,344,0,0,0,291,149,15,3.533803760863435,0,0,32,2,22,8,38,0,4.0,29.0,7,0,0,2,0,0,0,0,0,0,0,0,0,12,127,4,1,11,1,31,2,2,0,0,29.0,1.0,0,2,0,0,0,0,0,0,0,0,0,0,20;29,,,49,0,0,1,1,0,0,1.0,0,0,0,0,0
2024,14,BUF,REG,LA,22,37,342,3,0,0,0,0,0,470,184,14,16.823644940159284,-5.569160870603615,0,17,103,3,0,0,6,7.343696205323795,0,22,37,342,3,0,0,470,184,14,16.823644940159284,0,0,42,6,38,4,8,0,0.0,0.0,3,0,0,2,0,0,0,0,0,0,0,0,0,7,59,3,0,0,2,34,0,0,0,0,,,0,0,0,0,0,0,0,0,0,0,0,0,,,,0,0,0,6,6,0,0,1.0,0,0,0,0,0
2024,14,CAR,REG,PHI,19,34,191,1,1,1,-7,0,0,372,52,11,2.7833363889949396,-2.415657178922135,0,34,118,1,0,0,8,-1.4884159997290545,0,19,33,191,1,0,0,372,52,11,5.926785951480269,0,0,34,2,26,3,19,1,4.0,25.0,5,0,0,3,0,0,0,0,0,0,0,0,0,7,43,4,2,16,3,72,1,1,0,0,38.0,1.0,0,0,1,0,0,0,0,0,0,0,0,0,38,,,38,0,0,1,2,1,0,0.5,0,0,0,0,0
2024,14,CHI,REG,SF,18,24,140,2,0,7,-46,1,1,140,72,10,-7.131351554198655,4.425336793065071,0,21,68,0,0,0,4,-1.0683008165215142,0,18,24,140,2,0,0,140,72,10,7.449401673380751,0,0,39,3,23,4,10,0,1.0,4.0,3,1,0,4,0,0,0,0,0,0,0,0,0,2,30,3,1,14,1,25,0,0,0,0,,,0,0,0,0,0,0,0,0,0,0,0,0,,,,0,0,0,1,1,0,0,1.0,0,0,0,0,0
2024,14,CIN,REG,DAL,33,44,369,3,1,2,-10,1,0,280,207,18,10.575287454100463,8.007676795471546,0,19,74,0,0,0,4,-1.7425251886015758,0,33,43,369,3,0,0,280,207,18,14.247500071339447,0,0,32,1,21,4,33,0,3.0,17.0,7,1,0,6,0,0,0,0,1,1,1,1,0,10,77,2,4,25,2,67,2,2,0,0,37.0,1.0,0,1,1,0,0,0,0,0,0,0,0,0,37;29,,,66,0,0,3,3,0,0,1.0,0,0,0,0,0
2024,14,CLE,REG,PIT,24,41,212,2,2,3,-16,0,0,342,63,11,-10.037393141880234,0.4121188376400906,0,25,104,0,0,0,7,-1.155000979139004,0,24,37,212,2,0,0,342,63,11,-0.9616140969377698,0,0,26,3,43,6,24,1,1.0,11.0,7,0,0,1,0,1,0,0,1,1,1,1,0,9,81,4,4,44,1,56,0,2,2,0,,0.0,0,0,0,0,0,0,0,0,1,1,0,0,,38;43,,0,81,0,2,2,0,0,1.0,0,0,0,0,0
2024,14,DAL,REG,CIN,16,31,183,2,1,3,-17,0,0,233,86,9,-5.963565976259552,-15.949321081561424,0,25,156,0,0,0,7,4.99104155409861,0,16,31,183,2,0,0,233,86,9,-1.6273644648778927,0,0,36,6,28,2,11,1,2.0,10.0,8,1,-1,6,0,1,0,0,0,0,0,0,0,4,36,3,2,20,0,0,2,2,0,0,47.0,1.0,0,0,1,1,0,0,0,0,0,0,0,0,35;47,,,82,0,0,2,2,0,0,1.0,0,0,0,0,0
2024,14,DET,REG,GB,32,41,283,3,1,1,-3,0,0,225,149,18,11.84859770108892,5.4888784140348434,0,34,111,1,0,0,7,-7.190240962192262,0,32,40,283,3,0,0,225,149,18,14.077537941894889,0,0,23,3,17,2,8,1,1.0,7.0,7,0,0,1,0,0,0,0,0,0,1,1,0,7,56,3,0,0,0,0,2,2,0,0,43.0,1.0,0,0,1,1,0,0,0,0,0,0,0,0,43;35,,,78,0,0,4,4,0,0,1.0,1,1,0,0,35
2024,14,GB,REG,DET,12,20,206,1,0,1,-7,0,0,197,86,7,6.701136507617775,2.4581989175394914,0,24,99,3,0,0,7,4.070398201500449,0,12,19,206,1,1,1,197,86,7,4.04462157539092,0,0,34,4,50,4,8,0,1.0,3.0,3,1,16,3,0,0,0,0,0,0,0,0,0,7,59,7,0,0,0,0,1,1,0,0,32.0,1.0,0,0,1,0,0,0,0,0,0,0,0,0,32,,,32,0,0,4,4,0,0,1.0,0,0,0,0,0
2024,14,JAX,REG,TEN,23,31,220,0,2,1,0,0,0,164,114,11,5.344276756625681,7.800992528597514,0,26,71,1,0,0,5,-5.812108801153954,0,23,30,220,0,0,0,164,114,11,6.401105264779239,0,0,35,3,33,4,30,1,2.0,22.0,3,0,0,7,0,0,0,0,0,0,0,0,0,5,39,3,2,8,2,34,1,1,0,0,23.0,1.0,0,1,0,0,0,0,0,0,0,0,0,0,23,,,23,0,0,1,1,0,0,1.0,0,0,0,0,0
2024,14,KC,REG,LAC,24,37,210,1,0,3,-8,0,0,255,124,11,0.6303111378696098,0.12174327340391027,0,25,96,0,0,0,8,-0.47837993704054016,0,24,36,210,1,0,0,255,124,11,5.915431204590041,0,0,39,0,22,6,30,0,3.0,19.0,7,0,0,2,0,0,0,0,0,0,0,0,0,8,98,4,3,34,3,85,4,4,0,0,50.0,1.0,0,0,2,1,1,0,0,0,0,0,0,0,47;33;50;31,,,161,0,0,1,1,0,0,1.0,1,1,0,0,31
2024,14,LA,REG,BUF,23,30,320,2,0,0,0,0,0,278,127,15,24.564090923832897,7.788136104742685,0,42,137,3,0,0,11,-3.9983774078427814,0,23,30,320,2,0,0,278,127,15,24.564090923832897,0,1,25,2,18,0,0,0,0.0,0.0,1,0,0,3,0,0,0,22,0,0,0,0,0,9,99,4,1,8,3,82,1,1,0,0,22.0,1.0,0,1,0,0,0,0,0,0,0,0,0,0,22,,,22,0,0,5,6,1,0,0.8333333333333334,0,0,0,0,0
2024,14,LAC,REG,KC,21,30,213,1,0,3,-19,0,0,304,74,11,8.155707047029864,8.471399083219728,0,24,94,1,0,0,6,-3.2096213705503014,0,21,29,213,1,0,0,304,74,11,12.577342273492832,0,0,46,0,16,1,6,0,3.0,8.0,13,0,0,5,0,1,0,0,1,1,0,0,0,7,50,6,1,0,4,106,1,1,0,0,37.0,1.0,0,0,1,0,0,0,0,0,0,0,0,0,37,,,37,0,0,2,2,0,0,1.0,0,0,0,0,0
2024,14,LV,REG,TB,23,37,205,0,1,2,-10,0,0,291,97,8,-6.5895713746367655,-3.3002787828445435,0,25,91,1,2,1,9,-2.7495113146142103,0,23,35,205,0,0,0,291,97,8,-1.2764234535114851,0,0,36,4,20,5,31,1,4.0,27.0,8,2,24,7,0,0,0,0,1,2,1,1,0,3,31,5,2,30,2,59,2,2,0,0,27.0,1.0,0,2,0,0,0,0,0,0,0,0,0,0,25;27,,,52,0,0,1,1,0,0,1.0,0,0,0,0,0
2024,14,MIA,REG,NYJ,33,47,331,2,0,0,0,0,0,282,199,21,21.087730210394252,3.317307233810425,1,19,44,1,0,0,3,-5.560575530282222,0,33,45,331,2,0,0,282,199,21,21.356342942712725,1,0,36,0,28,5,26,0,3.0,20.0,6,0,0,4,0,0,0,0,0,0,0,0,0,8,49,6,1,10,4,123,4,4,0,0,57.0,1.0,0,1,1,0,2,0,0,0,0,0,0,0,39;24;57;52,,,172,0,0,0,1,1,0,0.0,0,0,0,0,0
2024,14,MIN,REG,ATL,22,28,347,5,0,4,-29,0,0,291,110,15,23.604845772602964,13.238312623330522,0,24,115,1,0,0,5,0.6494290170958266,0,22,28,347,5,0,0,291,110,15,30.232328804548267,0,0,44,3,21,4,16,1,1.0,6.0,4,2,4,9,0,0,0,0,0,0,1,1,0,6,35,4,0,0,2,46,0,1,1,0,,0.0,0,0,0,0,0,0,0,0,0,1,0,0,,47,,0,47,0,6,6,0,0,1.0,0,0,0,0,0
2024,14,NO,REG,NYG,20,31,219,1,1,2,-19,1,0,326,95,10,2.9248810815560873,-0.49145625483605127,0,33,92,1,0,0,7,-8.253094773623161,0,20,31,219,1,1,0,326,95,10,5.637947519361624,0,0,42,2,18,2,14,0,2.0,14.0,13,1,0,14,0,0,0,0,2,2,0,0,0,6,40,3,0,0,2,47,0,2,1,1,,0.0,0,0,0,0,0,0,0,0,0,0,1,0,,53,60,0,53,60,2,2,0,0,1.0,0,0,0,0,0
2024,14,NYG,REG,NO,21,49,227,0,1,2,-14,0,0,359,80,12,-11.091491396981027,-18.134550750255585,1,23,112,1,0,0,4,1.0188495003676508,0,21,46,227,0,0,0,359,80,12,-3.5787560341096247,1,0,36,7,29,13,44,2,2.0,19.0,4,1,0,3,0,0,0,0,0,0,0,0,0,12,112,5,5,46,2,49,1,2,0,1,43.0,0.5,0,0,0,1,0,0,0,0,0,0,0,0,43,,35,43,0,35,0,0,0,0,,0,0,0,0,0
2024,14,NYJ,REG,MIA,27,39,339,1,0,3,-20,0,0,263,179,18,14.799697282132872,2.2293065602962785,0,21,83,1,0,0,3,-0.15505235781893134,0,27,39,339,1,0,0,263,179,18,20.124641951917415,0,0,38,4,28,4,8,0,0.0,0.0,0,0,0,4,0,0,0,0,0,0,0,0,0,10,83,5,2,0,1,29,4,4,0,0,42.0,1.0,0,1,1,2,0,0,0,0,0,0,0,0,28;30;40;42,,,140,0,0,2,2,0,0,1.0,0,0,0,0,0
2024,14,PHI,REG,CAR,14,21,108,2,0,4,-25,1,0,130,43,7,-1.7947641140599684,4.765796661376953,0,31,209,1,0,0,12,8.769997061972507,1,14,19,108,2,0,0,130,43,7,6.060395109059755,0,0,42,2,24,6,21,0,1.0,7.0,8,1,15,5,0,0,0,0,1,1,0,0,0,7,40,3,1,2,1,27,0,1,1,0,,0.0,0,0,0,0,0,0,0,0,0,0,1,0,,52,,0,52,0,2,2,0,0,1.0,0,0,0,0,0
2024,14,PIT,REG,CLE,15,26,158,2,0,1,-11,0,0,206,74,6,-0.5608109787841684,-1.6888598601023381,0,35,120,1,1,1,8,-10.331592843984254,0,15,24,158,2,0,0,206,74,6,3.912515522186702,0,0,34,6,32,7,46,0,3.0,16.0,6,2,29,5,0,0,0,0,0,0,1,1,0,6,61,3,2,20,0,0,2,2,0,0,54.0,1.0,0,0,1,0,1,0,0,0,0,0,0,0,30;54,,,84,0,0,3,3,0,0,1.0,0,0,0,0,0
2024,14,SEA,REG,ARI,24,30,233,1,0,0,0,0,0,157,160,10,7.161092563460492,10.457863581591639,0,31,176,2,1,0,9,2.309731202472045,0,24,29,233,1,0,0,157,160,10,8.897187656651163,0,0,27,4,40,5,27,1,2.0,24.0,5,2,21,9,0,0,0,0,1,2,0,0,0,9,62,2,1,14,1,27,3,3,0,0,36.0,1.0,0,1,2,0,0,0,0,0,0,0,0,0,20;36;35,,,91,0,0,3,3,0,0,1.0,0,0,0,0,0
2024,14,SF,REG,CHI,20,26,325,2,1,1,-4,0,0,264,158,13,21.094194134668214,14.97468432554832,0,34,131,3,0,0,9,3.326248103441276,0,20,26,325,2,0,0,264,158,13,22.319917993823765,0,0,37,2,16,7,41,0,6.0,38.0,7,0,0,3,0,0,0,0,0,0,1,1,0,7,31,3,4,22,0,0,1,1,0,0,23.0,1.0,0,1,0,0,0,0,0,0,0,0,0,0,23,,,23,0,0,5,5,0,0,1.0,0,0,0,0,0
2024,14,TB,REG,LV,18,29,295,3,2,4,-27,1,1,237,151,13,4.732747731613927,-2.295255448137007,0,26,152,1,0,0,7,2.5879565333016217,0,18,28,295,3,0,0,237,151,13,13.942814249079674,0,0,40,2,22,2,13,0,2.0,10.0,6,1,0,3,0,1,0,0,1,1,1,1,0,5,31,1,1,3,2,48,0,0,0,0,,,0,0,0,0,0,0,0,0,0,0,0,0,,,,0,0,0,4,4,0,0,1.0,0,0,0,0,0
2024,14,TEN,REG,JAX,19,32,168,0,0,2,-22,1,0,171,104,8,-10.757726167576154,-9.17725139297545,0,28,126,0,0,0,8,0.9230261621451867,0,19,32,168,0,0,0,171,104,8,-8.154666908158221,0,0,38,5,21,5,11,0,1.0,0.0,6,2,10,4,0,0,0,0,1,1,0,0,0,4,25,3,1,6,2,58,2,2,0,0,46.0,1.0,0,0,1,1,0,0,0,0,0,0,0,0,46;39,,,85,0,0,0,0,0,0,,0,0,0,0,0
2024,15,ARI,REG,NE,25,32,232,0,0,0,0,0,0,174,158,9,10.402667864157337,6.6948461917138875,0,32,163,2,1,0,10,-0.7275193768988011,0,25,31,232,0,0,0,174,158,9,10.938458005596402,0,0,29,6,30,6,17,1,2.0,7.0,2,1,2,1,0,0,0,0,2,3,0,0,1,4,35,1,2,13,0,0,3,3,0,0,49.0,1.0,0,0,1,2,0,0,0,0,0,0,0,0,49;35;40,,,124,0,0,3,3,0,0,1.0,0,0,0,0,0
2024,15,ATL,REG,LV,11,17,112,1,1,3,-19,0,0,99,38,6,-7.511997886550209,-2.542591094970703,0,37,168,0,1,0,8,-4.448925815176922,0,11,16,112,1,0,0,99,38,6,-0.02264722479839487,0,0,41,1,19,10,34,1,4.0,24.0,6,2,0,8,0,0,1,0,1,2,1,1,0,6,30,3,1,12,2,66,2,3,1,0,48.0,0.6666666666666666,0,0,0,2,0,0,0,0,0,1,0,0,40;48,42,,88,42,0,1,1,0,0,1.0,0,0,0,0,0
2024,15,BAL,REG,NYG,21,25,290,5,0,3,-15,0,0,258,115,13,23.44671384600224,24.185896664857864,0,31,170,0,1,1,12,-1.4589612864074297,0,21,24,290,5,0,0,258,115,13,27.967462930944748,0,0,26,1,37,4,11,0,3.0,10.0,7,1,32,5,0,0,0,0,0,0,0,0,0,12,112,3,1,22,2,81,0,0,0,0,,,0,0,0,0,0,0,0,0,0,0,0,0,,,,0,0,0,5,5,0,0,1.0,0,0,0,0,0
2024,15,BUF,REG,DET,23,34,362,2,0,0,0,0,0,331,143,15,19.885844467490543,5.222825892269611,0,34,197,4,0,0,11,10.826587949968548,0,23,32,362,2,0,0,331,143,15,21.505420127642438,0,0,37,3,25,4,23,2,3.0,21.0,10,0,0,4,0,0,0,0,0,0,1,1,0,6,49,5,3,20,1,38,2,3,1,0,50.0,0.6666666666666666,0,0,0,1,1,0,0,1,0,0,0,0,50;41,24,,91,24,0,6,6,0,0,1.0,0,0,0,0,0
2024,15,CAR,REG,DAL,19,28,219,1,2,6,-44,1,1,225,123,7,-10.285111122066155,0.7122441574379214,0,16,60,1,1,1,4,-6.1600130120059475,0,19,27,219,1,0,0,225,123,7,5.334161833743565,0,0,42,1,35,1,15,0,1.0,15.0,3,0,0,5,0,0,0,37,0,0,1,1,0,8,65,5,2,0,3,88,0,0,0,0,,,0,0,0,0,0,0,0,0,0,0,0,0,,,,0,0,0,2,2,0,0,1.0,0,0,0,0,0
2024,15,CHI,REG,MIN,19,32,196,1,0,2,-25,1,1,233,123,8,-4.420354905005698,-5.187511732501364,0,29,113,0,0,0,7,-8.821018058923073,0,19,31,196,1,0,0,233,123,8,5.209955278501693,0,0,40,10,18,8,24,0,2.0,16.0,8,1,0,4,0,0,0,0,0,0,0,0,0,9,93,4,2,8,1,29,2,2,0,0,39.0,1.0,0,1,1,0,0,0,0,0,0,0,0,0,29;39,,,68,0,0,0,0,0,0,,0,0,0,0,0
2024,15,CIN,REG,TEN,26,37,271,3,2,1,-2,1,1,246,114,12,7.05975479294267,8.357773167746405,0,26,101,1,0,0,9,4.434552866208833,0,26,35,271,3,0,0,246,114,12,15.295052112014503,0,0,40,4,28,7,28,2,1.0,7.0,5,4,79,7,1,2,0,0,0,0,2,2,0,14,113,5,1,15,1,32,1,1,0,0,21.0,1.0,0,1,0,0,0,0,0,0,0,0,0,0,21,,,21,0,0,4,5,1,0,0.8,0,0,0,0,0
2024,15,CLE,REG,KC,20,34,164,0,4,5,-37,1,0,263,115,9,-27.668672917352524,-4.921455774456263,0,21,139,1,1,1,5,-3.143410094198771,0,20,32,164,0,0,0,263,115,9,-16.169435450807214,0,0,37,7,29,5,6,0,0.0,0.0,12,0,0,4,0,1,0,0,1,1,0,0,0,6,45,6,3,14,4,117,0,0,0,0,,,0,0,0,0,0,0,0,0,0,0,0,0,,,,0,0,0,1,1,0,0,1.0,0,0,0,0,0
2024,15,DAL,REG,CAR,18,29,214,3,0,1,-15,0,0,168,100,11,11.534104936718766,-4.050084150263238,0,40,211,0,2,1,15,0.9526413682906423,0,18,28,214,3,0,0,168,100,11,14.082706017027002,0,0,35,1,13,7,47,2,6.0,44.0,10,2,22,4,0,0,0,0,1,2,2,2,0,14,99,4,2,5,3,64,3,4,1,0,52.0,0.75,0,0,0,2,1,0,0,0,0,0,0,1,52;45;41,70,,138,70,0,3,3,0,0,1.0,0,0,0,0,0
2024,15,DEN,REG,IND,20,33,130,3,3,1,-9,0,0,174,104,5,-14.825610202783174,-9.10781305283308,0,27,72,0,0,0,5,-3.4081339714466594,0,20,32,130,3,0,0,174,104,5,-12.32239982327392,0,0,37,2,30,5,23,2,2.0,11.0,10,2,4,7,0,0,0,0,0,0,2,2,1,6,58,2,3,97,0,0,1,1,0,0,44.0,1.0,0,0,0,1,0,0,0,0,0,0,0,0,44,,,44,0,0,4,4,0,0,1.0,0,0,0,0,0
2024,15,DET,REG,BUF,38,59,494,5,0,3,-21,1,0,398,254,27,27.99841333107237,-1.2860852811071593,0,15,48,1,0,0,3,-2.2736451289383695,0,38,54,494,5,1,1,398,254,27,28.883447493914574,0,0,36,3,33,3,4,0,0.0,0.0,3,0,0,5,0,0,0,0,1,1,0,0,0,5,41,3,0,0,0,0,0,1,1,0,,0.0,0,0,0,0,0,0,0,0,0,0,1,0,,52,,0,52,0,6,6,0,0,1.0,0,0,0,0,0
2024,15,GB,REG,SEA,20,27,229,2,0,0,0,0,0,167,144,10,10.782306672222292,13.332672703724638,0,34,140,1,1,1,8,-6.669016720319632,0,20,26,229,2,0,0,167,144,10,11.598472850778451,0,0,43,2,12,10,49,0,7.0,45.0,12,2,42,6,0,1,0,0,1,1,0,0,0,5,27,6,2,10,3,98,3,3,0,0,39.0,1.0,0,2,1,0,0,0,0,0,0,0,0,0,39;21;23,,,83,0,0,3,3,0,0,1.0,0,0,0,0,0
2024,15,HOU,REG,MIA,18,26,131,2,0,4,-27,0,0,194,46,8,-6.688229880207084,3.934816002845764,0,20,77,0,1,1,4,-2.505535240925383,0,18,25,131,2,1,0,194,46,8,1.4206803464634756,0,0,35,3,39,6,31,2,3.0,24.0,3,3,78,5,0,0,0,0,1,2,1,1,0,7,70,1,3,45,0,0,2,2,0,0,44.0,1.0,0,1,0,1,0,0,0,0,0,0,0,0,44;23,,,67,0,0,2,2,0,0,1.0,0,0,0,0,0
2024,15,IND,REG,DEN,17,38,172,0,2,2,-11,0,0,347,91,8,-15.755782451023027,-16.093034007483062,0,32,149,1,2,2,9,-11.796173153968994,0,17,36,172,0,1,1,347,91,8,-17.679587614148534,0,0,37,1,19,3,12,0,1.0,9.0,1,3,9,6,0,0,0,0,0,0,0,0,0,8,69,5,2,36,0,0,2,2,0,0,49.0,1.0,0,0,1,1,0,0,0,0,0,0,0,0,37;49,,,86,0,0,1,1,0,0,1.0,0,0,0,0,0
2024,15,JAX,REG,NYJ,31,46,294,2,2,2,-9,0,0,290,197,13,4.560388447221561,1.7678736254226326,0,29,136,0,1,0,10,4.762960604421096,0,31,43,294,2,0,0,290,197,13,9.59491351927813,0,0,29,0,14,3,20,0,1.0,14.0,3,0,0,7,0,0,0,0,1,1,0,0,0,8,106,4,2,12,2,63,4,4,0,0,43.0,1.0,0,2,0,2,0,0,0,0,0,0,0,0,28;23;43;43,,,137,0,0,1,1,0,0,1.0,0,0,0,0,0
2024,15,KC,REG,CLE,21,40,179,2,0,0,0,0,0,347,112,12,-2.462130869331304,-6.804695529373067,0,35,132,1,0,0,6,-6.4830206570124975,0,21,38,179,2,0,0,347,112,12,-0.32564666640246287,0,0,38,3,21,8,41,3,5.0,37.0,11,4,47,9,0,0,0,0,0,0,2,2,0,4,30,2,3,23,0,0,0,1,1,0,,0.0,0,0,0,0,0,0,0,1,0,0,0,0,,29,,0,29,0,3,3,0,0,1.0,0,0,0,0,0
2024,15,LA,REG,SF,16,27,160,0,0,0,0,0,0,182,85,6,-5.896531199318261,-4.344643537814795,0,38,142,0,0,0,10,-0.3167669328713596,0,16,26,160,0,0,0,182,85,6,-4.402364598800332,0,0,28,3,27,5,17,0,3.0,14.0,3,1,0,9,0,0,0,0,0,0,0,0,0,4,40,4,1,10,2,51,4,4,0,0,48.0,1.0,0,3,0,1,0,0,0,0,0,0,0,0,48;23;27;29,,,127,0,0,0,0,0,0,,0,0,0,0,0
2024,15,LAC,REG,TB,22,34,199,2,1,3,-25,0,0,273,61,10,-11.548565730859991,-0.31224582344293594,0,11,32,0,0,0,1,-2.7689621177935924,0,22,32,199,2,1,1,273,61,10,-8.998981002310757,0,0,46,1,31,4,10,1,1.0,5.0,2,1,18,3,0,0,0,0,1,1,1,1,0,7,60,5,0,0,7,182,1,1,0,0,41.0,1.0,0,0,0,1,0,0,0,0,0,0,0,0,41,,,41,0,0,2,2,0,0,1.0,0,0,0,0,0
2024,15,LV,REG,ATL,23,39,208,1,2,4,-24,0,0,402,89,11,-9.083606508943467,-2.841654682860655,0,22,65,0,1,1,5,-7.9345790325896814,0,23,34,208,1,0,0,402,89,11,-0.47734952645723716,0,0,34,2,36,7,30,0,3.0,19.0,3,1,0,4,0,0,0,26,0,0,0,0,0,7,55,5,0,0,1,24,1,1,0,0,52.0,1.0,0,0,0,0,1,0,0,0,0,0,0,0,52,,,52,0,0,0,1,0,1,0.0,0,0,0,0,0
2024,15,MIA,REG,HOU,29,40,196,1,3,3,-24,1,1,184,140,11,-8.854686274098757,-0.8495230705310166,0,19,52,0,0,0,4,-4.580308361793868,0,29,39,196,1,1,0,184,140,11,-0.27457057942968177,0,0,35,1,15,6,29,1,4.0,27.0,6,0,0,1,0,0,0,0,1,1,1,1,0,8,64,6,2,24,3,73,2,2,0,0,55.0,1.0,0,0,1,0,1,0,0,0,0,0,0,0,55;36,,,91,0,0,0,1,1,0,0.0,0,0,0,0,0
2024,15,MIN,REG,CHI,24,40,231,1,1,2,-16,0,0,336,100,14,2.886450013064236,-4.460069778803232,0,29,114,2,0,0,8,-0.6030259920434,0,24,37,231,1,0,0,336,100,14,9.163278247986455,0,0,40,3,19,2,25,1,2.0,25.0,3,0,0,4,0,0,0,0,0,0,1,1,0,10,56,4,1,11,1,30,3,3,0,0,52.0,1.0,0,0,1,1,1,0,0,0,0,0,0,0,52;31;46,,,129,0,0,3,3,0,0,1.0,0,0,0,0,0
2024,15,NE,REG,ARI,19,23,202,1,1,2,-7,0,0,173,134,10,3.4368945037442016,12.042970761008883,0,24,116,1,1,0,8,-1.250385386927519,0,19,23,202,1,1,0,173,134,10,6.609762078938888,0,0,37,4,34,2,2,1,0.0,0.0,0,0,0,3,0,0,0,0,3,4,0,0,0,4,45,3,1,6,2,52,1,2,1,0,50.0,0.5,0,0,0,0,1,0,0,0,0,0,1,0,50,53,,50,53,0,2,2,0,0,1.0,0,0,0,0,0
2024,15,NO,REG,WAS,15,32,205,2,1,3,-29,0,0,305,84,11,-1.1193953366174094,-15.906192208158561,0,16,69,0,0,0,3,-3.3558297988492996,0,15,29,205,2,0,0,305,84,11,5.455080717902937,0,0,52,1,41,11,48,1,8.0,37.0,6,0,0,2,0,0,0,0,0,0,0,0,0,4,36,5,3,6,5,140,2,2,0,0,51.0,1.0,0,0,0,1,1,0,0,0,0,0,0,0,41;51,,,92,0,0,1,1,0,0,1.0,0,0,0,0,0
2024,15,NYG,REG,BAL,22,37,191,1,1,3,-10,0,0,201,96,8,-9.11769359576283,-2.858868504271789,0,20,55,1,0,0,3,-4.345890609169146,0,22,34,191,1,0,0,201,96,8,-3.0401817630045116,0,0,35,1,33,3,16,1,3.0,15.0,4,0,0,1,0,0,0,0,0,0,1,1,0,6,44,4,0,0,3,77,0,0,0,0,,,0,0,0,0,0,0,0,0,0,0,0,0,,,,0,0,0,2,2,0,0,1.0,0,0,0,0,0
2024,15,NYJ,REG,JAX,16,30,289,3,0,1,-14,0,0,394,161,10,13.774321898020606,-3.1119707439626976,1,23,125,1,0,0,8,7.690590891463216,0,16,28,289,3,0,0,394,161,10,16.27000898736168,1,0,47,2,28,2,9,1,2.0,9.0,2,2,0,4,0,0,0,0,0,0,0,0,0,8,62,3,0,0,0,0,1,2,1,0,43.0,0.5,0,0,0,1,0,0,0,0,0,1,0,0,43,48,,43,48,0,3,3,0,0,1.0,0,0,0,0,0
2024,15,PHI,REG,PIT,25,32,290,2,0,3,-20,0,0,216,158,15,21.311538478605033,13.574643096616189,0,42,131,1,1,1,10,-10.917791981074812,0,25,31,290,2,0,0,216,158,15,23.818886192702738,0,0,27,2,10,4,23,1,2.0,21.0,4,0,0,3,0,1,0,0,0,0,1,1,0,7,54,3,3,29,2,63,2,2,0,0,41.0,1.0,0,0,1,1,0,0,0,0,0,0,0,0,34;41,,,75,0,0,3,3,0,0,1.0,0,0,0,0,0
2024,15,PIT,REG,PHI,14,22,128,1,0,2,-21,0,0,156,54,5,-5.863179268534249,-1.0984913224265649,0,17,56,0,1,1,6,-5.527320844645146,0,14,21,128,1,1,0,156,54,5,-1.5013814074196388,0,0,46,1,45,5,29,2,3.0,20.0,5,0,0,2,0,0,0,0,1,2,2,2,0,5,60,6,0,0,2,65,2,2,0,0,49.0,1.0,0,0,1,1,0,0,0,0,0,0,0,0,37;49,,,86,0,0,1,1,0,0,1.0,0,0,0,0,0
2024,15,SEA,REG,GB,20,33,173,0,2,7,-45,0,0,198,55,7,-20.778453855749667,-2.4669439561905353,0,16,80,1,0,0,5,1.77167361904867,0,20,31,173,0,0,0,198,55,7,-7.9263807371143145,0,0,38,3,33,2,6,1,0.0,0.0,6,0,0,1,0,0,0,0,0,0,1,1,0,5,108,4,2,12,6,172,2,2,0,0,48.0,1.0,0,0,0,2,0,0,0,0,0,0,0,0,48;45,,,93,0,0,1,1,0,0,1.0,0,0,0,0,0
2024,15,SF,REG,LA,14,31,142,0,1,3,-14,0,0,372,71,7,-10.566544854500965,-19.976582738661,0,19,63,0,0,0,4,-4.535260354091092,0,14,31,142,0,0,0,372,71,7,-7.250131610734091,0,0,36,2,40,1,2,0,0.0,0.0,5,0,0,5,0,0,0,0,0,0,0,0,0,4,25,3,5,51,2,72,2,2,0,0,53.0,1.0,0,0,0,1,1,0,0,0,0,0,0,0,53;47,,,100,0,0,0,0,0,0,,0,0,0,0,0
2024,15,TB,REG,LAC,22,27,288,4,1,1,-5,0,0,253,120,12,17.861936522152714,14.891045941756325,0,39,223,0,1,1,9,-2.826277971857097,0,22,26,288,4,0,0,253,120,12,19.893021669771738,0,0,34,1,13,2,16,2,3.0,25.0,10,1,0,2,0,0,0,0,0,0,1,1,0,8,83,1,1,10,1,37,4,4,0,0,43.0,1.0,0,1,1,2,0,0,0,0,0,0,0,0,22;37;42;43,,,144,0,0,4,4,0,0,1.0,0,0,0,0,0
2024,15,TEN,REG,CIN,29,38,298,2,4,1,-7,0,0,207,189,13,-2.7602335375268012,7.105986894787964,0,26,83,2,2,2,9,-4.7395130467484705,0,29,37,298,2,0,0,207,189,13,-1.1820281549007632,0,0,33,10,32,3,9,1,1.0,2.0,6,2,0,4,0,0,0,0,0,0,1,1,0,12,110,5,0,0,1,20,0,0,0,0,,,0,0,0,0,0,0,0,0,0,0,0,0,,,,0,0,0,3,3,0,0,1.0,0,0,0,0,0
2024,15,WAS,REG,NO,25,31,226,2,0,8,-37,0,0,264,106,11,1.1065485933335655,11.438227853467387,0,35,137,0,1,0,11,4.194264843847339,0,25,31,226,2,0,0,264,106,11,12.620276489580501,0,0,27,1,25,7,41,0,3.0,29.0,7,1,0,5,0,0,0,0,1,1,0,0,0,9,84,5,2,12,4,115,2,3,1,0,41.0,0.6666666666666666,0,1,0,1,0,0,0,0,0,0,1,0,23;41,54,,64,54,0,2,2,0,0,1.0,0,0,0,0,0
2024,16,ARI,REG,CAR,20,32,202,1,1,3,-26,0,0,214,140,11,1.339832786799806,-1.1386813788578456,0,29,206,2,1,1,10,9.11384066301767,0,20,29,202,1,0,0,214,140,11,7.219601153463291,0,0,36,2,36,3,10,0,3.0,9.0,3,0,0,3,0,0,0,0,0,1,0,0,0,11,82,7,1,13,1,26,3,3,0,0,58.0,1.0,0,0,1,1,1,0,0,0,0,0,0,0,48;30;58,,,136,0,0,3,3,0,0,1.0,0,0,0,0,0
2024,16,ATL,REG,NYG,18,27,202,0,1,0,0,0,0,158,104,10,6.547739793670732,-3.1219948942844686,0,38,127,2,0,0,11,-1.517000344407279,0,18,26,202,0,0,0,158,104,10,7.203640910106148,0,0,24,1,31,3,21,1,3.0,21.0,6,2,82,9,2,0,0,0,0,0,1,1,0,3,30,4,1,6,0,0,2,3,1,0,52.0,0.6666666666666666,0,0,1,0,1,0,0,0,0,1,0,0,52;37,43,,89,43,0,4,4,0,0,1.0,0,0,0,0,0
2024,16,BAL,REG,PIT,15,23,207,3,1,1,-9,1,0,224,70,12,7.082269471813374,0.8309733608494597,0,38,220,0,0,0,11,3.42573653038089,0,15,23,207,3,0,0,224,70,12,9.356066907732197,0,0,35,2,28,5,19,2,3.0,19.0,6,1,37,2,1,2,0,0,3,3,1,1,0,2,10,0,2,16,0,0,2,2,0,0,51.0,1.0,0,1,0,0,1,0,0,0,0,0,0,0,51;23,,,74,0,0,4,4,0,0,1.0,0,0,0,0,0
2024,16,BUF,REG,NE,16,29,154,1,1,1,-2,0,0,318,85,11,1.5287619842515854,-4.082306446852509,0,28,172,1,1,0,9,0.45431116048712283,0,16,27,154,1,1,0,318,85,11,4.4013062411686406,0,0,35,2,34,2,5,2,1.0,0.0,4,1,0,1,0,0,0,0,2,2,2,2,1,13,78,4,0,0,2,46,1,1,0,0,50.0,1.0,0,0,0,0,1,0,0,0,0,0,0,0,50,,,50,0,0,3,3,0,0,1.0,0,0,0,0,0
2024,16,CAR,REG,ARI,17,26,158,2,0,3,-9,0,0,170,66,9,1.0898572438312986,5.6464141855637235,0,36,243,3,0,0,11,14.68182086799061,0,17,24,158,2,0,0,170,66,9,7.656001636350993,0,0,31,1,37,4,27,0,3.0,26.0,3,1,3,5,0,0,0,0,0,0,1,1,0,9,64,2,2,4,3,86,1,1,0,0,29.0,1.0,0,1,0,0,0,0,0,0,0,0,0,0,29,,,29,0,0,3,4,1,0,0.75,0,0,0,0,0
2024,16,CHI,REG,DET,26,40,334,2,0,2,-11,0,0,365,167,15,16.46451891196193,5.802495656786743,0,17,59,0,2,1,5,-10.284625363941856,0,26,37,334,2,1,1,365,167,15,16.406014571490232,0,0,35,4,32,4,10,0,1.0,7.0,3,0,0,1,0,0,0,0,1,3,0,0,0,10,70,3,1,9,3,72,1,1,0,0,30.0,1.0,0,0,1,0,0,0,0,0,0,0,0,0,30,,,30,0,0,2,2,0,0,1.0,0,0,0,0,0
2024,16,CIN,REG,CLE,23,30,252,3,0,4,-42,1,1,245,85,14,3.053676655412602,18.074102167572295,0,22,116,0,0,0,6,1.5592812724062242,0,23,28,252,3,0,0,245,85,14,16.41066412902572,0,0,40,4,14,8,49,2,5.0,32.0,10,2,0,5,0,0,0,0,0,0,1,1,0,5,35,4,3,25,2,49,1,2,1,0,59.0,0.5,0,0,0,0,1,0,0,0,0,1,0,0,59,47,,59,47,0,3,3,0,0,1.0,0,0,0,0,0
2024,16,CLE,REG,CIN,20,34,157,0,2,5,-32,0,0,192,113,8,-17.84603051986778,-3.4613088254005695,0,24,148,1,2,1,8,0.1833535172045231,0,20,31,157,0,0,0,192,113,8,-8.547985802288167,0,0,40,4,18,6,45,1,4.0,42.0,8,0,0,2,0,0,0,0,1,1,1,1,0,5,41,2,2,30,3,62,0,0,0,0,,,0,0,0,0,0,0,0,0,0,0,0,0,,,,0,0,0,0,1,1,0,0.0,0,0,0,0,0
2024,16,DAL,REG,TB,26,35,292,1,0,1,-6,0,0,243,146,12,9.254545588605628,5.04955613251888,0,20,31,1,0,0,2,-10.81610521951227,0,26,33,292,1,0,0,243,146,12,12.615038057265828,0,0,40,1,33,4,36,3,4.0,27.0,4,1,0,6,0,0,0,0,0,0,1,1,0,5,30,4,2,20,0,0,4,4,0,0,58.0,1.0,0,0,0,1,3,0,0,0,0,0,0,0,58;49;58;53,,,218,0,0,2,2,0,0,1.0,0,0,0,0,0
2024,16,DEN,REG,LAC,29,40,263,2,0,2,-18,0,0,117,231,14,7.127936665068483,-1.6066383856993465,0,21,110,1,1,0,8,5.062294227245729,0,29,39,263,2,0,0,117,231,14,10.990680216794935,0,0,34,2,24,5,29,1,2.0,21.0,8,1,17,4,0,0,0,0,1,2,0,0,0,7,61,5,0,0,0,0,2,2,0,0,55.0,1.0,0,0,0,1,1,0,0,0,0,0,0,0,41;55,,,96,0,0,3,3,0,0,1.0,0,0,0,0,0
2024,16,DET,REG,CHI,23,32,336,3,0,1,-7,0,0,180,205,15,15.490683310386071,1.9420777447521687,0,32,146,1,0,0,10,5.198686943767825,0,23,32,336,3,0,0,180,205,15,17.2861687493979,0,0,35,5,17,6,20,1,2.0,11.0,5,0,0,6,0,0,0,0,0,0,2,2,0,7,55,3,1,9,3,83,2,3,1,0,34.0,0.6666666666666666,0,0,2,0,0,0,0,0,0,0,0,1,30;34,65,,64,65,0,4,4,0,0,1.0,0,0,0,0,0
2024,16,GB,REG,NO,17,30,216,1,0,0,0,0,0,231,122,10,6.091060287579108,-4.1464258123327165,0,39,188,3,0,0,14,9.541595355898608,0,17,27,216,1,0,0,231,122,10,8.008618179968703,0,0,34,0,20,5,29,2,3.0,24.0,6,1,18,4,0,0,0,0,0,0,1,1,0,6,60,4,0,0,1,38,2,2,0,0,55.0,1.0,0,0,0,1,1,0,0,0,0,0,0,0,55;46,,,101,0,0,4,4,0,0,1.0,0,0,0,0,0
2024,16,HOU,REG,KC,23,39,244,2,2,2,-17,0,0,411,99,14,6.035946416850767,0.8866064451836266,0,17,84,0,0,0,6,-0.6774340050760657,0,23,37,244,2,1,0,411,99,14,9.455543477561424,0,0,44,2,28,4,13,0,1.0,9.0,4,0,0,3,0,0,0,0,0,0,0,0,0,6,45,5,1,12,1,31,2,2,0,0,38.0,1.0,0,0,2,0,0,0,0,0,0,0,0,0,33;38,,,71,0,0,1,2,1,0,0.5,0,0,0,0,0
2024,16,IND,REG,TEN,7,11,131,1,1,1,-8,0,0,89,83,6,2.424384397279937,-6.4206849444996195,0,50,335,4,0,0,12,11.105199437939856,0,7,11,131,1,0,0,89,83,6,4.450888226565439,0,0,35,1,23,3,14,0,1.0,10.0,4,3,20,5,0,0,0,0,0,0,0,0,0,7,62,1,2,18,4,127,1,2,1,0,31.0,0.5,0,0,1,0,0,0,0,0,0,0,1,0,31,55,,31,55,0,5,5,0,0,1.0,0,0,0,0,0
2024,16,JAX,REG,LV,25,39,247,1,0,1,-11,0,0,221,104,9,-5.377738477138337,-3.557314361844736,0,21,72,1,1,1,5,-5.522756042133551,0,25,35,247,1,1,1,221,104,9,-1.266824875609018,0,0,40,2,18,7,28,0,2.0,12.0,5,0,0,5,0,1,0,0,1,1,0,0,0,8,60,6,4,37,0,0,0,0,0,0,,,0,0,0,0,0,0,0,0,0,0,0,0,,,,0,0,0,2,2,0,0,1.0,0,0,0,0,0
2024,16,KC,REG,HOU,28,41,260,1,0,1,-9,0,0,233,185,14,9.490251844529643,0.40951080438567306,0,28,124,2,0,0,8,-2.9709812072687782,0,28,41,260,1,0,0,233,185,14,11.456574908471316,0,0,33,1,15,9,30,1,2.0,17.0,11,2,3,7,0,0,0,0,0,0,0,0,0,2,20,3,1,9,5,129,2,2,0,0,44.0,1.0,0,1,0,1,0,0,0,0,0,0,0,0,44;27,,,71,0,0,3,3,0,0,1.0,0,0,0,0,0
2024,16,LA,REG,NYJ,14,19,110,1,1,0,0,0,0,69,84,7,3.1867796305471403,-1.7684685556512136,0,31,132,1,0,0,11,-1.95607205334818,0,14,19,110,1,0,0,69,84,7,3.1867796305471403,0,0,33,3,33,1,10,1,1.0,10.0,2,0,0,4,0,0,0,0,0,0,2,2,0,5,45,2,0,0,2,38,2,2,0,0,45.0,1.0,0,0,1,1,0,0,0,0,0,0,0,0,38;45,,,83,0,0,1,2,1,0,0.5,0,0,0,0,0
2024,16,LAC,REG,DEN,23,31,284,2,1,2,-21,0,0,210,170,14,12.318311662806199,7.3938388625780735,1,28,117,2,1,0,7,-1.9385189774747604,0,23,30,284,2,0,0,210,170,14,16.16028625988122,1,0,43,1,13,6,25,0,2.0,18.0,4,0,0,4,0,0,0,0,1,1,0,0,0,2,8,4,1,17,0,0,2,2,0,0,57.0,1.0,0,0,1,0,1,0,0,0,0,0,0,0,37;57,,,94,0,0,2,2,0,0,1.0,0,0,0,0,0
2024,16,LV,REG,JAX,24,38,257,0,0,2,-12,0,0,239,158,13,-0.24109466473603902,-9.633496967521877,0,27,69,2,0,0,7,-6.584951330674812,0,24,37,257,0,0,0,239,158,13,4.542697589385935,0,0,32,3,27,3,16,2,1.0,11.0,4,0,0,6,0,0,0,0,0,0,2,2,0,7,62,2,2,28,0,0,2,3,1,0,49.0,0.6666666666666666,0,0,1,1,0,0,0,0,0,1,0,0,49;37,46,,86,46,0,1,1,0,0,1.0,0,0,0,0,0
2024,16,MIA,REG,SF,22,34,215,1,0,0,0,0,0,197,144,13,5.652358010653883,0.8361081442525304,0,30,166,1,1,0,8,4.739031080904822,0,22,31,215,1,0,0,197,144,13,6.903911658769248,0,0,32,2,26,3,20,0,3.0,20.0,6,1,0,4,0,0,0,0,1,2,0,0,0,6,45,4,2,15,1,32,5,5,0,0,54.0,1.0,0,0,2,2,1,0,0,0,0,0,0,0,44;38;54;33;48,,,217,0,0,2,2,0,0,1.0,0,0,0,0,0
2024,16,MIN,REG,SEA,22,35,246,3,0,3,-29,1,0,268,89,12,8.355436213514569,-1.7106130293437414,0,24,81,0,0,0,5,-4.233165871875826,0,22,35,246,3,0,0,268,89,12,12.77433148244376,0,0,31,6,36,5,20,0,2.0,12.0,8,2,7,8,0,0,0,0,1,1,0,0,0,7,70,2,0,0,1,20,2,2,0,0,52.0,1.0,0,0,0,1,1,0,0,0,0,0,0,0,52;48,,,100,0,0,3,3,0,0,1.0,0,0,0,0,0
2024,16,NE,REG,BUF,22,36,261,2,1,2,-8,1,0,215,134,13,4.18428439006675,7.809106669118326,0,30,126,1,3,2,9,-5.89761540965992,0,22,31,261,2,0,0,215,134,13,10.557702219695784,0,0,30,4,26,2,3,2,1.0,2.0,2,1,6,5,0,0,0,0,2,3,0,0,0,5,34,6,1,0,2,61,0,0,0,0,,,0,0,0,0,0,0,0,0,0,0,0,0,,,,0,0,0,3,3,0,0,1.0,0,0,0,0,0
2024,16,NO,REG,GB,15,30,153,0,1,3,-24,1,1,270,60,9,-17.423240505042486,-14.122089371085167,0,20,67,0,0,0,3,-1.0984497588942759,0,15,28,153,0,1,0,270,60,9,-9.287738430779427,0,0,34,1,35,3,4,0,0.0,0.0,3,0,0,4,0,0,0,0,0,0,0,0,0,7,40,4,0,0,6,169,0,0,0,0,,,0,0,0,0,0,0,0,0,0,0,0,0,,,,0,0,0,0,0,0,0,,0,0,0,0,0
2024,16,NYG,REG,ATL,22,39,210,1,2,3,-21,1,1,212,155,11,-21.454953689244576,-8.77394700372541,0,13,45,0,0,0,3,-2.1476675143348984,0,22,37,210,1,0,0,212,155,11,-11.159733910346404,0,0,31,5,37,7,13,0,0.0,0.0,2,1,26,4,0,0,0,0,0,0,0,0,0,10,85,4,1,6,1,37,0,0,0,0,,,0,0,0,0,0,0,0,0,0,0,0,0,,,,0,0,0,1,1,0,0,1.0,0,0,0,0,0
2024,16,NYJ,REG,LA,28,42,256,1,0,1,-10,1,1,221,159,14,2.758043339683809,-3.420834385213399,0,20,75,0,0,0,3,-4.814841587736737,0,28,42,256,1,0,0,221,159,14,7.585042716793851,0,0,25,7,27,2,4,0,0.0,0.0,1,1,0,3,0,1,0,0,0,0,0,0,0,8,62,5,1,0,3,99,1,2,1,0,21.0,0.5,0,1,0,0,0,0,0,0,0,1,0,0,21,49,,21,49,0,0,1,1,0,0.0,0,0,0,0,0
2024,16,PHI,REG,WAS,15,28,154,1,1,4,-27,1,0,227,36,9,-4.3458728624573375,-3.9625236988067627,0,39,211,2,0,0,6,6.209200895984977,0,15,25,154,1,0,0,227,36,9,5.820928484977276,0,0,36,2,30,4,8,3,1.0,3.0,2,2,35,7,0,0,0,0,1,1,3,3,0,10,91,4,1,0,6,139,4,5,1,0,50.0,0.8,0,1,0,2,1,0,0,0,0,0,1,0,24;40;50;40,56,,154,56,0,3,3,0,0,1.0,0,0,0,0,0
2024,16,PIT,REG,BAL,22,33,217,2,1,3,-19,0,0,257,60,14,-6.296249194813697,17.221895089516277,0,24,117,0,1,1,5,-3.9914424180751666,0,22,26,217,2,1,0,257,60,14,2.057825817319099,0,0,34,0,30,3,13,2,1.0,9.0,0,1,25,3,0,0,0,0,1,1,0,0,0,5,29,4,0,0,2,52,1,1,0,0,51.0,1.0,0,0,0,0,1,0,0,0,0,0,0,0,51,,,51,0,0,2,2,0,0,1.0,0,0,0,0,0
2024,16,SEA,REG,MIN,31,43,314,3,2,2,-12,0,0,332,161,17,0.3033877674065899,6.4113366461935515,0,15,59,0,0,0,4,1.9880675208987668,0,31,42,314,3,0,0,332,161,17,3.8812297688023554,0,0,33,2,20,3,29,1,3.0,29.0,7,0,0,7,0,0,0,0,0,0,0,0,0,11,77,5,4,32,3,91,1,2,1,0,43.0,0.5,0,0,0,1,0,0,0,0,0,0,0,1,43,60,,43,60,0,3,3,0,0,1.0,0,0,0,0,0
2024,16,SF,REG,MIA,26,40,313,2,1,3,-20,0,0,185,202,16,4.943432835102932,-1.383752355704436,0,18,81,0,0,0,4,-2.1600317573174834,0,26,37,313,2,0,0,185,202,16,11.166155049342116,0,0,37,3,27,3,5,0,0.0,0.0,1,0,0,5,0,0,0,0,0,0,0,0,0,11,90,4,1,8,0,0,1,2,1,0,21.0,0.5,0,1,0,0,0,0,0,0,0,1,0,0,21,41,,21,41,0,2,2,0,0,1.0,0,0,0,0,0
2024,16,TB,REG,DAL,31,43,303,2,1,4,-27,1,0,413,135,14,2.201098439508435,3.1559082657791873,0,23,134,1,0,0,11,7.24485102185281,0,31,43,303,2,2,1,413,135,14,6.107840170319044,0,0,34,3,17,4,6,0,1.0,6.0,4,0,0,2,0,0,0,0,1,1,0,0,0,6,47,6,4,31,2,69,1,1,0,0,45.0,1.0,0,0,0,1,0,0,0,0,0,0,0,0,45,,,45,0,0,3,3,0,0,1.0,0,0,0,0,0
2024,16,TEN,REG,IND,23,34,252,2,3,1,-10,0,0,215,118,11,3.618777581146891,-1.602304433331347,1,22,65,2,0,0,4,0.5695818669483996,1,23,33,252,2,0,0,215,118,11,6.955889254930402,1,0,33,6,46,2,9,0,1.0,8.0,1,1,19,1,0,0,0,0,0,0,0,0,0,4,35,4,3,23,2,69,0,1,1,0,,0.0,0,0,0,0,0,0,0,0,0,0,1,0,,53,,0,53,0,2,2,0,0,1.0,0,0,0,0,0
2024,16,WAS,REG,PHI,24,39,258,5,2,1,-3,0,0,273,115,13,4.3885254591587,-2.280266251828934,0,24,113,0,2,2,7,-5.882068153659813,1,24,36,258,5,1,1,273,115,13,2.298851253639441,0,0,49,1,29,9,40,2,4.0,27.0,7,1,0,6,0,0,0,0,0,0,1,1,0,6,93,4,1,5,7,206,0,0,0,0,,,0,0,0,0,0,0,0,0,0,0,0,0,,,,0,0,0,4,4,0,0,1.0,0,0,0,0,0
2024,17,ARI,REG,LA,33,48,321,1,2,4,-38,0,0,321,159,16,2.2234945211197363,2.5806793570518494,0,22,113,0,0,0,8,-2.8996071279107127,0,33,45,321,1,0,0,321,159,16,12.139153018506477,0,0,23,3,31,3,8,0,0.0,0.0,2,0,0,7,0,0,0,0,0,0,0,0,0,9,62,3,2,15,1,28,1,1,0,0,28.0,1.0,0,1,0,0,0,0,0,0,0,0,0,0,28,,,28,0,0,0,1,0,1,0.0,0,0,0,0,0
2024,17,ATL,REG,WAS,19,35,223,1,1,2,-12,2,0,437,83,11,-0.6429523978219969,-4.833668810980659,0,23,126,2,1,0,9,4.5954616757517215,0,19,35,223,1,0,0,437,83,11,3.199856330284323,0,0,45,3,35,6,33,0,5.0,31.0,5,1,12,3,0,0,0,0,3,4,0,0,0,4,25,2,2,23,2,58,1,2,1,0,39.0,0.5,0,0,1,0,0,0,0,0,0,0,1,0,39,56,,39,56,0,3,3,0,0,1.0,0,0,0,0,0
2024,17,BAL,REG,HOU,11,17,184,2,0,1,-3,0,0,191,116,8,9.207889944151516,6.783287227153778,0,43,251,2,0,0,16,9.76842859396129,0,11,16,184,2,0,0,191,116,8,11.489063570578123,0,0,31,3,17,6,40,1,5.0,37.0,9,1,0,3,0,0,0,0,0,0,0,0,0,3,30,2,2,7,1,23,1,1,0,0,52.0,1.0,0,0,0,0,1,0,0,0,0,0,0,0,52,,,52,0,0,4,4,0,0,1.0,0,0,0,0,0
2024,17,BUF,REG,NYJ,17,28,251,3,0,0,0,0,0,204,151,10,16.864035179920787,-2.714696416148433,0,34,97,2,0,0,8,-6.868044047325384,0,17,27,251,3,0,0,204,151,10,17.194285783125846,0,0,35,4,26,8,43,1,4.0,26.0,7,2,26,3,0,0,1,0,0,0,1,1,0,7,60,4,2,32,3,77,1,1,0,0,39.0,1.0,0,0,1,0,0,0,0,0,0,0,0,0,39,,,39,0,0,5,5,0,0,1.0,0,0,0,0,0
2024,17,CAR,REG,TB,15,28,203,2,0,5,-38,1,0,371,18,10,-2.5021331054874505,9.889972751790827,0,13,39,0,0,0,2,-2.2278065467835404,0,15,22,203,2,0,0,371,18,10,10.767528566590045,0,0,42,2,42,4,14,0,2.0,10.0,4,0,0,1,0,0,0,0,2,2,0,0,0,4,30,4,0,0,1,19,0,1,1,0,,0.0,0,0,0,0,0,0,0,0,0,0,1,0,,53,,0,53,0,2,2,0,0,1.0,0,0,0,0,0
2024,17,CHI,REG,SEA,16,28,122,0,1,7,-46,1,0,202,108,7,-10.22574662037193,-4.994731912246118,0,23,103,0,0,0,4,-1.867774787824601,0,16,26,122,0,0,0,202,108,7,-0.5766010590433073,0,0,34,3,21,5,19,3,3.0,17.0,7,0,0,3,0,0,0,0,2,2,1,1,0,4,23,4,2,21,1,22,1,1,0,0,42.0,1.0,0,0,0,1,0,0,0,0,0,0,0,0,42,,,42,0,0,0,0,0,0,,0,0,0,0,0
2024,17,CIN,REG,DEN,39,49,412,3,0,7,-28,0,0,343,134,23,18.63396873320934,14.496714424113842,0,28,115,1,0,0,6,-2.297896639302184,0,39,49,412,3,1,1,343,134,23,23.729769628453223,0,0,37,1,27,5,15,2,2.0,13.0,4,1,2,2,0,0,0,0,0,0,0,0,0,3,15,8,1,4,3,98,1,2,1,0,22.0,0.5,0,1,0,0,0,0,0,0,1,0,0,0,22,33,,22,33,0,3,3,0,0,1.0,0,0,0,0,0
2024,17,CLE,REG,MIA,24,47,170,0,1,1,-8,1,1,271,70,7,-25.161638461693656,-14.867152516231979,0,28,114,0,0,0,8,-2.5760259818713522,0,24,43,170,0,0,0,271,70,7,-14.403614247741643,0,0,35,6,30,12,50,0,4.0,19.0,8,0,0,0,0,0,0,0,0,0,0,0,0,9,84,3,1,9,1,23,1,1,0,0,25.0,1.0,0,1,0,0,0,0,0,0,0,0,0,0,25,,,25,0,0,0,0,0,0,,0,0,0,0,0
2024,17,DAL,REG,PHI,16,29,148,1,2,1,-7,0,0,264,66,7,-9.28622078228676,-9.649372511896598,0,30,127,0,1,1,9,-4.292929618211929,0,16,29,148,1,1,1,264,66,7,-11.218629392620642,0,0,41,1,25,5,16,0,0.0,0.0,1,0,0,3,0,0,0,0,0,0,0,0,0,8,69,2,0,0,2,48,0,1,1,0,,0.0,0,0,0,0,0,0,0,0,0,0,0,1,,61,,0,61,0,1,1,0,0,1.0,0,0,0,0,0
2024,17,DEN,REG,CIN,24,31,219,3,1,2,-13,1,0,224,103,10,9.496485496653737,9.386815851734532,0,27,123,0,0,0,9,0.8040364633197896,0,24,31,219,3,1,0,224,103,10,11.210349028887254,0,0,53,5,35,6,19,1,7.0,28.0,15,0,0,2,0,0,0,0,1,1,1,1,0,7,35,8,0,0,1,27,1,1,0,0,30.0,1.0,0,0,1,0,0,0,0,0,0,0,0,0,30,,,30,0,0,3,3,0,0,1.0,0,0,0,0,0
2024,17,DET,REG,SF,26,34,303,3,0,2,-16,0,0,147,170,16,21.921108355249476,11.946850653850667,1,33,152,2,0,0,7,2.251039774506353,0,26,33,303,3,0,0,147,170,16,26.473194424048742,1,0,36,1,21,2,12,2,2.0,12.0,6,2,39,3,0,0,0,0,0,0,0,0,0,6,57,0,0,0,3,86,2,2,0,0,57.0,1.0,0,0,0,1,1,0,0,0,0,0,0,0,57;42,,,99,0,0,2,4,1,1,0.5,0,0,0,0,0
2024,17,GB,REG,MIN,19,30,185,1,0,3,-18,0,0,303,70,11,0.7544746832186133,1.7526489907297562,1,24,104,2,1,1,4,-2.4663551791454665,0,19,29,185,1,0,0,303,70,11,5.031591000869848,1,0,46,2,20,8,19,0,1.0,5.0,4,1,31,5,0,1,0,0,1,1,0,0,0,7,51,5,0,0,0,0,1,1,0,0,22.0,1.0,0,1,0,0,0,0,0,0,0,0,0,0,22,,,22,0,0,2,2,0,0,1.0,0,0,0,0,0
2024,17,HOU,REG,BAL,18,32,190,0,1,5,-37,0,0,308,67,9,-18.30080268130405,-9.149917287211261,0,17,58,0,0,0,1,-4.098615394788794,0,18,31,190,0,1,0,308,67,9,-8.042950075992849,0,0,33,7,37,6,19,0,1.0,3.0,5,0,0,2,0,0,1,0,0,0,0,0,0,5,49,1,0,0,1,45,0,0,0,0,,,0,0,0,0,0,0,0,0,0,0,0,0,,,,0,0,0,0,0,0,0,,0,0,0,0,0
2024,17,IND,REG,NYG,26,38,330,2,2,2,-10,1,1,385,125,16,7.237719444592962,7.664833519909831,0,33,126,2,0,0,7,-4.023220370489467,0,26,37,330,2,0,0,385,125,16,13.26603016287445,0,0,16,4,42,6,13,1,0.0,0.0,1,0,0,0,0,0,0,0,0,0,0,0,0,3,21,5,1,7,0,0,2,3,1,0,32.0,0.6666666666666666,0,1,1,0,0,0,0,0,0,0,1,0,32;29,54,,61,54,0,3,3,0,0,1.0,0,0,0,0,0
2024,17,JAX,REG,TEN,15,22,174,2,0,2,-1,0,0,124,101,9,7.608072873527098,2.142528550965446,0,33,122,0,0,0,9,0.9790136443916708,0,15,21,174,2,0,0,124,101,9,11.679332158617589,0,0,37,1,31,6,24,1,3.0,15.0,5,1,3,6,0,0,0,0,0,0,0,0,0,7,50,4,1,9,2,62,2,2,0,0,48.0,1.0,0,0,0,2,0,0,0,0,0,0,0,0,48;44,,,92,0,0,2,2,0,0,1.0,0,0,0,0,0
2024,17,KC,REG,PIT,29,38,320,3,0,0,0,0,0,216,176,16,19.15145948427209,7.68719190045407,0,20,69,1,0,0,5,-0.5646489514620043,0,29,38,320,3,0,0,216,176,16,19.15145948427209,0,0,46,1,29,6,44,2,5.0,43.0,9,1,0,8,0,1,0,0,1,1,1,1,0,9,90,2,3,34,3,78,1,1,0,0,32.0,1.0,0,0,1,0,0,0,0,0,0,0,0,0,32,,,32,0,0,2,3,1,0,0.6666666666666666,0,0,0,0,0
2024,17,LA,REG,ARI,17,32,189,0,0,0,0,0,0,191,96,8,-0.48225711541240734,-12.166041029351094,0,22,68,1,0,0,5,-1.156018260779092,0,17,28,189,0,0,0,191,96,8,1.353216030295103,0,0,40,5,31,4,38,0,4.0,38.0,6,2,11,6,0,0,0,0,0,0,0,0,0,7,46,4,1,6,1,33,2,2,0,0,53.0,1.0,0,1,0,0,1,0,0,0,0,0,0,0,53;25,,,78,0,0,1,1,0,0,1.0,0,0,0,0,0
2024,17,LAC,REG,NE,26,40,281,3,0,0,0,0,0,378,114,16,17.568649309130244,3.741247281432152,0,37,147,1,0,0,10,4.846243509693627,0,26,40,281,3,0,0,378,114,16,17.568649309130244,0,0,32,1,15,7,37,0,4.0,30.0,5,0,0,3,0,0,0,0,0,0,1,1,0,6,54,3,2,18,1,17,4,4,0,0,41.0,1.0,0,1,2,1,0,0,0,0,0,0,0,0,27;38;41;35,,,141,0,0,4,4,0,0,1.0,0,0,0,0,0
2024,17,LV,REG,NO,20,35,242,2,0,1,-10,0,0,339,88,14,9.655957560468881,-9.379271183695115,0,38,156,0,0,0,7,-4.078563376932353,0,20,35,242,2,0,0,339,88,14,11.601419220993751,0,0,22,1,29,3,18,2,4.0,30.0,7,2,14,9,0,0,0,0,0,0,0,0,0,3,20,2,3,32,2,52,4,4,0,0,54.0,1.0,0,1,2,0,1,0,0,0,0,0,0,0,31;39;54;25,,,149,0,0,1,2,0,1,0.5,0,0,0,0,0
2024,17,MIA,REG,CLE,22,26,225,1,0,4,-19,0,0,150,102,12,5.347883499543543,22.36300570269426,0,27,74,1,1,0,5,-10.02573588755331,0,22,24,225,1,0,0,150,102,12,11.355826269719817,0,0,36,3,29,4,14,1,1.0,8.0,6,1,0,5,0,0,0,0,1,2,1,1,0,11,94,5,3,38,0,0,2,2,0,0,54.0,1.0,0,0,1,0,1,0,0,0,0,0,0,0,54;39,,,93,0,0,2,2,0,0,1.0,0,0,0,0,0
2024,17,MIN,REG,GB,33,43,377,3,1,1,-5,0,0,319,178,20,12.191306583659033,8.485770516279263,0,26,69,0,0,0,4,-7.497496452939231,0,33,41,377,3,0,0,319,178,20,16.221588683184972,0,0,28,4,26,2,10,2,3.0,18.0,8,0,0,2,0,1,0,0,1,1,1,1,0,7,47,4,1,0,2,48,2,4,2,0,50.0,0.5,0,1,0,0,1,0,0,0,0,1,1,0,25;50,57;43,,75,100,0,3,3,0,0,1.0,0,0,0,0,0
2024,17,NE,REG,LAC,13,24,115,1,0,4,-30,0,0,209,20,4,-17.221502535860054,-8.616063646648243,0,20,96,0,1,1,5,-9.26730531809153,0,13,23,115,1,0,0,209,20,4,-5.3021798197878525,0,0,36,3,47,1,3,0,0.0,0.0,4,0,0,1,0,0,0,0,0,1,0,0,0,7,60,1,1,15,4,107,0,0,0,0,,,0,0,0,0,0,0,0,0,0,0,0,0,,,,0,0,0,1,1,0,0,1.0,0,0,0,0,0
2024,17,NO,REG,LV,20,36,218,1,2,4,-30,1,0,286,115,8,-16.52701738166531,-14.223869495532094,0,13,81,0,0,0,4,1.6737945157219656,0,20,34,218,1,1,0,286,115,8,-9.556980312860105,0,0,44,3,31,3,13,0,1.0,10.0,2,0,0,4,0,0,0,0,2,2,0,0,0,10,85,7,1,21,0,0,1,1,0,0,34.0,1.0,0,0,1,0,0,0,0,0,0,0,0,0,34,,,34,0,0,1,1,0,0,1.0,0,0,0,0,0
2024,17,NYG,REG,IND,17,23,309,4,0,0,0,0,0,179,169,10,27.63103197995224,10.657926581122657,0,30,80,1,0,0,3,-12.019310018931385,0,17,22,309,4,1,0,179,169,10,28.088274718640605,0,1,35,7,39,6,14,1,2.0,10.0,4,2,25,7,0,0,0,0,1,1,1,1,0,7,94,4,0,0,1,100,1,1,0,0,30.0,1.0,0,0,1,0,0,0,0,0,0,0,0,0,30,,,30,0,0,6,6,0,0,1.0,0,0,0,0,0
2024,17,NYJ,REG,BUF,23,32,195,2,2,4,-26,0,0,135,125,9,-6.82599841066962,2.547887832887712,1,21,112,0,1,0,10,-0.7745017198030837,0,23,31,195,2,1,1,135,128,9,-3.491962957734242,1,0,36,4,26,5,11,0,0.0,0.0,3,0,0,5,0,0,0,0,1,2,0,0,0,16,120,1,2,25,2,54,0,0,0,0,,,0,0,0,0,0,0,0,0,0,0,0,0,,,,0,0,0,0,0,0,0,,0,0,0,0,0
2024,17,PHI,REG,DAL,13,19,197,3,0,0,0,0,0,193,49,6,14.201605596059089,10.48624979125129,0,42,179,1,0,0,11,1.8124907686616876,0,13,18,197,3,0,0,193,49,6,15.081992688533937,0,0,31,0,34,2,7,2,1.0,7.0,4,2,94,5,1,0,0,0,0,0,2,2,0,4,25,5,2,15,2,60,2,2,0,0,31.0,1.0,0,1,1,0,0,0,0,0,0,0,0,0,31;26,,,57,0,0,5,5,0,0,1.0,0,0,0,0,0
2024,17,PIT,REG,KC,23,37,205,0,1,5,-43,1,0,260,102,9,-15.375228794728173,-2.4990682091031786,0,31,202,1,0,0,13,10.017658718948951,0,23,35,205,0,1,1,260,102,9,-7.164450061362004,0,0,43,0,16,2,3,1,0.0,0.0,2,0,0,5,0,0,0,0,1,1,0,0,0,4,25,2,2,14,2,41,1,1,0,0,36.0,1.0,0,0,1,0,0,0,0,0,0,0,0,0,36,,,36,0,0,1,1,0,0,1.0,0,0,0,0,0
2024,17,SEA,REG,CHI,17,23,160,0,0,3,-17,2,0,74,120,7,-4.18387351824247,8.767971531911332,0,25,122,0,0,0,6,-0.043865984480362386,0,17,22,160,0,1,1,74,120,7,-2.067435834894857,0,0,39,2,18,10,58,0,7.0,46.0,10,1,7,3,0,0,0,0,2,2,0,0,0,3,25,4,2,0,0,0,2,2,0,0,50.0,1.0,0,1,0,0,1,0,0,0,0,0,0,0,27;50,,,77,0,0,0,0,0,0,,0,0,0,0,0
2024,17,SF,REG,DET,30,40,412,3,2,2,-12,0,0,373,168,20,15.569604716377604,18.04342559642262,0,18,75,2,0,0,7,4.658208679989912,0,30,36,412,3,1,0,373,168,20,19.046108804757047,0,0,45,0,26,7,27,0,2.0,16.0,4,0,0,1,0,0,0,0,1,1,0,0,0,5,30,4,0,0,4,128,0,2,2,0,,0.0,0,0,0,0,0,0,0,0,0,0,2,0,,51;58,,0,109,0,4,5,1,0,0.8,0,0,0,0,0
2024,17,TB,REG,CAR,27,32,359,5,0,2,-10,0,0,261,168,17,25.2052533712823,20.1595451682806,0,40,202,0,0,0,15,2.38259304035455,0,27,32,359,5,0,0,261,168,17,28.183265519812295,0,1,26,1,9,7,43,1,5.0,38.0,7,0,0,2,0,0,0,23,0,0,0,0,0,5,40,0,2,1,1,15,2,2,0,0,34.0,1.0,0,1,1,0,0,0,0,0,0,0,0,0,23;34,,,57,0,0,6,6,0,0,1.0,0,0,0,0,0
2024,17,TEN,REG,JAX,19,31,193,1,1,3,-15,1,0,284,47,11,0.2341703360092966,-2.7635374665260315,0,30,159,0,0,0,11,2.152269717258457,0,19,30,193,1,0,0,284,47,11,3.930449380039531,0,0,37,3,25,2,2,0,2.0,1.0,3,0,0,3,0,0,0,0,2,2,0,0,0,5,34,6,1,9,3,67,2,2,0,0,39.0,1.0,0,1,1,0,0,0,0,0,0,0,0,0,39;28,,,67,0,0,1,1,0,0,1.0,0,0,0,0,0
2024,17,WAS,REG,ATL,24,36,227,3,1,5,-31,0,0,257,124,13,4.971853517922844,-0.32105726855141997,0,36,216,1,0,0,14,11.86241078400053,0,24,35,227,3,0,0,257,124,13,12.021750970215342,0,0,28,2,28,3,33,2,2.0,12.0,2,1,29,5,0,1,0,0,1,1,0,0,0,13,108,4,2,41,1,29,1,1,0,0,31.0,1.0,0,0,1,0,0,0,0,0,0,0,0,0,31,,,31,0,0,3,3,0,0,1.0,0,0,0,0,0
2024,18,ARI,REG,SF,25,35,242,4,0,0,0,0,0,223,121,14,8.010847701248606,8.872442040592432,0,27,151,2,0,0,8,7.6505038645182175,0,25,32,242,4,0,0,223,121,14,11.961588313046377,0,0,37,4,36,6,39,3,2.0,28.0,4,2,0,5,0,2,0,0,0,0,1,1,0,1,5,3,2,24,0,0,2,2,0,0,51.0,1.0,0,0,0,1,1,0,0,0,0,0,0,0,51;49,,,100,0,0,5,5,0,0,1.0,0,0,0,0,0
2024,18,ATL,REG,CAR,21,38,312,2,1,1,-2,0,0,427,69,11,5.466879083280481,-6.810510480726084,0,38,227,3,0,0,20,17.040870051598176,0,21,37,312,2,0,0,427,69,11,7.254213729027226,0,0,36,2,24,3,6,1,0.0,0.0,0,0,0,4,0,0,0,0,0,0,0,0,0,7,55,4,1,9,4,96,1,2,1,0,31.0,0.5,0,0,1,0,0,0,0,0,0,0,1,0,31,52,,31,52,0,5,5,0,0,1.0,0,0,0,0,0
2024,18,BAL,REG,CLE,16,32,217,2,0,0,0,0,0,286,97,12,5.178348514717072,-7.975476682186127,0,35,220,2,0,0,8,5.12912228127243,0,16,30,217,2,0,0,286,97,12,6.800970105541637,0,0,28,2,24,3,10,0,2.0,9.0,3,2,32,6,1,0,0,0,0,0,0,0,0,10,83,4,3,16,1,47,0,0,0,0,,,0,0,0,0,0,0,0,0,0,0,0,0,,,,0,0,0,5,5,0,0,1.0,0,0,0,0,0
2024,18,BUF,REG,NE,18,32,129,1,0,0,0,0,0,226,101,7,-2.612523918642407,-9.16939848853696,0,33,130,1,1,0,9,-1.7520192868541926,0,18,31,129,1,0,0,226,101,7,-1.8413639809207298,0,0,29,9,33,6,18,0,1.0,9.0,4,0,0,2,0,0,0,0,1,1,1,1,0,6,35,6,0,0,3,83,1,1,0,0,49.0,1.0,0,0,0,1,0,0,0,0,0,0,0,0,49,,,49,0,0,1,2,1,0,0.5,0,0,0,0,0
2024,18,CAR,REG,ATL,26,35,270,3,0,0,0,0,0,310,102,17,21.34980805326253,7.071861795016696,0,30,155,3,0,0,9,5.038304201763822,0,26,35,270,3,1,0,310,102,17,21.34980805326253,0,0,30,1,55,3,6,0,1.0,2.0,5,1,19,8,0,0,0,0,0,0,0,0,0,2,30,4,0,0,0,0,1,1,0,0,35.0,1.0,0,0,1,0,0,0,0,0,0,0,0,0,35,,,35,0,0,5,5,0,0,1.0,0,0,0,0,0
2024,18,CHI,REG,GB,21,30,148,1,1,1,-7,1,0,130,98,10,-1.5579396863913075,11.1393836637338,0,26,83,1,0,0,5,-4.23797447438119,0,21,24,148,1,1,1,130,98,10,-0.38021193112945184,0,1,36,4,40,6,27,3,3.0,21.0,7,0,0,4,0,0,0,0,1,1,2,2,0,7,45,4,1,94,4,116,1,1,0,0,51.0,1.0,0,0,0,0,1,0,0,0,0,0,0,0,51,,,51,0,0,3,3,0,0,1.0,1,1,0,0,51
2024,18,CIN,REG,PIT,37,46,277,1,1,4,-31,1,0,189,121,15,-1.42624499736261,8.202476281186806,0,21,68,0,0,0,5,-1.5872101070126519,0,37,46,277,1,1,0,189,121,15,5.372095760399551,0,0,34,2,24,6,27,1,4.0,29.0,8,0,0,5,0,1,0,0,2,2,1,1,0,6,25,6,3,24,4,133,4,4,0,0,48.0,1.0,0,2,1,1,0,0,0,0,0,0,0,0,48;27;35;23,,,133,0,0,1,1,0,0,1.0,0,0,0,0,0
2024,18,CLE,REG,BAL,18,34,183,1,2,2,-9,0,0,247,108,9,-17.71640485589123,-12.122662681521794,0,19,56,0,0,0,1,-6.761286564753391,0,18,33,183,1,0,0,247,108,9,-14.178195633401263,0,0,43,1,15,3,8,0,0.0,0.0,5,0,0,4,0,0,0,0,0,0,0,0,0,3,20,2,0,0,4,126,1,1,0,0,23.0,1.0,0,1,0,0,0,0,0,0,0,0,0,0,23,,,23,0,0,1,1,0,0,1.0,0,0,0,0,0
2024,18,DAL,REG,WAS,20,34,244,0,0,2,-16,0,0,219,141,12,-2.5586524666536583,-8.694462613625962,0,39,150,1,0,0,10,-0.7228215856681159,0,20,33,244,0,0,0,219,141,12,1.3525383568323517,0,0,34,4,14,6,29,0,6.0,43.0,8,0,0,3,0,0,0,0,0,0,1,1,0,11,67,5,1,1,1,30,4,4,0,0,41.0,1.0,0,1,2,1,0,0,0,0,0,0,0,0,34;41;36;22,,,133,0,0,1,1,0,0,1.0,0,0,0,0,0
2024,18,DEN,REG,KC,26,29,321,4,0,0,0,0,0,164,190,15,25.95772983400812,19.02631552054964,0,43,158,1,0,0,14,3.274856710631866,0,26,29,321,4,0,0,164,190,15,25.95772983400812,0,0,23,0,10,7,32,1,5.0,27.0,9,0,0,1,0,0,0,0,0,0,0,0,0,5,41,4,0,0,0,0,1,1,0,0,33.0,1.0,0,0,1,0,0,0,0,0,0,0,0,0,33,,,33,0,0,5,5,0,0,1.0,0,0,0,0,0
2024,18,DET,REG,MIN,27,33,231,1,2,2,-15,0,0,162,113,14,1.588157064983399,10.007851663976908,0,31,178,3,0,0,9,-0.6104359035380185,0,27,32,231,1,0,0,162,113,14,5.554739475602993,0,0,28,2,24,2,24,0,2.0,24.0,10,0,0,6,0,0,0,0,0,0,0,0,0,8,49,4,3,23,0,0,1,1,0,0,48.0,1.0,0,0,0,1,0,0,0,0,0,0,0,0,48,,,48,0,0,4,4,0,0,1.0,0,0,0,0,0
2024,18,GB,REG,CHI,17,25,205,0,0,3,-21,1,1,206,48,7,-5.560336276991657,0.41798365116119385,0,33,183,2,1,1,13,-1.0038585464643852,0,17,25,205,0,0,0,206,48,7,3.1343862796338358,0,0,34,1,29,7,27,1,1.0,7.0,2,1,17,1,0,1,0,0,2,2,1,1,0,5,45,2,1,16,4,88,3,3,0,0,55.0,1.0,0,0,2,0,1,0,0,0,0,0,0,0,37;30;55,,,122,0,0,1,1,0,0,1.0,0,0,0,0,0
2024,18,HOU,REG,TEN,18,28,178,1,0,1,-11,0,0,181,56,8,1.5149016677751206,-3.866456874779287,0,29,207,1,1,0,8,3.552915047671923,0,18,28,178,1,1,1,181,56,8,-2.1895086317090318,0,0,43,1,13,6,31,0,2.0,16.0,5,0,0,5,0,0,0,0,1,1,1,1,1,6,48,6,2,9,2,66,1,1,0,0,27.0,1.0,0,1,0,0,0,0,0,0,0,0,0,0,27,,,27,0,0,2,3,1,0,0.6666666666666666,0,0,0,0,0
2024,18,IND,REG,JAX,23,40,264,1,0,3,-12,0,0,383,94,11,-3.6950000316639087,-7.871816937740031,0,34,177,1,0,0,12,4.581341476878151,0,23,39,264,1,0,0,383,94,11,2.9234316523150885,0,0,36,6,32,4,27,1,2.0,19.0,5,1,10,4,0,0,0,0,0,0,0,0,0,3,15,3,3,12,0,0,4,5,1,0,49.0,0.8,0,0,2,2,0,0,0,0,0,0,1,0,49;36;45;38,51,,168,51,0,2,2,0,0,1.0,0,0,0,0,0
2024,18,JAX,REG,IND,20,32,225,1,1,2,-19,0,0,270,100,10,2.7283721243141486,-2.724582918228644,0,34,113,1,0,0,9,-0.7258140217745677,0,20,31,225,1,1,0,270,100,10,6.330527788318534,0,0,40,6,36,3,14,0,3.0,12.0,5,0,0,6,0,0,0,0,1,1,0,0,0,4,57,2,2,15,0,0,3,3,0,0,53.0,1.0,0,1,0,0,2,0,0,0,0,0,0,0,53;28;53,,,134,0,0,2,2,0,0,1.0,0,0,0,0,0
2024,18,KC,REG,DEN,10,17,98,0,0,5,-27,1,0,120,53,4,-10.174690247002527,-5.398769238415886,0,11,27,0,0,0,1,-4.639489653403871,0,10,17,98,0,0,0,120,53,4,-2.214070964429993,0,0,44,3,33,4,13,0,0.0,0.0,0,0,0,2,0,0,0,0,2,2,0,0,0,3,15,1,1,4,1,36,0,1,1,0,,0.0,0,0,0,0,0,0,0,0,0,0,1,0,,51,,0,51,0,0,0,0,0,,0,0,0,0,0
2024,18,LA,REG,SEA,27,41,334,2,1,3,-15,0,0,221,232,16,2.0776321841180367,-3.0714814364910126,0,21,84,0,0,0,3,-0.48730416980106384,0,27,40,334,2,0,0,221,232,16,7.969743267843693,0,0,31,4,22,3,11,0,2.0,13.0,4,0,0,5,0,0,0,0,0,0,0,0,0,2,10,4,2,30,3,102,4,4,0,0,58.0,1.0,0,0,2,0,2,0,0,0,0,0,0,0,37;58;57;38,,,190,0,0,1,1,0,0,1.0,0,0,0,0,0
2024,18,LAC,REG,LV,28,36,346,2,0,1,-10,0,0,269,142,13,17.7409034601736,10.005144647189546,1,35,137,1,0,0,11,-0.00713039569824403,0,28,35,346,2,0,0,269,142,13,21.985865053182668,1,0,27,1,13,3,8,0,0.0,0.0,5,1,4,2,0,1,0,0,1,1,0,0,0,7,40,5,2,10,0,0,4,5,1,0,49.0,0.8,0,1,2,1,0,0,0,0,0,0,1,0,33;32;49;20,51,,134,51,0,2,2,0,0,1.0,0,0,0,0,0
2024,18,LV,REG,LAC,25,36,225,2,1,0,0,0,0,307,60,11,-3.5744642610576385,4.725564840961903,0,12,39,0,0,0,3,-1.2398015721701086,0,25,34,225,2,0,0,307,60,11,-2.4651404386300975,0,0,37,2,50,5,18,0,1.0,10.0,3,0,0,2,0,0,0,0,0,0,0,0,0,3,28,4,0,0,2,58,2,2,0,0,47.0,1.0,0,0,0,2,0,0,0,0,0,0,0,0,40;47,,,87,0,0,2,2,0,0,1.0,0,0,0,0,0
2024,18,MIA,REG,NYJ,25,41,227,1,2,4,-28,3,1,280,87,14,-6.921629176284156,4.805256386060973,0,23,135,1,0,0,7,1.9159408518462442,0,25,37,227,1,1,1,280,89,14,1.5091449223854863,0,0,33,3,23,5,14,0,3.0,17.0,5,1,7,6,0,0,0,0,3,3,0,0,0,4,32,5,1,2,4,141,2,2,0,0,28.0,1.0,0,2,0,0,0,0,0,0,0,0,0,0,26;28,,,54,0,0,2,2,0,0,1.0,0,0,0,0,0
2024,18,MIN,REG,DET,18,41,166,0,0,2,-24,0,0,280,113,7,-24.812253738504932,-17.653850191517883,0,19,120,0,0,0,3,4.182759671064559,0,18,38,166,0,0,0,280,113,7,-15.633456922527968,0,0,42,5,29,7,39,0,2.0,15.0,6,2,6,5,0,0,0,0,0,0,0,0,0,6,30,2,2,12,0,0,3,4,1,0,51.0,0.75,0,1,1,0,1,0,0,0,0,0,1,0,25;31;51,51,,107,51,0,0,0,0,0,,0,0,0,0,0
2024,18,NE,REG,BUF,22,30,241,1,0,1,-9,0,0,283,72,14,9.077179646661753,13.71071232216699,0,30,77,1,1,1,6,-9.337044975513901,0,22,28,241,1,0,0,283,72,14,13.084363091871856,0,0,33,5,33,3,6,0,0.0,0.0,2,0,0,8,0,0,0,0,0,1,0,0,0,7,59,3,2,26,1,16,3,3,0,0,50.0,1.0,0,0,0,2,1,0,0,0,0,0,0,0,41;42;50,,,133,0,0,2,2,0,0,1.0,0,0,0,0,0
2024,18,NO,REG,TB,26,42,240,1,0,2,-12,0,0,370,145,14,-1.0724893337699637,1.9112509412643282,0,19,64,0,0,0,4,1.2044339065323584,0,26,39,240,1,0,0,370,145,14,3.031826100230491,0,0,46,2,12,6,29,0,1.0,5.0,1,1,3,6,0,0,0,0,0,0,0,0,0,8,77,5,1,9,0,0,4,4,0,0,49.0,1.0,0,0,3,1,0,0,0,0,0,0,0,0,35;39;39;49,,,162,0,0,1,1,0,0,1.0,0,0,0,0,0
2024,18,NYG,REG,PHI,22,29,138,1,1,0,0,0,0,106,101,4,-8.675329102245367,4.486210218497683,0,25,100,0,1,0,7,2.2631470477208495,0,22,28,138,1,0,0,106,101,4,-7.109431107298299,0,0,34,2,36,4,14,0,2.0,17.0,8,0,0,5,0,0,0,0,1,2,0,0,0,6,40,5,2,25,0,0,2,2,0,0,53.0,1.0,0,1,0,0,1,0,0,0,0,0,0,0,25;53,,,78,0,0,1,1,0,0,1.0,0,0,0,0,0
2024,18,NYJ,REG,MIA,23,37,274,4,1,3,-17,0,0,234,149,14,1.0172237920834384,-2.9586236817496174,0,22,118,0,0,0,8,2.771600557767786,1,23,35,274,4,0,0,234,149,14,7.4770773370311305,0,0,42,4,18,11,43,3,3.0,23.0,9,2,18,5,0,2,0,0,0,0,2,2,0,6,35,4,2,11,1,20,1,1,0,0,20.0,1.0,0,1,0,0,0,0,0,0,0,0,0,0,20,,,20,0,0,3,3,0,0,1.0,0,0,0,0,0
2024,18,PHI,REG,NYG,27,41,269,2,0,2,-17,0,0,270,116,15,7.516726461768229,-2.228362821951141,0,25,51,0,0,0,4,-11.505743689825433,0,27,41,269,2,0,0,270,116,15,11.662877682659854,0,0,25,0,46,3,10,0,0.0,0.0,2,1,21,3,0,0,0,0,1,2,0,0,0,1,0,5,0,0,3,92,2,3,1,0,32.0,0.6666666666666666,0,1,1,0,0,0,0,0,1,0,0,0,24;32,39,,56,39,0,2,2,0,0,1.0,0,0,0,0,0
2024,18,PIT,REG,CIN,17,31,148,1,0,4,-29,0,0,227,58,8,-5.404655771760845,-9.402608563160076,0,23,74,1,0,0,6,-4.73152359816595,0,17,29,148,1,0,0,227,58,8,-0.284756190108711,0,0,52,0,24,7,38,2,4.0,31.0,5,1,0,6,0,1,0,0,1,1,1,1,0,3,20,4,3,16,2,57,1,1,0,0,54.0,1.0,0,0,0,0,1,0,0,0,0,0,0,0,54,,,54,0,0,2,2,0,0,1.0,0,0,0,0,0
2024,18,SEA,REG,LA,20,27,223,4,0,2,-13,0,0,215,124,13,9.838861239118344,6.426791681183707,0,24,126,0,0,0,5,2.8839567770482972,0,20,27,223,4,0,0,215,124,13,13.343531376958826,0,0,33,6,36,1,8,0,3.0,15.0,10,1,7,6,0,0,0,0,0,0,0,0,0,3,23,1,1,17,1,27,1,1,0,0,56.0,1.0,0,0,0,0,1,0,0,0,0,0,0,0,56,,,56,0,0,3,3,0,0,1.0,0,0,0,0,0
2024,18,SF,REG,ARI,29,43,326,2,2,2,-28,1,0,335,97,16,2.7819094695305235,-0.32695609898794026,0,28,138,1,1,1,10,-2.6541906215134077,0,29,42,326,2,1,0,335,97,16,7.787432868951306,0,0,36,2,24,3,4,1,0.0,0.0,2,0,0,5,0,0,0,0,2,2,0,0,0,13,85,3,1,15,1,32,1,2,1,0,51.0,0.5,0,0,0,0,1,0,0,0,0,1,0,0,51,47,,51,47,0,3,3,0,0,1.0,0,0,0,0,0
2024,18,TB,REG,NO,21,32,221,2,1,1,-5,0,0,258,40,11,9.411980555664716,2.944801411321094,0,31,179,1,0,0,7,4.735905787325464,0,21,31,221,2,0,0,258,40,11,10.862395931307194,0,0,35,6,20,7,19,0,2.0,12.0,6,0,0,6,0,0,0,0,1,1,0,0,0,12,90,3,1,0,3,88,2,2,0,0,52.0,1.0,0,1,0,0,1,0,0,0,0,0,0,0,52;25,,,77,0,0,3,3,0,0,1.0,0,0,0,0,0
2024,18,TEN,REG,HOU,16,26,245,1,0,2,-16,0,0,299,93,9,5.254205486429878,-1.6049749576128443,1,32,85,0,2,1,7,-16.517322984893987,0,16,26,245,1,0,0,299,93,9,8.525816618945218,1,0,30,4,34,3,15,2,1.0,11.0,2,0,0,2,0,0,0,0,1,2,1,1,0,7,68,4,1,0,3,113,2,2,0,0,38.0,1.0,0,0,2,0,0,0,0,0,0,0,0,0,35;38,,,73,0,0,0,0,0,0,,0,0,0,0,0
2024,18,WAS,REG,DAL,21,31,199,2,0,6,-43,0,0,308,91,11,-1.5082562692396602,4.9348484476407375,0,18,113,1,0,0,6,5.793341474374756,0,21,30,199,2,0,0,308,91,11,8.207825120452021,0,0,44,2,34,8,35,0,2.0,16.0,2,0,0,7,0,1,0,0,0,0,0,0,0,5,55,6,3,23,0,0,1,1,0,0,47.0,1.0,0,0,0,1,0,0,0,0,0,0,0,0,47,,,47,0,0,2,2,0,0,1.0,0,0,0,0,0
2024,19,BAL,POST,PIT,16,21,175,2,0,1,-10,0,0,118,86,10,9.446766507113352,12.760910862370546,0,50,299,2,0,0,16,6.7460104415076785,0,16,19,175,2,0,0,118,86,10,12.210503548907582,0,0,23,1,21,3,19,0,4.0,19.0,7,0,0,1,0,1,0,0,1,1,0,0,0,3,14,3,1,4,0,0,0,0,0,0,,,0,0,0,0,0,0,0,0,0,0,0,0,,,,0,0,0,4,4,0,0,1.0,0,0,0,0,0
2024,19,BUF,POST,DEN,20,26,272,2,0,2,-11,0,0,240,114,11,15.96646682515846,16.51856815814972,1,44,210,1,0,0,14,2.925886978546293,0,20,25,272,2,0,0,240,114,11,18.839452788135816,1,0,26,0,14,4,23,0,2.0,14.0,4,0,0,0,0,0,0,0,0,0,0,0,0,7,45,5,2,30,2,59,3,3,0,0,34.0,1.0,0,2,1,0,0,0,0,0,0,0,0,0,26;27;34,,,87,0,0,2,2,0,0,1.0,0,0,0,0,0
2024,19,DEN,POST,BUF,14,23,159,1,0,2,-14,0,0,275,30,7,-3.9468113916398044,-2.2173041882722266,0,17,79,0,0,0,5,-1.3212308036745526,0,14,23,159,1,0,0,275,30,7,-1.2123548743718322,0,0,48,1,31,3,12,0,2.0,11.0,4,0,0,1,0,0,0,0,0,0,0,0,0,3,27,6,1,0,1,16,0,1,1,0,,0.0,0,0,0,0,0,0,0,0,0,0,1,0,,50,,0,50,0,1,1,0,0,1.0,0,0,0,0,0
2024,19,GB,POST,PHI,20,33,212,0,3,2,-17,0,0,277,127,12,-5.509075429002418,-5.420789574131822,0,25,107,1,1,0,4,1.1124718206119724,0,20,33,212,0,0,0,277,127,12,-2.0315534874709678,0,0,29,1,41,2,9,0,2.0,10.0,5,0,0,1,0,0,0,0,2,2,0,0,0,8,85,2,2,26,4,95,1,2,1,0,26.0,0.5,0,1,0,0,0,0,0,0,1,0,0,0,26,38,,26,38,0,1,1,0,0,1.0,0,0,0,0,0
2024,19,HOU,POST,LAC,22,33,282,1,1,3,-21,0,0,317,120,12,1.1497275900673816,-1.0317163076251745,0,34,168,1,1,1,9,-2.4240498094586655,0,22,32,282,1,1,1,317,120,12,1.2000574850007655,0,0,29,1,21,5,27,1,4.0,31.0,9,4,108,11,1,0,0,0,1,1,0,0,0,8,86,4,1,10,1,28,3,3,0,0,41.0,1.0,0,0,2,1,0,0,0,0,0,0,0,0,41;37;30,,,108,0,0,3,3,0,0,1.0,0,0,0,0,0
2024,19,LA,POST,MIN,19,27,209,2,0,2,-7,0,0,199,92,10,5.320361357126192,3.2050355122639593,0,22,90,0,0,0,5,-6.66871348436689,0,19,26,209,2,0,0,199,92,10,8.345197344309291,0,0,37,3,33,10,67,1,9.0,82.0,12,1,0,4,0,0,0,0,0,0,1,1,1,10,95,3,1,8,0,0,2,2,0,0,44.0,1.0,0,0,1,1,0,0,0,0,0,0,0,0,34;44,,,78,0,0,3,3,0,0,1.0,0,0,0,0,0
2024,19,LAC,POST,HOU,14,32,242,1,4,4,-31,0,0,405,112,9,-23.056620933084403,-20.68233210593462,0,18,50,0,0,0,4,-4.853111156647746,0,14,32,242,1,1,0,405,112,9,-16.47083765183727,0,0,46,3,25,7,30,2,3.0,21.0,5,1,0,5,0,0,0,0,1,1,2,2,0,2,10,5,0,0,3,76,2,2,0,0,39.0,1.0,0,0,2,0,0,0,0,0,0,0,0,0,35;39,,,74,0,0,0,1,0,1,0.0,0,0,0,0,0
2024,19,MIN,POST,LA,25,40,245,1,1,9,-82,1,1,420,99,11,-29.89873703351819,-4.985727109014988,0,22,106,0,0,0,5,2.204663212178275,0,25,40,245,1,0,0,420,99,11,-4.6557743947870796,0,0,26,2,28,4,13,0,2.0,7.0,5,0,0,2,0,2,0,0,0,0,0,0,0,2,20,4,1,0,2,58,1,1,0,0,34.0,1.0,0,0,1,0,0,0,0,0,0,0,0,0,34,,,34,0,0,0,0,0,0,,0,0,0,0,0
2024,19,PHI,POST,GB,13,21,131,2,0,2,-10,0,0,136,71,6,0.531842702862205,3.324725727240244,0,34,169,0,0,0,8,1.9999914306804283,0,13,18,131,2,0,0,136,71,6,5.437080321309622,0,0,37,0,28,4,26,2,2.0,17.0,5,3,16,4,0,0,0,0,0,0,1,1,0,7,64,3,2,11,2,57,3,3,0,0,32.0,1.0,0,0,3,0,0,0,0,0,0,0,0,0,31;30;32,,,93,0,0,1,2,1,0,0.5,0,0,0,0,0
2024,19,PIT,POST,BAL,20,30,270,2,0,4,-19,0,0,249,126,9,7.644079367513768,10.336038126395302,0,11,29,0,0,0,2,-2.519752054475248,0,20,26,270,2,0,0,249,126,9,15.081028263666667,0,0,44,3,35,5,20,0,1.0,10.0,1,0,0,2,0,0,0,0,0,0,0,0,0,7,41,4,1,14,1,26,0,0,0,0,,,0,0,0,0,0,0,0,0,0,0,0,0,,,,0,0,0,2,2,0,0,1.0,0,0,0,0,0
2024,19,TB,POST,WAS,15,18,185,2,0,1,-2,0,0,138,81,12,13.499115414618384,20.169017244787774,0,25,101,0,1,1,5,-8.808328537825055,0,15,17,185,2,0,0,138,81,12,14.475060663701836,0,0,38,5,35,4,6,0,1.0,0.0,4,0,0,3,0,0,0,0,0,1,0,0,0,7,65,5,0,0,3,79,2,2,0,0,50.0,1.0,0,0,1,0,1,0,0,0,0,0,0,0,50;32,,,82,0,0,2,2,0,0,1.0,0,0,0,0,0
2024,19,WAS,POST,TB,24,35,268,2,0,1,0,0,0,199,132,14,11.077331459244016,10.298016481101513,0,33,82,0,0,0,5,-4.347105324611389,0,24,32,268,2,0,0,199,132,14,14.359348142672099,0,0,28,1,23,3,6,0,1.0,2.0,2,0,0,0,0,0,0,0,0,0,1,1,0,5,39,4,1,17,2,60,3,3,0,0,52.0,1.0,0,1,1,0,1,0,0,0,0,0,0,0,52;22;37,,,111,0,0,2,2,0,0,1.0,1,1,0,0,37
2024,20,BAL,POST,BUF,18,25,254,2,1,2,-14,1,1,260,85,10,4.56418802212206,8.898711681365967,0,30,176,1,0,0,13,8.80549715377856,0,18,25,254,2,2,1,260,85,10,9.1434200320356,0,0,33,1,33,3,3,0,1.0,1.0,4,0,0,0,0,0,0,0,1,1,0,0,0,5,43,6,1,16,5,134,2,2,0,0,47.0,1.0,0,1,0,1,0,0,0,0,0,0,0,0,26;47,,,73,0,0,1,1,0,0,1.0,0,0,0,0,0
2024,20,BUF,POST,BAL,16,22,127,0,0,1,-1,0,0,135,80,6,-1.7310598662434282,5.5049367603801524,0,36,147,3,0,0,12,4.024154308342425,0,16,21,127,0,0,0,135,80,6,0.8142340607164291,0,0,37,2,28,7,23,3,2.0,14.0,5,1,0,2,0,0,0,0,0,0,2,2,0,1,10,2,0,0,1,25,2,2,0,0,51.0,1.0,0,1,0,0,1,0,0,0,0,0,0,0,51;21,,,72,0,0,3,3,0,0,1.0,0,0,0,0,0
2024,20,DET,POST,WAS,25,43,336,1,4,2,-16,1,1,351,176,19,-7.827356434485409,-5.507969627013571,0,23,201,3,0,0,10,11.58936026464307,0,25,39,336,1,0,0,351,176,19,0.581405780161731,0,0,50,2,18,6,10,1,0.0,0.0,2,0,0,2,0,0,0,0,0,0,0,0,0,5,30,5,0,0,5,114,1,1,0,0,28.0,1.0,0,1,0,0,0,0,0,0,0,0,0,0,28,,,28,0,0,4,4,0,0,1.0,0,0,0,0,0
2024,20,HOU,POST,KC,19,28,245,0,0,8,-58,1,0,270,60,12,0.970950500509085,7.081541951213562,0,29,149,1,0,0,6,5.631521441444988,0,19,28,245,0,0,0,270,60,12,14.240091784566175,0,0,29,1,23,6,42,1,3.0,15.0,8,0,0,3,0,0,1,0,1,1,0,0,0,8,82,4,0,0,3,67,2,4,1,1,48.0,0.5,0,0,1,1,0,0,0,0,0,0,1,0,30;48,55,35,78,55,35,0,1,1,0,0.0,0,0,0,0,0
2024,20,KC,POST,HOU,16,25,177,1,0,3,-15,0,0,149,98,7,-0.5429879332680918,0.32546309133370743,0,22,50,1,1,0,6,2.3719847183674574,0,16,24,177,1,0,0,149,98,7,4.710546209882226,0,0,45,0,24,9,62,1,8.0,58.0,14,0,0,5,0,0,0,10,2,2,0,0,0,4,29,3,1,11,4,131,3,3,0,0,36.0,1.0,0,1,2,0,0,0,0,0,0,0,0,0,32;36;27,,,95,0,0,2,2,0,0,1.0,0,0,0,0,0
2024,20,LA,POST,PHI,26,44,324,2,0,5,-33,1,1,443,87,15,3.7475674107428727,-5.144658075137574,0,21,111,0,2,1,4,-8.475786212781566,0,26,44,324,2,0,0,443,87,15,14.29652524823905,0,0,45,1,23,10,67,1,7.0,63.0,6,0,0,2,0,0,1,0,1,2,0,0,0,3,30,4,2,21,3,66,2,2,0,0,34.0,1.0,0,0,2,0,0,0,0,0,0,0,0,0,30;34,,,64,0,0,2,2,0,0,1.0,0,0,0,0,0
2024,20,PHI,POST,LA,15,20,128,0,0,7,-63,1,0,129,86,6,-4.764904062380083,4.554708898067474,0,34,285,3,0,0,9,9.72836467518429,0,15,20,128,0,0,0,129,86,6,7.1120548519538715,0,0,42,0,18,10,42,2,5.0,33.0,6,0,0,11,0,1,0,0,2,2,2,2,0,3,14,3,3,5,3,93,3,3,0,0,44.0,1.0,0,1,1,1,0,0,0,0,0,0,0,0,44;23;37,,,104,0,0,1,3,2,0,0.3333333333333333,0,0,0,0,0
2024,20,WAS,POST,DET,22,31,299,2,0,0,0,0,0,180,188,13,19.172675308815947,6.231917081208063,0,42,182,3,0,0,12,1.2556689460882042,0,22,29,299,2,1,0,180,188,13,20.956580938000975,0,0,36,1,27,5,23,1,2.0,16.0,7,4,69,5,1,0,0,0,0,0,1,1,0,4,25,3,0,0,0,0,1,2,1,0,47.0,0.5,0,0,0,1,0,0,0,0,0,1,0,0,47,44,,47,44,0,6,6,0,0,1.0,0,0,0,0,0
2024,21,BUF,POST,KC,22,34,237,2,0,2,-10,1,0,299,128,9,7.281316275241579,5.189911059794884,0,32,147,2,3,0,11,3.7058164196643046,0,22,31,237,2,0,0,299,128,9,12.01176162047943,0,0,40,1,23,3,13,0,2.0,12.0,7,0,0,1,0,0,0,0,4,5,1,1,0,6,48,4,1,6,1,28,1,1,0,0,53.0,1.0,0,0,0,0,1,0,0,0,0,0,0,0,53,,,53,0,0,2,2,0,0,1.0,0,0,0,0,0
2024,21,KC,POST,BUF,18,26,245,1,0,2,-12,0,0,193,141,14,17.219217011132944,5.190790414810181,1,35,135,3,1,1,11,-4.106222888280172,0,18,25,245,1,0,0,193,141,14,20.803278534949758,1,0,39,1,27,3,14,3,2.0,10.0,8,0,0,3,0,0,0,0,0,0,0,0,0,5,21,5,1,41,4,107,1,1,0,0,35.0,1.0,0,0,1,0,0,0,0,0,0,0,0,0,35,,,35,0,0,3,3,0,0,1.0,0,0,0,0,0
2024,21,PHI,POST,WAS,20,28,246,1,0,2,-16,0,0,161,146,12,16.010678982195138,15.38473901649316,0,36,229,7,0,0,14,7.140147891055793,0,20,24,246,1,0,0,161,146,12,22.54161868081428,0,0,46,0,28,4,28,3,3.0,27.0,4,1,0,8,0,0,0,0,0,0,3,3,0,5,30,4,1,10,6,151,0,1,1,0,,0.0,0,0,0,0,0,0,0,0,0,0,1,0,,54,,0,54,0,7,7,0,0,1.0,0,0,0,0,0
2024,21,WAS,POST,PHI,30,49,278,1,1,3,-27,0,0,364,119,18,3.993049592645889,-5.136315429464298,1,25,99,1,0,0,4,-1.1502343529718928,0,30,47,278,1,2,2,364,119,18,2.048878924407454,1,0,39,0,28,5,24,0,2.0,16.0,3,0,0,4,0,0,0,0,0,0,0,0,0,9,47,4,0,0,4,98,3,3,0,0,46.0,1.0,0,0,1,2,0,0,0,0,0,0,0,0,34;46;42,,,122,0,0,0,0,0,0,,0,0,0,0,0
2024,22,KC,POST,PHI,21,32,257,3,2,6,-31,1,1,246,90,11,-15.2944857368418,-3.069744724780321,2,11,49,0,0,0,2,-2.119522979366593,0,21,32,257,3,0,0,246,90,11,-2.427382989131379,2,0,46,1,29,10,28,0,2.0,11.0,3,1,0,1,0,0,0,0,1,1,0,0,0,7,75,5,1,5,3,84,0,0,0,0,,,0,0,0,0,0,0,0,0,0,0,0,0,,,,0,0,0,0,0,0,0,,0,0,0,0,0
2024,22,PHI,POST,KC,17,23,221,2,1,2,-11,0,0,197,82,11,11.356944113620557,6.060802806978639,0,45,135,1,0,0,7,-12.039751146323255,0,17,23,221,2,0,0,197,82,11,13.693861088366248,0,0,30,0,18,6,31,1,6.0,31.0,11,2,38,4,1,0,0,0,0,0,1,1,0,8,59,3,3,27,1,25,4,4,0,0,50.0,1.0,0,1,0,2,1,0,0,0,0,0,0,0,48;29;48;50,,,175,0,0,4,4,0,0,1.0,0,0,0,0,0
